quote_id,quote,author,subjects,quote_url,source_page
33098,"Anarchism is founded on the observation that since few men are wise enough to rule themselves, even fewer are wise enough to rule others.",Edward Abbey,,https://www.quotationspage.com/quote/33098.html,https://www.quotationspage.com/quotes/Edward_Abbey/
33113,"No tyranny is so irksome as petty tyranny: the officious demands of policemen, government clerks, and electromechanical gadgets.",Edward Abbey,,https://www.quotationspage.com/quote/33113.html,https://www.quotationspage.com/quotes/Edward_Abbey/
33129,"One man alone can be pretty dumb sometimes, but for real bona fide stupidity, there ain't nothin' can beat teamwork.",Edward Abbey,,https://www.quotationspage.com/quote/33129.html,https://www.quotationspage.com/quotes/Edward_Abbey/
39968,Sentiment without action is the ruin of the soul.,Edward Abbey,,https://www.quotationspage.com/quote/39968.html,https://www.quotationspage.com/quotes/Edward_Abbey/
41688,"Whenever I see a photograph of some sportsman grinning over his kill, I am always impressed by the striking moral and esthetic superiority of the dead animal to the live one.",Edward Abbey,Hunting,https://www.quotationspage.com/quote/41688.html,https://www.quotationspage.com/quotes/Edward_Abbey/
24877,"Abbott: Now, on the St. Louis team we have Who's on first, What's on second, I Don't Know is on third.Costello: That's what I want to find out.",Bud Abbott,,https://www.quotationspage.com/quote/24877.html,https://www.quotationspage.com/quotes/Bud_Abbott/
39726,"If the people who make the decisions are the people who will also bear the consequences of those decisions, perhaps better decisions will result.",John Abrams,,https://www.quotationspage.com/quote/39726.html,https://www.quotationspage.com/quotes/John_Abrams/
38157,The test for whether or not you can hold a job should not be the arrangement of your chromosomes.,Bella Abzug,,https://www.quotationspage.com/quote/38157.html,https://www.quotationspage.com/quotes/Bella_Abzug/
29546,A man whose life has been dishonourable is not entitled to escape disgrace in death.,Lucius Accius,,https://www.quotationspage.com/quote/29546.html,https://www.quotationspage.com/quotes/Lucius_Accius/
29386,Let them hate so long as they fear.(Oderint Dum Metuant),Lucius Accius,,https://www.quotationspage.com/quote/29386.html,https://www.quotationspage.com/quotes/Lucius_Accius/
33772,The thing to remember is that that the future comes one day at a time.,Dean Acheson,The Future,https://www.quotationspage.com/quote/33772.html,https://www.quotationspage.com/quotes/Dean_Acheson/
3986,A memorandum is written not to inform the reader but to protect the writer.,Dean Acheson,,https://www.quotationspage.com/quote/3986.html,https://www.quotationspage.com/quotes/Dean_Acheson/
36752,I don't want to be a passenger in my own life.,Diane Ackerman,,https://www.quotationspage.com/quote/36752.html,https://www.quotationspage.com/quotes/Diane_Ackerman/
1702,Look in the mirror. The face that pins you with its double gaze reveals a chastening secret.,Diane Ackerman,Secrets,https://www.quotationspage.com/quote/1702.html,https://www.quotationspage.com/quotes/Diane_Ackerman/
40768,"Caregiver: that word should weigh more than others on a page, sag it down a bit and wrinkle it, because the simple-sounding job frazzles as it consumes and depletes. Not that it's only gloomy. Caregiving offers many fringe benefits, including the sheer sensory delight of nourishing and grooming, sharing, and playing. There's something uniquely fulfilling about being a lodestar, feeling so deeply needed, and it's fun finding creative ways to gladden a loved one's life. But caregiving does buttonhole you; you're stitched in one place.",Diane Ackerman,Family,https://www.quotationspage.com/quote/40768.html,https://www.quotationspage.com/quotes/Diane_Ackerman/
40762,Couples are jigsaw puzzles that hang together by touching in just enough points. They're never total fits or misfits.,Diane Ackerman,Love,https://www.quotationspage.com/quote/40762.html,https://www.quotationspage.com/quotes/Diane_Ackerman/
40764,"Disassociating, mindfulness, transcendence-whatever the label-it's a sort of loophole in our contract with reality, a form of self-rescue.",Diane Ackerman,,https://www.quotationspage.com/quote/40764.html,https://www.quotationspage.com/quotes/Diane_Ackerman/
40772,It's essential to tailor rehab to what impassions someone. The brain gradually learns by riveting its attention-through endless repetitions.,Diane Ackerman,Brain,https://www.quotationspage.com/quote/40772.html,https://www.quotationspage.com/quotes/Diane_Ackerman/
40765,"Just as big cities can deplete you with their noise and crowds and sheer sensory overload, a hospital can exhaust you, as its changing faces and personalities blur and strangers wake you repeatedly.",Diane Ackerman,,https://www.quotationspage.com/quote/40765.html,https://www.quotationspage.com/quotes/Diane_Ackerman/
40767,"Life is a thing that mutates without warning, not always in enviable ways. All part of the improbable adventure of being alive, of being a brainy biped with giant dreams on a crazy blue planet.",Diane Ackerman,Life,https://www.quotationspage.com/quote/40767.html,https://www.quotationspage.com/quotes/Diane_Ackerman/
40766,"The knowing, I told myself, is only a vapor of the mind, and yet it can wreck havok with one's sanity.",Diane Ackerman,Sanity,https://www.quotationspage.com/quote/40766.html,https://www.quotationspage.com/quotes/Diane_Ackerman/
40763,"Though we marry as adults, we don't marry adults. We marry children who have grown up and still rejoice in being children, especially if we're creative.",Diane Ackerman,Marriage,https://www.quotationspage.com/quote/40763.html,https://www.quotationspage.com/quotes/Diane_Ackerman/
40771,"Tranquillity hides in small spaces, and when found needs to be treasured, because you know it's a phantom that will slip away again.",Diane Ackerman,,https://www.quotationspage.com/quote/40771.html,https://www.quotationspage.com/quotes/Diane_Ackerman/
40769,"Who you are isn't tied solely to what you say, even though it may feel that way to you now.",Diane Ackerman,Philosophy,https://www.quotationspage.com/quote/40769.html,https://www.quotationspage.com/quotes/Diane_Ackerman/
40770,"Words are such small things, like confetti in the brain, and yet they are color and clarify everything, they can stain the mind or warp the feelings.",Diane Ackerman,,https://www.quotationspage.com/quote/40770.html,https://www.quotationspage.com/quotes/Diane_Ackerman/
40761,"Working from home meant we could vary snack and coffee breaks, change our desks or view, goof off, drink on the job, even spend the day in pajamas, and often meet to gossip or share ideas. On the other hand, we bossed ourselves around, set impossible goals, and demanded longer hours than office jobs usually entail. It was the ultimate ""flextime,"" in that it depended on how flexible we felt each day, given deadlines, distractions, and workaholic crescendos.",Diane Ackerman,Work,https://www.quotationspage.com/quote/40761.html,https://www.quotationspage.com/quotes/Diane_Ackerman/
29368,"It is bad to be oppressed by a minority, but it is worse to be oppressed by a majority. For there is a reserve of latent power in the masses which, if it is called into play, the minority can seldom resist. But from the absolute will of an entire people there is no appeal, no redemption, no refuge but treason.",Lord Acton,,https://www.quotationspage.com/quote/29368.html,https://www.quotationspage.com/quotes/Lord_Acton/
2513,Learn as much by writing as by reading.,Lord Acton,"Books, Writing",https://www.quotationspage.com/quote/2513.html,https://www.quotationspage.com/quotes/Lord_Acton/
29348,The man who prefers his country before any other duty shows the same spirit as the man who surrenders every right to the state. They both deny that right is superior to authority.,Lord Acton,,https://www.quotationspage.com/quote/29348.html,https://www.quotationspage.com/quotes/Lord_Acton/
28856,The most certain test by which we judge whether a country is really free is the amount of security enjoyed by minorities.,Lord Acton,Security,https://www.quotationspage.com/quote/28856.html,https://www.quotationspage.com/quotes/Lord_Acton/
41752,The most certain test by which we judge whether a country is really free is the amount of security for the minorities.,Lord Acton,Freedom,https://www.quotationspage.com/quote/41752.html,https://www.quotationspage.com/quotes/Lord_Acton/
27487,Liberty is not a means to a higher political end. It is itself the highest political end.,Lord Acton,Freedom,https://www.quotationspage.com/quote/27487.html,https://www.quotationspage.com/quotes/Lord_Acton/
27321,"Power tends to corrupt, and absolute power corrupts absolutely.",Lord Acton,Power,https://www.quotationspage.com/quote/27321.html,https://www.quotationspage.com/quotes/Lord_Acton/
33381,The danger is not that a particular class is unfit to govern. Every class is unfit to govern.,Lord Acton,,https://www.quotationspage.com/quote/33381.html,https://www.quotationspage.com/quotes/Lord_Acton/
34137,"Arbitrary power is like most other things which are very hard, very liable to be broken.",Abigail Adams,,https://www.quotationspage.com/quote/34137.html,https://www.quotationspage.com/quotes/Abigail_Adams/
36356,Great necessities call forth great leaders.,Abigail Adams,,https://www.quotationspage.com/quote/36356.html,https://www.quotationspage.com/quotes/Abigail_Adams/
34138,Great necessities call out great virtues.,Abigail Adams,,https://www.quotationspage.com/quote/34138.html,https://www.quotationspage.com/quotes/Abigail_Adams/
34136,Learning is not attained by chance. It must be sought for with ardor and attended to with diligence.,Abigail Adams,,https://www.quotationspage.com/quote/34136.html,https://www.quotationspage.com/quotes/Abigail_Adams/
34139,"We have too many high-sounding words, and too few actions that correspond with them.",Abigail Adams,,https://www.quotationspage.com/quote/34139.html,https://www.quotationspage.com/quotes/Abigail_Adams/
3072,"Learning is not attained by chance, it must be sought for with ardor and attended to with diligence.",Abigail Adams,Learning,https://www.quotationspage.com/quote/3072.html,https://www.quotationspage.com/quotes/Abigail_Adams/
1871,"I begin to think, that a calm is not desirable in any situation in life....Man was made for action and for bustle too, I believe.",Abigail Adams,,https://www.quotationspage.com/quote/1871.html,https://www.quotationspage.com/quotes/Abigail_Adams/
1799,"We have too many high sounding words, and too few actions that correspond with them.",Abigail Adams,"Language, Actions",https://www.quotationspage.com/quote/1799.html,https://www.quotationspage.com/quotes/Abigail_Adams/
37037,"'To the complaint, 'There are no people in these photographs,' I respond, 'There are always two people: the photographer and the viewer.'",Ansel Adams,Photography,https://www.quotationspage.com/quote/37037.html,https://www.quotationspage.com/quotes/Ansel_Adams/
34140,I have often thought that if photography were difficult in the true sense of the term -- meaning that the creation of a simple photograph would entail as much time and effort as the production of a good watercolor or etching -- there would be a vast improvement in total output. The sheer ease with which we can produce a superficial image often leads to creative disaster.,Ansel Adams,"Photography, Art",https://www.quotationspage.com/quote/34140.html,https://www.quotationspage.com/quotes/Ansel_Adams/
29335,"No man has the right to dictate what other men should perceive, create or produce, but all should be encouraged to reveal themselves, their perceptions and emotions, and to build confidence in the creative spirit.",Ansel Adams,,https://www.quotationspage.com/quote/29335.html,https://www.quotationspage.com/quotes/Ansel_Adams/
3148,"Learn the art of patience. Apply discipline to your thoughts when they become anxious over the outcome of a goal. Impatience breeds anxiety, fear, discouragement and failure. Patience creates confidence, decisiveness, and a rational outlook, which eventually leads to success.",Brian Adams,Patience,https://www.quotationspage.com/quote/3148.html,https://www.quotationspage.com/quotes/Brian_Adams/
35389,"He attacked everything in life with a mix of extraordinary genius and naive incompetence, and it was often difficult to tell which was which.",Douglas Adams,,https://www.quotationspage.com/quote/35389.html,https://www.quotationspage.com/quotes/Douglas_Adams/
26280,He hoped and prayed that there wasn't an afterlife. Then he realized there was a contradiction involved here and merely hoped that there wasn't an afterlife.,Douglas Adams,,https://www.quotationspage.com/quote/26280.html,https://www.quotationspage.com/quotes/Douglas_Adams/
27541,"Humans are not proud of their ancestors, and rarely invite them round to dinner.",Douglas Adams,,https://www.quotationspage.com/quote/27541.html,https://www.quotationspage.com/quotes/Douglas_Adams/
723,I love deadlines. I like the whooshing sound they make as they fly by.,Douglas Adams,,https://www.quotationspage.com/quote/723.html,https://www.quotationspage.com/quotes/Douglas_Adams/
1435,"I may not have gone where I intended to go, but I think I have ended up where I needed to be.",Douglas Adams,,https://www.quotationspage.com/quote/1435.html,https://www.quotationspage.com/quotes/Douglas_Adams/
721,In the beginning the Universe was created. This has made a lot of people very angry and has been widely regarded as a bad move.,Douglas Adams,,https://www.quotationspage.com/quote/721.html,https://www.quotationspage.com/quotes/Douglas_Adams/
719,"In those days spirits were brave, the stakes were high, men were real men, women were real women and small furry creatures from Alpha Centauri were real small furry creatures from Alpha Centauri.",Douglas Adams,,https://www.quotationspage.com/quote/719.html,https://www.quotationspage.com/quotes/Douglas_Adams/
27542,It is a mistake to think you can solve any major problems just with potatoes.,Douglas Adams,,https://www.quotationspage.com/quote/27542.html,https://www.quotationspage.com/quotes/Douglas_Adams/
33086,It is no coincidence that in no known language does the phrase 'As pretty as an Airport' appear.,Douglas Adams,,https://www.quotationspage.com/quote/33086.html,https://www.quotationspage.com/quotes/Douglas_Adams/
722,"Life... is like a grapefruit. It's orange and squishy, and has a few pips in it, and some folks have half a one for breakfast.",Douglas Adams,,https://www.quotationspage.com/quote/722.html,https://www.quotationspage.com/quotes/Douglas_Adams/
720,The ships hung in the sky in much the same way that bricks don't.,Douglas Adams,,https://www.quotationspage.com/quote/720.html,https://www.quotationspage.com/quotes/Douglas_Adams/
8,"There is a theory which states that if ever anybody discovers exactly what the Universe is for and why it is here, it will instantly disappear and be replaced by something even more bizarre and inexplicable. There is another theory which states that this has already happened.",Douglas Adams,Discovery,https://www.quotationspage.com/quote/8.html,https://www.quotationspage.com/quotes/Douglas_Adams/
717,Time is an illusion. Lunchtime doubly so.,Douglas Adams,Time,https://www.quotationspage.com/quote/717.html,https://www.quotationspage.com/quotes/Douglas_Adams/
700,"You live and learn. At any rate, you live.",Douglas Adams,,https://www.quotationspage.com/quote/700.html,https://www.quotationspage.com/quotes/Douglas_Adams/
26719,"Human beings, who are almost unique in having the ability to learn from the experience of others, are also remarkable for their apparent disinclination to do so.",Douglas Adams,Experience,https://www.quotationspage.com/quote/26719.html,https://www.quotationspage.com/quotes/Douglas_Adams/
26718,"The last time anybody made a list of the top hundred character attributes of New Yorkers, common sense snuck in at number 79.",Douglas Adams,Common Sense,https://www.quotationspage.com/quote/26718.html,https://www.quotationspage.com/quotes/Douglas_Adams/
26231,He felt that his whole life was some kind of dream and he sometimes wondered whose it was and whether they were enjoying it.,Douglas Adams,Dreams,https://www.quotationspage.com/quote/26231.html,https://www.quotationspage.com/quotes/Douglas_Adams/
33023,"Nothing travels faster than the speed of light with the possible exception of bad news, which obeys its own special laws.",Douglas Adams,,https://www.quotationspage.com/quote/33023.html,https://www.quotationspage.com/quotes/Douglas_Adams/
718,"Ah, this is obviously some strange usage of the word 'safe' that I wasn't previously aware of.",Douglas Adams,,https://www.quotationspage.com/quote/718.html,https://www.quotationspage.com/quotes/Douglas_Adams/
27059,The major difference between a thing that might go wrong and a thing that cannot possibly go wrong is that when a thing that cannot possibly go wrong goes wrong it usually turns out to be impossible to get at or repair.,Douglas Adams,,https://www.quotationspage.com/quote/27059.html,https://www.quotationspage.com/quotes/Douglas_Adams/
27540,Anyone who is capable of getting themselves made President should on no account be allowed to do the job.,Douglas Adams,Politicians,https://www.quotationspage.com/quote/27540.html,https://www.quotationspage.com/quotes/Douglas_Adams/21
33085,"Space is big. You just won't believe how vastly, hugely, mind- bogglingly big it is. I mean, you may think it's a long way down the road to the chemist's, but that's just peanuts to space.",Douglas Adams,,https://www.quotationspage.com/quote/33085.html,https://www.quotationspage.com/quotes/Douglas_Adams/21
40622,Anything that is in the world when you’re born is normal and ordinary and is just a natural part of the way the world works. Anything that’s invented between when you’re fifteen and thirty- five is new and exciting and revolutionary and you can probably get a career in it. Anything invented after you’re thirty-five is against the natural order of things.,Douglas Adams,,https://www.quotationspage.com/quote/40622.html,https://www.quotationspage.com/quotes/Douglas_Adams/21
27189,"Even he, to whom most things that most people would think were pretty smart were pretty dumb, thought it was pretty smart.",Douglas Adams,,https://www.quotationspage.com/quote/27189.html,https://www.quotationspage.com/quotes/Douglas_Adams/21
26172,I find that a great part of the information I have was acquired by looking up something and finding something else on the way.,Franklin P. Adams,,https://www.quotationspage.com/quote/26172.html,https://www.quotationspage.com/quotes/Franklin_P._Adams/
38582,Seeing ourselves as others see us would probably confirm our worst suspicions about them.,Franklin P. Adams,,https://www.quotationspage.com/quote/38582.html,https://www.quotationspage.com/quotes/Franklin_P._Adams/
646,There are plenty of good five-cent cigars in the country. The trouble is they cost a quarter. What this country needs is a good five-cent nickel.,Franklin P. Adams,,https://www.quotationspage.com/quote/646.html,https://www.quotationspage.com/quotes/Franklin_P._Adams/
23507,"To err is human; to forgive, infrequent.",Franklin P. Adams,Forgiveness,https://www.quotationspage.com/quote/23507.html,https://www.quotationspage.com/quotes/Franklin_P._Adams/
24878,"When the political columnists say 'Every thinking man' they mean themselves, and when candidates appeal to 'Every intelligent voter' they mean everybody who is going to vote for them.",Franklin P. Adams,Politics,https://www.quotationspage.com/quote/24878.html,https://www.quotationspage.com/quotes/Franklin_P._Adams/
38774,Elections are won by men and women chiefly because most people vote against somebody rather than for somebody.,Franklin P. Adams,,https://www.quotationspage.com/quote/38774.html,https://www.quotationspage.com/quotes/Franklin_P._Adams/
37948,"In this life we get only those things for which we hunt, for which we strive, and for which we are willing to sacrifice.",George Matthew Adams,,https://www.quotationspage.com/quote/37948.html,https://www.quotationspage.com/quotes/George_Matthew_Adams/
8307,"There are high spots in all of our lives and most of them have come about through encouragement from someone else. I don't care how great, how famous or successful a man or woman may be, each hungers for applause.",George Matthew Adams,,https://www.quotationspage.com/quote/8307.html,https://www.quotationspage.com/quotes/George_Matthew_Adams/
11192,"There is no such thing as a 'self-made' man. We are made up of thousands of others. Everyone who has ever done a kind deed for us, or spoken one word of encouragement to us, has entered into the make-up of our character and of our thoughts, as well as our success.",George Matthew Adams,,https://www.quotationspage.com/quote/11192.html,https://www.quotationspage.com/quotes/George_Matthew_Adams/
34203,A friend in power is a friend lost.,Henry Adams,,https://www.quotationspage.com/quote/34203.html,https://www.quotationspage.com/quotes/Henry_Adams/
31286,"Friends are born, not made.",Henry Adams,,https://www.quotationspage.com/quote/31286.html,https://www.quotationspage.com/quotes/Henry_Adams/
38820,"No man likes to have his intelligence or good faith questioned, especially if he has doubts about himself.",Henry Adams,,https://www.quotationspage.com/quote/38820.html,https://www.quotationspage.com/quotes/Henry_Adams/
27735,"No one means all he says, and yet very few say all they mean, for words are slippery and thought is viscous.",Henry Adams,,https://www.quotationspage.com/quote/27735.html,https://www.quotationspage.com/quotes/Henry_Adams/
38837,Nothing in education is so astonishing as the amount of ignorance as it accumulates in the form of inert facts.,Henry Adams,,https://www.quotationspage.com/quote/38837.html,https://www.quotationspage.com/quotes/Henry_Adams/
1271,There is no such thing as an underestimate of average intelligence.,Henry Adams,Intelligence,https://www.quotationspage.com/quote/1271.html,https://www.quotationspage.com/quotes/Henry_Adams/
41423,Practical politics consists in ignoring facts.,Henry Adams,Politics,https://www.quotationspage.com/quote/41423.html,https://www.quotationspage.com/quotes/Henry_Adams/
196,A psychiatrist is a fellow who asks you a lot of expensive questions your wife asks for nothing.,Joey Adams,,https://www.quotationspage.com/quote/196.html,https://www.quotationspage.com/quotes/Joey_Adams/
34444,"But a Constitution of Government once changed from Freedom, can never be restored. Liberty, once lost, is lost forever.",John Adams,,https://www.quotationspage.com/quote/34444.html,https://www.quotationspage.com/quotes/John_Adams/
34466,Children should be educated and instructed in the principles of freedom.,John Adams,,https://www.quotationspage.com/quote/34466.html,https://www.quotationspage.com/quotes/John_Adams/
41625,"Facts are stubborn things; and whatever may be our wishes, our inclinations, or the dictates of our passions, they cannot alter the state of facts and evidence.",John Adams,Laws,https://www.quotationspage.com/quote/41625.html,https://www.quotationspage.com/quotes/John_Adams/
32144,"I always consider the settlement of America with reverence and wonder, as the opening of a grand scene and design in providence, for the illumination of the ignorant and the emancipation of the slavish part of mankind all over the earth.",John Adams,America,https://www.quotationspage.com/quote/32144.html,https://www.quotationspage.com/quotes/John_Adams/
33545,"I must study politics and war that my sons may have liberty to study mathematics and philosophy. My sons ought to study mathematics and philosophy, geography, natural history, naval architecture, navigation, commerce, and agriculture, in order to give their children a right to study painting, poetry, music, architecture, statuary, tapestry, and porcelain.",John Adams,,https://www.quotationspage.com/quote/33545.html,https://www.quotationspage.com/quotes/John_Adams/
30219,"In my many years I have come to a conclusion that one useless man is a shame, two is a law firm, and three or more is a congress.",John Adams,,https://www.quotationspage.com/quote/30219.html,https://www.quotationspage.com/quotes/John_Adams/
25996,No man who ever held the office of president would congratulate a friend on obtaining it.,John Adams,,https://www.quotationspage.com/quote/25996.html,https://www.quotationspage.com/quotes/John_Adams/
29366,"The proposition that the people are the best keepers of their own liberties is not true. They are the worst conceivable, they are no keepers at all; they can neither judge, act, think, or will, as a political body.",John Adams,,https://www.quotationspage.com/quote/29366.html,https://www.quotationspage.com/quotes/John_Adams/
14102,"We have no government armed with power capable of contending with human passions unbridled by morality and religion. Avarice, ambition, revenge or gallantry would break the strongest cords of our Constitution as a whale goes through a net. Our Constitution is designed only for a moral and religious people. It is wholly inadequate for any other.",John Adams,,https://www.quotationspage.com/quote/14102.html,https://www.quotationspage.com/quotes/John_Adams/
3235,"Facts are stubborn things; and whatever may be our wishes, our inclinations, or the dictates of our passion, they cannot alter the state of facts and evidence.",John Adams,Facts,https://www.quotationspage.com/quote/3235.html,https://www.quotationspage.com/quotes/John_Adams/
29694,You will never be alone with a poet in your pocket.,John Adams,,https://www.quotationspage.com/quote/29694.html,https://www.quotationspage.com/quotes/John_Adams/
26813,There is danger from all men. The only maxim of a free government ought to be to trust no man living with power to endanger the public liberty.,John Adams,,https://www.quotationspage.com/quote/26813.html,https://www.quotationspage.com/quotes/John_Adams/
38049,Our obligations to our country never cease but with our lives.,John Adams,Patriotism,https://www.quotationspage.com/quote/38049.html,https://www.quotationspage.com/quotes/John_Adams/
41388,"All the perplexities, confusions, and distress in America arise, not from defects in their constitution or confederation, not from want of honor or virtue, so much as from the downright ignorance of the nature of coin, credit, and circulation.",John Adams,"Money, America",https://www.quotationspage.com/quote/41388.html,https://www.quotationspage.com/quotes/John_Adams/
27459,"Democracy never lasts long. It soon wastes, exhausts and murders itself. There was never a democracy that did not commit suicide.",John Adams,,https://www.quotationspage.com/quote/27459.html,https://www.quotationspage.com/quotes/John_Adams/
32208,All men profess honesty as long as they can. To believe all men honest would be folly. To believe none so is something worse.,John Quincy Adams,,https://www.quotationspage.com/quote/32208.html,https://www.quotationspage.com/quotes/John_Quincy_Adams/
32145,America does not go abroad in search of monsters to destroy. She is the well-wisher to freedom and independence of all. She is the champion and vindicator only of her own.,John Quincy Adams,,https://www.quotationspage.com/quote/32145.html,https://www.quotationspage.com/quotes/John_Quincy_Adams/
1593,"Courage and perseverance have a magical talisman, before which difficulties disappear and obstacles vanish into air.",John Quincy Adams,"Courage, Perseverance",https://www.quotationspage.com/quote/1593.html,https://www.quotationspage.com/quotes/John_Quincy_Adams/
34556,"Duty is ours, results are God's.",John Quincy Adams,Duty,https://www.quotationspage.com/quote/34556.html,https://www.quotationspage.com/quotes/John_Quincy_Adams/
3133,It seems to me that people have vast potential. Most people can do extraordinary things if they have the confidence or take the risks. Yet most people don't. They sit in front of the telly and treat life as if it goes on forever.,Philip Adams,"Confidence, Risk",https://www.quotationspage.com/quote/3133.html,https://www.quotationspage.com/quotes/Philip_Adams/
27543,"If there are no stupid questions, then what kind of questions do stupid people ask? Do they get smart just in time to ask questions?",Scott Adams,Stupidity,https://www.quotationspage.com/quote/27543.html,https://www.quotationspage.com/quotes/Scott_Adams/
38642,"Men live in a fantasy world. I know this because I am one, and I actually receive my mail there.",Scott Adams,Men And Women,https://www.quotationspage.com/quote/38642.html,https://www.quotationspage.com/quotes/Scott_Adams/
41661,"Needing someone is like needing a parachute. If they are not there the first time you need them, chances are you won't be needing them again.",Scott Adams,,https://www.quotationspage.com/quote/41661.html,https://www.quotationspage.com/quotes/Scott_Adams/
26891,Nothing inspires forgiveness quite like revenge.,Scott Adams,Revenge,https://www.quotationspage.com/quote/26891.html,https://www.quotationspage.com/quotes/Scott_Adams/
1440,The creator of the universe works in mysterious ways. But he uses a base ten counting system and likes round numbers.,Scott Adams,,https://www.quotationspage.com/quote/1440.html,https://www.quotationspage.com/quotes/Scott_Adams/
26890,You can never underestimate the stupidity of the general public.,Scott Adams,,https://www.quotationspage.com/quote/26890.html,https://www.quotationspage.com/quotes/Scott_Adams/
2117,Creativity is allowing yourself to make mistakes. Art is knowing which ones to keep.,Scott Adams,"Art, Creativity, Mistakes",https://www.quotationspage.com/quote/2117.html,https://www.quotationspage.com/quotes/Scott_Adams/
40527,The best way to compile inaccurate information that no one wants is to make it up.,Scott Adams,Bureaucracy,https://www.quotationspage.com/quote/40527.html,https://www.quotationspage.com/quotes/Scott_Adams/
40180,"Decisions are made by people who have time, not people who have talent.",Scott Adams,,https://www.quotationspage.com/quote/40180.html,https://www.quotationspage.com/quotes/Scott_Adams/
40540,'Wrong' is one of those concepts that depends on witnesses.,Scott Adams,Morality,https://www.quotationspage.com/quote/40540.html,https://www.quotationspage.com/quotes/Scott_Adams/
35612,"Give a man a fish, and you'll feed him for a day. Teach a man to fish, and he'll buy a funny hat. Talk to a hungry man about fish, and you're a consultant.",Scott Adams,,https://www.quotationspage.com/quote/35612.html,https://www.quotationspage.com/quotes/Scott_Adams/
39090,"The best part about being my age is in knowing how my life worked out. Sure, there's a lot more living to go, but there isn't much doubt that I'll always be the 'Dilbert guy.' Unless I go on a crime spree, in which case I'll be 'that stabbin' Dilbert guy.'",Scott Adams,Age,https://www.quotationspage.com/quote/39090.html,https://www.quotationspage.com/quotes/Scott_Adams/
40027,"Frankly, I’m suspicious of anyone who has a strong opinion on a complicated issue.",Scott Adams,,https://www.quotationspage.com/quote/40027.html,https://www.quotationspage.com/quotes/Scott_Adams/
40105,"Ask a deeply religious Christian if he'd rather live next to a bearded Muslim that may or may not be plotting a terror attack, or an atheist that may or may not show him how to set up a wireless network in his house. On the scale of prejudice, atheists don't seem so bad lately.",Scott Adams,Atheism,https://www.quotationspage.com/quote/40105.html,https://www.quotationspage.com/quotes/Scott_Adams/
40104,You haven’t achieved equality until you’re a legitimate target for humor.,Scott Adams,,https://www.quotationspage.com/quote/40104.html,https://www.quotationspage.com/quotes/Scott_Adams/
32197,"Men want sex. If men ruled the world, they could get sex anywhere, anytime. Restaurants would give you sex instead of breath mints on the way out. Gas stations would give sex with every fill-up. Banks would give sex to anyone who opened a checking account.",Scott Adams,,https://www.quotationspage.com/quote/32197.html,https://www.quotationspage.com/quotes/Scott_Adams/
40082,"Dance like it hurts,Love like you need money,Work when people are watching.",Scott Adams,,https://www.quotationspage.com/quote/40082.html,https://www.quotationspage.com/quotes/Scott_Adams/
36388,He who demands mercy and shows none burns the bridges over which he himself must later pass.,Thomas Adams,,https://www.quotationspage.com/quote/36388.html,https://www.quotationspage.com/quotes/Thomas_Adams/
29849,"Civilization is a method of living, an attitude of equal respect for all men.",Jane Addams,"Civilization, Respect",https://www.quotationspage.com/quote/29849.html,https://www.quotationspage.com/quotes/Jane_Addams/
2157,"A misery is not to be measured from the nature of the evil, but from the temper of the sufferer.",Joseph Addison,Suffering,https://www.quotationspage.com/quote/2157.html,https://www.quotationspage.com/quotes/Joseph_Addison/
26821,"An ostentatious man will rather relate a blunder or an absurdity he has committed, than be debarred from talking of his own dear person.",Joseph Addison,Conceit,https://www.quotationspage.com/quote/26821.html,https://www.quotationspage.com/quotes/Joseph_Addison/
28893,"If men would consider not so much wherein they differ, as wherein they agree, there would be far less of uncharitableness and angry feeling.",Joseph Addison,Agreement,https://www.quotationspage.com/quote/28893.html,https://www.quotationspage.com/quotes/Joseph_Addison/
2961,"If you wish success in life, make perseverance your bosom friend, experience your wise counselor, caution your elder brother and hope your guardian genius.",Joseph Addison,"Success, Perseverance",https://www.quotationspage.com/quote/2961.html,https://www.quotationspage.com/quotes/Joseph_Addison/
10007,"It is folly for an eminent person to think of escaping censure, and a weakness to be affected by it. All the illustrious persons of antiquity, and indeed of every age, have passed through this fiery persecution. There is no defense against reproach but obscurity; it is a kind of concomitant to greatness, as satires and invectives were an essential part of a Roman triumph.",Joseph Addison,,https://www.quotationspage.com/quote/10007.html,https://www.quotationspage.com/quotes/Joseph_Addison/
41991,Nothing that isn't a real crime makes a man appear so contemptible and little in the eyes of the world as inconsistency.,Joseph Addison,,https://www.quotationspage.com/quote/41991.html,https://www.quotationspage.com/quotes/Joseph_Addison/
28749,"Self discipline is that which, next to virtue, truly and essentially raises one man above another.",Joseph Addison,,https://www.quotationspage.com/quote/28749.html,https://www.quotationspage.com/quotes/Joseph_Addison/
31088,"True happiness... arises, in the first place, from the enjoyment of one's self.",Joseph Addison,,https://www.quotationspage.com/quote/31088.html,https://www.quotationspage.com/quotes/Joseph_Addison/
28878,"What an absurd thing it is to pass over all the valuable parts of a man, and fix our attention on his infirmities.",Joseph Addison,,https://www.quotationspage.com/quote/28878.html,https://www.quotationspage.com/quotes/Joseph_Addison/
26902,"How beautiful is death, when earn'd by virtue!Who would not be that youth? What pity is itThat we can die but once to serve our country!",Joseph Addison,Patriotism,https://www.quotationspage.com/quote/26902.html,https://www.quotationspage.com/quotes/Joseph_Addison/
3057,"Content thyself to be obscurely good. When vice prevails, and impious men bear sway, the post of honor is a private station.",Joseph Addison,,https://www.quotationspage.com/quote/3057.html,https://www.quotationspage.com/quotes/Joseph_Addison/
3058,"I value my garden more for being full of blackbirds than of cherries, and very frankly give them fruit for their songs.",Joseph Addison,Birds,https://www.quotationspage.com/quote/3058.html,https://www.quotationspage.com/quotes/Joseph_Addison/
2006,"Exercise ferments the humors, casts them into their proper channels, throws off redundancies, and helps nature in those secret distributions, without which the body cannot subsist in its vigor, nor the soul act with cheerfulness.",Joseph Addison,Exercise,https://www.quotationspage.com/quote/2006.html,https://www.quotationspage.com/quotes/Joseph_Addison/
2036,"True happiness is of a retired nature, and an enemy to pomp and noise; it arises, in the first place, from the enjoyment of one's self, and in the next from the friendship and conversation of a few select companions.",Joseph Addison,"Friendship, Happiness",https://www.quotationspage.com/quote/2036.html,https://www.quotationspage.com/quotes/Joseph_Addison/
2047,Man is distinguished from all other creatures by the faculty of laughter.,Joseph Addison,Laughter,https://www.quotationspage.com/quote/2047.html,https://www.quotationspage.com/quotes/Joseph_Addison/
29795,Arguments out of a pretty mouth are unanswerable.,Joseph Addison,,https://www.quotationspage.com/quote/29795.html,https://www.quotationspage.com/quotes/Joseph_Addison/
235,Anybody can win unless there happens to be a second entry.,George Ade,,https://www.quotationspage.com/quote/235.html,https://www.quotationspage.com/quotes/George_Ade/
26904,"After being Turned Down by numerous Publishers, he had decided to write for Posterity.",George Ade,Writing,https://www.quotationspage.com/quote/26904.html,https://www.quotationspage.com/quotes/George_Ade/
26903,"'Whom are you?' he asked, for he had attended business college.",George Ade,Business,https://www.quotationspage.com/quote/26903.html,https://www.quotationspage.com/quotes/George_Ade/
32453,"In Kyudo philosophy, you don't aim--you become one with the target. Then, in fact, there's nothing to aim at. I find it works well with women, too. Give it a try.",Martin Sage and Sybil Adelman,,https://www.quotationspage.com/quote/32453.html,https://www.quotationspage.com/quotes/Martin_Sage_and_Sybil_Adelman/
32457,"Most of you have been where I am tonight. The crash site of unrequited love. You ask yourself, How did I get here? What was it about? Was it her smile? Was it the way she crossed her legs, the turn of her ankle, the poignant vulnerability of her slender wrists? What are these elusive and ephemeral things that ignite passion in the human heart? That's an age-old question. It's perfect food for thought on a bright midsummer's night.",Martin Sage and Sybil Adelman,,https://www.quotationspage.com/quote/32457.html,https://www.quotationspage.com/quotes/Martin_Sage_and_Sybil_Adelman/
32456,"Obsessions and fixations are not really my field. All I know, when the mind really grabs hold of something, look out.",Martin Sage and Sybil Adelman,,https://www.quotationspage.com/quote/32456.html,https://www.quotationspage.com/quotes/Martin_Sage_and_Sybil_Adelman/
32455,Think about a woman. Doesn't know you're thinking about her. Doesn't care you're thinking about her. Makes you think about her even more.,Martin Sage and Sybil Adelman,Love,https://www.quotationspage.com/quote/32455.html,https://www.quotationspage.com/quotes/Martin_Sage_and_Sybil_Adelman/
724,It is easier to fight for one's principles than to live up to them.,Alfred Adler,,https://www.quotationspage.com/quote/724.html,https://www.quotationspage.com/quotes/Alfred_Adler/
42077,"The purpose of learning is growth, and our minds, unlike our bodies, can continue growing as we live.",Mortimer Adler,,https://www.quotationspage.com/quote/42077.html,https://www.quotationspage.com/quotes/Mortimer_Adler/
2883,"You have to allow a certain amount of time in which you are doing nothing in order to have things occur to you, to let your mind think.",Mortimer Adler,,https://www.quotationspage.com/quote/2883.html,https://www.quotationspage.com/quotes/Mortimer_Adler/
1350,All television is children's television.,Richard P. Adler,Television,https://www.quotationspage.com/quote/1350.html,https://www.quotationspage.com/quotes/Richard_P._Adler/
40058,"He who learns must suffer, and, even in our sleep, pain that cannot forget falls drop by drop upon the heart, and in our own despair, against our will, comes wisdom to us by the awful grace of God.",Aeschylus,,https://www.quotationspage.com/quote/40058.html,https://www.quotationspage.com/quotes/Aeschylus/
28750,"In war, truth is the first casualty.",Aeschylus,,https://www.quotationspage.com/quote/28750.html,https://www.quotationspage.com/quotes/Aeschylus/
29733,"It is a profitable thing, if one is wise, to seem foolish.",Aeschylus,,https://www.quotationspage.com/quote/29733.html,https://www.quotationspage.com/quotes/Aeschylus/
24089,"Death is better, a milder fate than tyranny.",Aeschylus,Death,https://www.quotationspage.com/quote/24089.html,https://www.quotationspage.com/quotes/Aeschylus/
24090,I know how men in exile feed on dreams of hope.,Aeschylus,"Dreams, Hope",https://www.quotationspage.com/quote/24090.html,https://www.quotationspage.com/quotes/Aeschylus/
24087,It is in the character of very few men to honor without envy a friend who has prospered.,Aeschylus,Jealousy,https://www.quotationspage.com/quote/24087.html,https://www.quotationspage.com/quotes/Aeschylus/
24088,Only when man's life comes to its end in prosperity can one call that man happy.,Aeschylus,,https://www.quotationspage.com/quote/24088.html,https://www.quotationspage.com/quotes/Aeschylus/
24084,"For somehow this is tyranny's disease, to trust no friends.",Aeschylus,Trust,https://www.quotationspage.com/quote/24084.html,https://www.quotationspage.com/quotes/Aeschylus/
24086,Time as he grows old teaches all things.,Aeschylus,,https://www.quotationspage.com/quote/24086.html,https://www.quotationspage.com/quotes/Aeschylus/
24085,Words are the physicians of the mind diseased.,Aeschylus,Language,https://www.quotationspage.com/quote/24085.html,https://www.quotationspage.com/quotes/Aeschylus/
24091,Destiny waits alike for the free man as well as for him enslaved by another's might.,Aeschylus,Destiny,https://www.quotationspage.com/quote/24091.html,https://www.quotationspage.com/quotes/Aeschylus/
24092,"His resolve is not to seem, but to be, the best.",Aeschylus,,https://www.quotationspage.com/quote/24092.html,https://www.quotationspage.com/quotes/Aeschylus/
3032,Better be wise by the misfortunes of others than by your own.,Aesop,,https://www.quotationspage.com/quote/3032.html,https://www.quotationspage.com/quotes/Aesop/
28751,In critical moments even the very powerful have need of the weakest.,Aesop,,https://www.quotationspage.com/quote/28751.html,https://www.quotationspage.com/quotes/Aesop/
37584,"Injuries may be forgiven, but not forgotten.",Aesop,,https://www.quotationspage.com/quote/37584.html,https://www.quotationspage.com/quotes/Aesop/
29045,It is easy to be brave from a safe distance.,Aesop,,https://www.quotationspage.com/quote/29045.html,https://www.quotationspage.com/quotes/Aesop/
28882,"It is with our passions, as it is with fire and water, they are good servants but bad masters.",Aesop,Sex,https://www.quotationspage.com/quote/28882.html,https://www.quotationspage.com/quotes/Aesop/
2445,Never trust the advice of a man in difficulties.,Aesop,Advice,https://www.quotationspage.com/quote/2445.html,https://www.quotationspage.com/quotes/Aesop/
28752,Persuasion is often more effectual than force.,Aesop,,https://www.quotationspage.com/quote/28752.html,https://www.quotationspage.com/quotes/Aesop/
26822,The smaller the mind the greater the conceit.,Aesop,Conceit,https://www.quotationspage.com/quote/26822.html,https://www.quotationspage.com/quotes/Aesop/
38045,"United we stand, divided we fall.",Aesop,,https://www.quotationspage.com/quote/38045.html,https://www.quotationspage.com/quotes/Aesop/
725,We hang the petty thieves and appoint the great ones to public office.,Aesop,,https://www.quotationspage.com/quote/725.html,https://www.quotationspage.com/quotes/Aesop/
28753,"What a splendid head, yet no brain.",Aesop,Brain,https://www.quotationspage.com/quote/28753.html,https://www.quotationspage.com/quotes/Aesop/
24027,Put your shoulder to the wheel.,Aesop,,https://www.quotationspage.com/quote/24027.html,https://www.quotationspage.com/quotes/Aesop/
24028,The gods help them that help themselves.,Aesop,,https://www.quotationspage.com/quote/24028.html,https://www.quotationspage.com/quotes/Aesop/
24022,Be content with your lot; one cannot be first in everything.,Aesop,,https://www.quotationspage.com/quote/24022.html,https://www.quotationspage.com/quotes/Aesop/
24021,It is thrifty to prepare today for the wants of tomorrow.,Aesop,,https://www.quotationspage.com/quote/24021.html,https://www.quotationspage.com/quotes/Aesop/
24030,Union gives strength.,Aesop,Strength,https://www.quotationspage.com/quote/24030.html,https://www.quotationspage.com/quotes/Aesop/
24024,Beware lest you lose the substance by grasping at the shadow.,Aesop,,https://www.quotationspage.com/quote/24024.html,https://www.quotationspage.com/quotes/Aesop/
24020,People often grudge others what they cannot enjoy themselves.,Aesop,,https://www.quotationspage.com/quote/24020.html,https://www.quotationspage.com/quotes/Aesop/
24032,The shaft of the arrow had been feathered with one of the eagle's own plumes. We often give our enemies the means of our own destruction.,Aesop,Enemies,https://www.quotationspage.com/quote/24032.html,https://www.quotationspage.com/quotes/Aesop/
24013,I am sure the grapes are sour.,Aesop,,https://www.quotationspage.com/quote/24013.html,https://www.quotationspage.com/quotes/Aesop/
24016,Familiarity breed contempt.,Aesop,,https://www.quotationspage.com/quote/24016.html,https://www.quotationspage.com/quotes/Aesop/21
24019,Self-conceit may lead to self-destruction.,Aesop,Conceit,https://www.quotationspage.com/quote/24019.html,https://www.quotationspage.com/quotes/Aesop/21
24026,"Thinking to get at once all the gold the goose could give, he killed it and opened it only to find - nothing.",Aesop,,https://www.quotationspage.com/quote/24026.html,https://www.quotationspage.com/quotes/Aesop/21
24015,Slow and steady wins the race.,Aesop,,https://www.quotationspage.com/quote/24015.html,https://www.quotationspage.com/quotes/Aesop/21
24018,It is not only fine feathers that make fine birds.,Aesop,Birds,https://www.quotationspage.com/quote/24018.html,https://www.quotationspage.com/quotes/Aesop/21
24014,"No act of kindness, no matter how small, is ever wasted.",Aesop,Kindness,https://www.quotationspage.com/quote/24014.html,https://www.quotationspage.com/quotes/Aesop/21
24031,"While I see many hoof marks going in, I see none coming out. It is easier to get into the enemy's toils than out again.",Aesop,,https://www.quotationspage.com/quote/24031.html,https://www.quotationspage.com/quotes/Aesop/21
24025,I will have nought to do with a man who can blow hot and cold with the same breath.,Aesop,,https://www.quotationspage.com/quote/24025.html,https://www.quotationspage.com/quotes/Aesop/21
24012,Do not count your chickens before they are hatched.,Aesop,,https://www.quotationspage.com/quote/24012.html,https://www.quotationspage.com/quotes/Aesop/21
24029,We would often be sorry if our wishes were gratified.,Aesop,Wishes,https://www.quotationspage.com/quote/24029.html,https://www.quotationspage.com/quotes/Aesop/21
24017,A crust eaten in peace is better than a banquet partaken in anxiety.,Aesop,,https://www.quotationspage.com/quote/24017.html,https://www.quotationspage.com/quotes/Aesop/21
24023,Any excuse will serve a tyrant.,Aesop,,https://www.quotationspage.com/quote/24023.html,https://www.quotationspage.com/quotes/Aesop/21
24011,Appearances often are deceiving.,Aesop,,https://www.quotationspage.com/quote/24011.html,https://www.quotationspage.com/quotes/Aesop/21
28754,The wise man will love; all others will desire.,Afranius,Desire,https://www.quotationspage.com/quote/28754.html,https://www.quotationspage.com/quotes/Afranius/
42208,Man tends to treat all opinions as principles.,Herbert Agar,,https://www.quotationspage.com/quote/42208.html,https://www.quotationspage.com/quotes/Herbert_Agar/
26808,The truth that makes men free is for the most part the truth which men prefer not to hear.,Herbert Agar,Truth,https://www.quotationspage.com/quote/26808.html,https://www.quotationspage.com/quotes/Herbert_Agar/
25822,"What makes something special is not just what you have to gain, but what you feel there is to lose.",Andre Agassi,,https://www.quotationspage.com/quote/25822.html,https://www.quotationspage.com/quotes/Andre_Agassi/
1696,Even God cannot change the past.,Agathon,,https://www.quotationspage.com/quote/1696.html,https://www.quotationspage.com/quotes/Agathon/
24195,This only is denied to God: the power to undo the past.,Agathon,"God, The Past",https://www.quotationspage.com/quote/24195.html,https://www.quotationspage.com/quotes/Agathon/
37282,"In every child who is born under no matter what circumstances and of no matter what parents, the potentiality of the human race is born again, and in him, too, once more, and each of us, our terrific responsibility toward human life: toward the utmost idea of goodness, of the horror of terrorism, and of God.",James Agee,Responsibility,https://www.quotationspage.com/quote/37282.html,https://www.quotationspage.com/quotes/James_Agee/
28755,"Courage is of no value unless accompanied by justice; yet if all men became just, there would be no need for courage.",Agesilaus the Second,Justice,https://www.quotationspage.com/quote/28755.html,https://www.quotationspage.com/quotes/Agesilaus_the_Second/
33530,The greatest thing you'll ever learn is just to love and be loved in return.,Eden Ahbez,,https://www.quotationspage.com/quote/33530.html,https://www.quotationspage.com/quotes/Eden_Ahbez/
30112,"If we were to wake up some morning and find that everyone was the same race, creed and color, we would find some other cause for prejudice by noon.",George Aiken,Prejudice,https://www.quotationspage.com/quote/30112.html,https://www.quotationspage.com/quotes/George_Aiken/
27706,"Don't worry about people stealing an idea. If it's original, you will have to ram it down their throats.",Howard Aiken,"Ideas, Plagiarism",https://www.quotationspage.com/quote/27706.html,https://www.quotationspage.com/quotes/Howard_Aiken/
33499,You can only perceive real beauty in a person as they get older.,Anouk Aimee,Age,https://www.quotationspage.com/quote/33499.html,https://www.quotationspage.com/quotes/Anouk_Aimee/
40833,At least one study of blocked writers has found that they were more productive and more creative when they were essentially forced to write instead of scribbling only when the mood struck them.,Daniel Akst,Work,https://www.quotationspage.com/quote/40833.html,https://www.quotationspage.com/quotes/Daniel_Akst/
40839,"Be systematically heroic in little unnecessary points, do every day or two something for no other reason than its difficulty, so that, when the hour of need draws nigh, it may find you not unnerved or untrained to stand the test.",Daniel Akst,Ability,https://www.quotationspage.com/quote/40839.html,https://www.quotationspage.com/quotes/Daniel_Akst/
40827,"Besides, what matters, when it comes to self-control, isn't so much willpower as vision-the ability to see the future, so that the long-run consequences of our short-run choices are vividly clear. In that sense, our shortcomings in this arena are really failures of imagination.",Daniel Akst,,https://www.quotationspage.com/quote/40827.html,https://www.quotationspage.com/quotes/Daniel_Akst/
40835,"Exercising self-restraint can be depleting, yet it can also be ennobling.",Daniel Akst,,https://www.quotationspage.com/quote/40835.html,https://www.quotationspage.com/quotes/Daniel_Akst/
40828,"In matters of self-control as we shall see again and again, speed kills. But a little friction really can save lives.",Daniel Akst,Life,https://www.quotationspage.com/quote/40828.html,https://www.quotationspage.com/quotes/Daniel_Akst/
40834,"In the modern world, self-control buys a good life indeed. Having self-control to spare is rare enough nowadays that the marketplace lavishes huge rewards on society's scary new self-control elite, those lords of discipline who not only withstood all that boring stuff in graduate school, but keep themselves thin by carefully regulating what they eat after flogging themselves off to the gym at the crack of dawn. It's as if they got the news ahead of the rest of us-no doubt by waking up earlier-that self-control may well be the most important trait of the twenty-first century.",Daniel Akst,Tolerance,https://www.quotationspage.com/quote/40834.html,https://www.quotationspage.com/quotes/Daniel_Akst/
40830,"Maybe it would be better to acknowledge, like the Greeks, that a lot of behavior we call addiction is really a love of pleasure that carries the force of habit. We become addicted mostly because of the central issue in all self-control problems, which is the disproportionate value we place on short-term rewards.",Daniel Akst,Wealth,https://www.quotationspage.com/quote/40830.html,https://www.quotationspage.com/quotes/Daniel_Akst/
40831,"Our choices add up; each one influences others, and cumulatively a series of delightful short-term choices can leave us much worse off in the long run.",Daniel Akst,Decisions,https://www.quotationspage.com/quote/40831.html,https://www.quotationspage.com/quotes/Daniel_Akst/
40844,"Self-regulation will always be a challenge, but if somebody's going to be in charge, it might as well be me.",Daniel Akst,Leadership,https://www.quotationspage.com/quote/40844.html,https://www.quotationspage.com/quotes/Daniel_Akst/
40829,"What mattered was not what happens to you, but how you handle it. Self-command is required to overcome the dangerous misinformation of our emotions, and because for the most part the self is the only thing that we can command. We have no control, ultimately, over what people do or think. What we can influence is our understanding of these circumstances and how we respond to them.",Daniel Akst,Mankind,https://www.quotationspage.com/quote/40829.html,https://www.quotationspage.com/quotes/Daniel_Akst/
40826,"What self-control doesn't mean is mindless self-sacrifice or knee-jerk self-denial. On the contrary, it represents an affirmation of self, for it requires not the negation of instinct but its integration into a more complete form of character-one that takes account of more than just immediate pleasures and pains. The self-control I'm talking about means acting in keeping with your highest level of reflection.",Daniel Akst,,https://www.quotationspage.com/quote/40826.html,https://www.quotationspage.com/quotes/Daniel_Akst/
40841,"When we exercise self-control on a given occasion, we win for ourselves a little credibility we can rely on the next time around. Pretty soon we develop a reputation to ourselves that we want badly to uphold. With each test that we meet, our resolve gains momentum, fueled by the fear that we may succumb and establish a damaging precedent for our own weakness.",Daniel Akst,Life,https://www.quotationspage.com/quote/40841.html,https://www.quotationspage.com/quotes/Daniel_Akst/
40843,"While we don't have much say over the desires that we have, we certainly can decide which we prefer-and then search for ways to act on that basis.",Daniel Akst,Desire,https://www.quotationspage.com/quote/40843.html,https://www.quotationspage.com/quotes/Daniel_Akst/
36514,"Living in L.A., everyone likes to mold you and change you. I don't care about fame, I don't care about being a celebrity. I know that's part of the job, but I don't feed into anyone's idea of who I should be.",Jessica Alba,"Fame, Celebrities",https://www.quotationspage.com/quote/36514.html,https://www.quotationspage.com/quotes/Jessica_Alba/
36515,My theory is that if you look confident you can pull off anything - even if you have no clue what you're doing.,Jessica Alba,,https://www.quotationspage.com/quote/36515.html,https://www.quotationspage.com/quotes/Jessica_Alba/
40956,"If you're willing to fail interestingly, you tend to succeed interestingly.",Edward Albee,Failure,https://www.quotationspage.com/quote/40956.html,https://www.quotationspage.com/quotes/Edward_Albee/
29382,The angry man always thinks he can do more than he can.,Albertano of Brescia,,https://www.quotationspage.com/quote/29382.html,https://www.quotationspage.com/quotes/Albertano_of_Brescia/
1629,A man can do all things if he but wills them.,Leon Battista Alberti,,https://www.quotationspage.com/quote/1629.html,https://www.quotationspage.com/quotes/Leon_Battista_Alberti/
40069,It was never shameful to learn from any teacher things that are useful to know.,Leon Battista Alberti,,https://www.quotationspage.com/quote/40069.html,https://www.quotationspage.com/quotes/Leon_Battista_Alberti/
2274,Secret thoughts and open countenance will go safely over the whole world.,Scipione Alberti,Secrets,https://www.quotationspage.com/quote/2274.html,https://www.quotationspage.com/quotes/Scipione_Alberti/
39721,"The most important thing in life is to learn how to give out love, and to let it come in.",Mitch Albom,,https://www.quotationspage.com/quote/39721.html,https://www.quotationspage.com/quotes/Mitch_Albom/
33136,"And in that line now was a whiskered old man, with a linen cap and a crooked nose, who waited in a place called the Stardust Band Shell to share his part of the secret of heaven: that each affects the other and the other affects the next, and the world is full of stories, but the stories are all one.",Mitch Albom,,https://www.quotationspage.com/quote/33136.html,https://www.quotationspage.com/quotes/Mitch_Albom/
34696,"Holding anger is a poison. It eats you from the inside. We think that hating is a weapon that attacks the person who harmed us. But hatred is a curved blade. And the harm we do, we do to ourselves.",Mitch Albom,,https://www.quotationspage.com/quote/34696.html,https://www.quotationspage.com/quotes/Mitch_Albom/
33137,"Life has to end, love doesn't.",Mitch Albom,,https://www.quotationspage.com/quote/33137.html,https://www.quotationspage.com/quotes/Mitch_Albom/
34695,"Sometimes when you sacrifice something precious, you're not really losing it. You're just passing it on to someone else.",Mitch Albom,,https://www.quotationspage.com/quote/34695.html,https://www.quotationspage.com/quotes/Mitch_Albom/
34694,Strangers are just family you have yet to come to know.,Mitch Albom,,https://www.quotationspage.com/quote/34694.html,https://www.quotationspage.com/quotes/Mitch_Albom/
33855,But all endings are also beginnings. We just don't know it at the time.,Mitch Albom,,https://www.quotationspage.com/quote/33855.html,https://www.quotationspage.com/quotes/Mitch_Albom/
29841,"A positive attitude may not solve all your problems, but it will annoy enough people to make it worth the effort.",Herm Albright,Attitude,https://www.quotationspage.com/quote/29841.html,https://www.quotationspage.com/quotes/Herm_Albright/
31151,"I don't want to sound Pollyannaish, but I hope that out of a tragedy like this something good will come. I hope we understand we're one family.",Madeleine Albright,,https://www.quotationspage.com/quote/31151.html,https://www.quotationspage.com/quotes/Madeleine_Albright/
29887,Devotees of grammatical studies have not been distinguished for any very remarkable felicities of expression.,Amos Bronson Alcott,,https://www.quotationspage.com/quote/29887.html,https://www.quotationspage.com/quotes/Amos_Bronson_Alcott/
29058,The true teacher defends his pupils against his own personal influence.,Amos Bronson Alcott,Teaching,https://www.quotationspage.com/quote/29058.html,https://www.quotationspage.com/quotes/Amos_Bronson_Alcott/
42115,To be ignorant of one's ignorance is the malady of the ignorant,Amos Bronson Alcott,,https://www.quotationspage.com/quote/42115.html,https://www.quotationspage.com/quotes/Amos_Bronson_Alcott/
26768,One must be a wise reader to quote wisely and well.,Amos Bronson Alcott,,https://www.quotationspage.com/quote/26768.html,https://www.quotationspage.com/quotes/Amos_Bronson_Alcott/
29850,Civilization degrades the many to exalt the few.,Amos Bronson Alcott,Civilization,https://www.quotationspage.com/quote/29850.html,https://www.quotationspage.com/quotes/Amos_Bronson_Alcott/
31048,"I am not afraid of storms, for I am learning how to sail my ship.",Louisa May Alcott,,https://www.quotationspage.com/quote/31048.html,https://www.quotationspage.com/quotes/Louisa_May_Alcott/
29387,"And those people should not be listened to who keep saying the voice of the people is the voice of God, since the riotousness of the crowd is always very close to madness.(Nec audiendi qui solent dicere, Vox populi, vox Dei, quum tumultuositas vulgi semper insaniae proxima sit.)",Alcuin,,https://www.quotationspage.com/quote/29387.html,https://www.quotationspage.com/quotes/Alcuin/
35543,Loneliness is everything it's cracked up to be.,Alan Alda,,https://www.quotationspage.com/quote/35543.html,https://www.quotationspage.com/quotes/Alan_Alda/
31246,The creative is the place where no one else has ever been. You have to leave the city of your comfort and go into the wilderness of your intuition. What you'll discover will be wonderful. What you'll discover will be yourself.,Alan Alda,,https://www.quotationspage.com/quote/31246.html,https://www.quotationspage.com/quotes/Alan_Alda/
35105,"Jean Paul Sartre says in ""No Exit"" that hell is other people. Well, our task in life is to make it heaven. Or at least earth.",Alan Alda,,https://www.quotationspage.com/quote/35105.html,https://www.quotationspage.com/quotes/Alan_Alda/
1819,"Her grandmother, as she gets older, is not fading but rather becoming more concentrated.",Paulette Bates Alden,,https://www.quotationspage.com/quote/1819.html,https://www.quotationspage.com/quotes/Paulette_Bates_Alden/
679,Tradition is what you resort to when you don't have the time or the money to do it right.,Kurt Herbert Alder,Tradition,https://www.quotationspage.com/quote/679.html,https://www.quotationspage.com/quotes/Kurt_Herbert_Alder/
33506,"To keep the heart unwrinkled, to be hopeful, kindly, cheerful, reverent - that is to triumph over old age.",Thomas Bailey Aldrich,Age,https://www.quotationspage.com/quote/33506.html,https://www.quotationspage.com/quotes/Thomas_Bailey_Aldrich/
33013,I believe that every human has a finite number of heart-beats. I don't intend to waste any of mine running around doing exercises.,Buzz Aldrin,Exercise,https://www.quotationspage.com/quote/33013.html,https://www.quotationspage.com/quotes/Buzz_Aldrin/
28954,"Nature never makes any blunders, when she makes a fool she means it.",Archibald Alexander,,https://www.quotationspage.com/quote/28954.html,https://www.quotationspage.com/quotes/Archibald_Alexander/
37796,"Detail makes the difference between boring and terrific writing. Itâ€™s the difference between a pencil sketch and a lush oil painting. As a writer, words are your paint. Use all the colors.",Rhys Alexander,Writing,https://www.quotationspage.com/quote/37796.html,https://www.quotationspage.com/quotes/Rhys_Alexander/
27645,The sad truth is that excellence makes people nervous.,Shana Alexander,Excellence,https://www.quotationspage.com/quote/27645.html,https://www.quotationspage.com/quotes/Shana_Alexander/
31129,"We strain to renew our capacity for wonder, to shock ourselves into astonishment once again.",Shana Alexander,,https://www.quotationspage.com/quote/31129.html,https://www.quotationspage.com/quotes/Shana_Alexander/
24879,Never play cards with a man called Doc. Never eat at a place called Mom's. Never sleep with a woman whose troubles are worse than your own.,Nelson Algren,,https://www.quotationspage.com/quote/24879.html,https://www.quotationspage.com/quotes/Nelson_Algren/
413,My toughest fight was with my first wife.,Muhammad Ali,Marriage,https://www.quotationspage.com/quote/413.html,https://www.quotationspage.com/quotes/Muhammad_Ali/
665,There are more pleasant things to do than beat up people.,Muhammad Ali,Violence,https://www.quotationspage.com/quote/665.html,https://www.quotationspage.com/quotes/Muhammad_Ali/
25917,Silence is golden when you can't think of a good answer.,Muhammad Ali,Silence,https://www.quotationspage.com/quote/25917.html,https://www.quotationspage.com/quotes/Muhammad_Ali/
24880,"Float like a butterfly, sting like a bee.",Muhammad Ali,,https://www.quotationspage.com/quote/24880.html,https://www.quotationspage.com/quotes/Muhammad_Ali/
29180,"O human race born to fly upward, wherefore at a little wind dost thou fall.",Dante Alighieri,,https://www.quotationspage.com/quote/29180.html,https://www.quotationspage.com/quotes/Dante_Alighieri/
30585,The darkest places in hell are reserved for those who maintain their neutrality in times of moral crisis.,Dante Alighieri,,https://www.quotationspage.com/quote/30585.html,https://www.quotationspage.com/quotes/Dante_Alighieri/
41563,The hottest places in Hell are reserved for those who in time of great moral crisis maintain their neutrality.,Dante Alighieri,,https://www.quotationspage.com/quote/41563.html,https://www.quotationspage.com/quotes/Dante_Alighieri/
42083,"There is no greater sorrow than to recall, in misery, the time when we were happy.",Dante Alighieri,,https://www.quotationspage.com/quote/42083.html,https://www.quotationspage.com/quotes/Dante_Alighieri/
42224,"There is no greater sorrow than to recall, in misery, the time win we were happy.",Dante Alighieri,,https://www.quotationspage.com/quote/42224.html,https://www.quotationspage.com/quotes/Dante_Alighieri/
24495,A fair request should be followed by the deed in silence.,Dante Alighieri,Silence,https://www.quotationspage.com/quote/24495.html,https://www.quotationspage.com/quotes/Dante_Alighieri/
24498,A great flame follows a little spark.,Dante Alighieri,,https://www.quotationspage.com/quote/24498.html,https://www.quotationspage.com/quotes/Dante_Alighieri/
24492,"All hope abandon, ye who enter here!",Dante Alighieri,,https://www.quotationspage.com/quote/24492.html,https://www.quotationspage.com/quotes/Dante_Alighieri/
30052,"Avarice, envy, pride,Three fatal sparks, have set the hearts of allOn Fire.",Dante Alighieri,,https://www.quotationspage.com/quote/30052.html,https://www.quotationspage.com/quotes/Dante_Alighieri/
24496,"Consider your origin; you were not born to live like brutes, but to follow virtue and knowledge.",Dante Alighieri,Knowledge,https://www.quotationspage.com/quote/24496.html,https://www.quotationspage.com/quotes/Dante_Alighieri/
24494,He listens well who takes notes.,Dante Alighieri,,https://www.quotationspage.com/quote/24494.html,https://www.quotationspage.com/quotes/Dante_Alighieri/
24497,"If the present world go astray, the cause is in you, in you it is to be sought.",Dante Alighieri,,https://www.quotationspage.com/quote/24497.html,https://www.quotationspage.com/quotes/Dante_Alighieri/
24491,In the middle of the journey of our life I came to myself within a dark wood where the straight way was lost.,Dante Alighieri,,https://www.quotationspage.com/quote/24491.html,https://www.quotationspage.com/quotes/Dante_Alighieri/
24499,The experience of this sweet life.L'esperienza de questa dolce vita.,Dante Alighieri,,https://www.quotationspage.com/quote/24499.html,https://www.quotationspage.com/quotes/Dante_Alighieri/
24493,There is no greater sorrowThan to be mindful of the happy timeIn misery.,Dante Alighieri,,https://www.quotationspage.com/quote/24493.html,https://www.quotationspage.com/quotes/Dante_Alighieri/
1203,"A celebrity is a person who works hard all his life to become well known, then wears dark glasses to avoid being recognized.",Fred Allen,Celebrities,https://www.quotationspage.com/quote/1203.html,https://www.quotationspage.com/quotes/Fred_Allen/
1217,"A conference is a gathering of important people who singly can do nothing, but together can decide that nothing can be done.",Fred Allen,,https://www.quotationspage.com/quote/1217.html,https://www.quotationspage.com/quotes/Fred_Allen/
43,California is a fine place to live--if you happen to be an orange.,Fred Allen,,https://www.quotationspage.com/quote/43.html,https://www.quotationspage.com/quotes/Fred_Allen/
45,Committee--a group of men who individually can do nothing but as a group decide that nothing can be done.,Fred Allen,Committees,https://www.quotationspage.com/quote/45.html,https://www.quotationspage.com/quotes/Fred_Allen/
26169,Hanging is too good for a man who makes puns; he should be drawn and quoted.,Fred Allen,,https://www.quotationspage.com/quote/26169.html,https://www.quotationspage.com/quotes/Fred_Allen/
44,Hollywood is a place where people from Iowa mistake each other for stars.,Fred Allen,Hollywood,https://www.quotationspage.com/quote/44.html,https://www.quotationspage.com/quotes/Fred_Allen/
27685,I can't understand why a person will take a year to write a novel when he can easily buy one for a few dollars.,Fred Allen,,https://www.quotationspage.com/quote/27685.html,https://www.quotationspage.com/quotes/Fred_Allen/
23598,Imitation is the sincerest form of television.,Fred Allen,Television,https://www.quotationspage.com/quote/23598.html,https://www.quotationspage.com/quotes/Fred_Allen/
640,"What's on your mind, if you will allow the overstatement?",Fred Allen,,https://www.quotationspage.com/quote/640.html,https://www.quotationspage.com/quotes/Fred_Allen/
23722,"You can take all the sincerity in Hollywood, place it in the navel of a firefly and still have room enough for three caraway seeds and a producer's heart.",Fred Allen,Hollywood,https://www.quotationspage.com/quote/23722.html,https://www.quotationspage.com/quotes/Fred_Allen/
1715,[Television is] the triumph of machine over people.,Fred Allen,Television,https://www.quotationspage.com/quote/1715.html,https://www.quotationspage.com/quotes/Fred_Allen/
23622,I have just returned from Boston. It is the only sane thing to do if you find yourself up there.,Fred Allen,,https://www.quotationspage.com/quote/23622.html,https://www.quotationspage.com/quotes/Fred_Allen/
452,Television is a new medium. It's called a medium because nothing is well-done.,Fred Allen,Television,https://www.quotationspage.com/quote/452.html,https://www.quotationspage.com/quotes/Fred_Allen/
23510,When I was born I was so surprised I didn't talk for a year and a half.,Gracie Allen,Birth,https://www.quotationspage.com/quote/23510.html,https://www.quotationspage.com/quotes/Gracie_Allen/
726,It is better for civilization to be going down the drain than to be coming up it.,Henry Allen,Civilization,https://www.quotationspage.com/quote/726.html,https://www.quotationspage.com/quotes/Henry_Allen/
25868,You are today where your thoughts have brought you; you will be tomorrow where your thoughts take you.,James Lane Allen,Thoughts,https://www.quotationspage.com/quote/25868.html,https://www.quotationspage.com/quotes/James_Lane_Allen/
39048,"One would think that if you're anonymous, you'd do anything you want, but groups have their own sense of community and what we can do.",John Allen,Computers,https://www.quotationspage.com/quote/39048.html,https://www.quotationspage.com/quotes/John_Allen/
39049,The thing that I'm always left with is this overwhelming desire for people to be rooted and the only way that they feel rooted is through another person.,John Allen,,https://www.quotationspage.com/quote/39049.html,https://www.quotationspage.com/quotes/John_Allen/
34362,Many an optimist has become rich by buying out a pessimist.,Robert G. Allen,Optimism,https://www.quotationspage.com/quote/34362.html,https://www.quotationspage.com/quotes/Robert_G._Allen/
26913,"In case you're worried about what's going to become of the younger generation, it's going to grow up and start worrying about the younger generation.",Roger Allen,"Age, Youth",https://www.quotationspage.com/quote/26913.html,https://www.quotationspage.com/quotes/Roger_Allen/
1142,"As the poet said, 'Only God can make a tree' -- probably because it's so hard to figure out how to get the bark on.",Woody Allen,Trees,https://www.quotationspage.com/quote/1142.html,https://www.quotationspage.com/quotes/Woody_Allen/
1903,Eighty percent of success is showing up.,Woody Allen,Success,https://www.quotationspage.com/quote/1903.html,https://www.quotationspage.com/quotes/Woody_Allen/
715,Eternal nothingness is fine if you happen to be dressed for it.,Woody Allen,,https://www.quotationspage.com/quote/715.html,https://www.quotationspage.com/quotes/Woody_Allen/
1356,His lack of education is more than compensated for by his keenly developed moral bankruptcy.,Woody Allen,,https://www.quotationspage.com/quote/1356.html,https://www.quotationspage.com/quotes/Woody_Allen/
300,How can I believe in God when just last week I got my tongue caught in the roller of an electric typewriter?,Woody Allen,Atheism,https://www.quotationspage.com/quote/300.html,https://www.quotationspage.com/quotes/Woody_Allen/
1049,"How is it possible to find meaning in a finite world, given my waist and shirt size?",Woody Allen,,https://www.quotationspage.com/quote/1049.html,https://www.quotationspage.com/quotes/Woody_Allen/
15,I am at two with nature.,Woody Allen,,https://www.quotationspage.com/quote/15.html,https://www.quotationspage.com/quotes/Woody_Allen/
26874,I can't listen to that much Wagner. I start getting the urge to conquer Poland.,Woody Allen,Music,https://www.quotationspage.com/quote/26874.html,https://www.quotationspage.com/quotes/Woody_Allen/
52,I don't want to achieve immortality through my work... I want to achieve it through not dying.,Woody Allen,"Death, Immortality",https://www.quotationspage.com/quote/52.html,https://www.quotationspage.com/quotes/Woody_Allen/
585,I tended to place my wife under a pedestal.,Woody Allen,Marriage,https://www.quotationspage.com/quote/585.html,https://www.quotationspage.com/quotes/Woody_Allen/
36,I took a speed reading course and read 'War and Peace' in twenty minutes. It involves Russia.,Woody Allen,,https://www.quotationspage.com/quote/36.html,https://www.quotationspage.com/quotes/Woody_Allen/
342,I was thrown out of college for cheating on the metaphysics exam; I looked into the soul of the boy sitting next to me.,Woody Allen,,https://www.quotationspage.com/quote/342.html,https://www.quotationspage.com/quotes/Woody_Allen/
568,I'm astounded by people who want to 'know' the universe when it's hard enough to find your way around Chinatown.,Woody Allen,,https://www.quotationspage.com/quote/568.html,https://www.quotationspage.com/quotes/Woody_Allen/
46,"If it turns out that there is a God, I don't think that he's evil. But the worst that you can say about him is that basically he's an underachiever.",Woody Allen,Atheism,https://www.quotationspage.com/quote/46.html,https://www.quotationspage.com/quotes/Woody_Allen/
40,If only God would give me some clear sign! Like making a large deposit in my name in a Swiss bank.,Woody Allen,God,https://www.quotationspage.com/quote/40.html,https://www.quotationspage.com/quotes/Woody_Allen/
1163,"Interestingly, according to modern astronomers, space is finite. This is a very comforting thought-- particularly for people who can never remember where they have left things.",Woody Allen,,https://www.quotationspage.com/quote/1163.html,https://www.quotationspage.com/quotes/Woody_Allen/
373,It is impossible to experience one's death objectively and still carry a tune.,Woody Allen,Death,https://www.quotationspage.com/quote/373.html,https://www.quotationspage.com/quotes/Woody_Allen/
374,"It is impossible to travel faster than the speed of light, and certainly not desirable, as one's hat keeps blowing off.",Woody Allen,,https://www.quotationspage.com/quote/374.html,https://www.quotationspage.com/quotes/Woody_Allen/
381,It seemed the world was divided into good and bad people. The good ones slept better... while the bad ones seemed to enjoy the waking hours much more.,Woody Allen,,https://www.quotationspage.com/quote/381.html,https://www.quotationspage.com/quotes/Woody_Allen/
402,Life is divided into the horrible and the miserable.,Woody Allen,Life,https://www.quotationspage.com/quote/402.html,https://www.quotationspage.com/quotes/Woody_Allen/
1045,"Life is full of misery, loneliness, and suffering - and it's all over much too soon.",Woody Allen,Life,https://www.quotationspage.com/quote/1045.html,https://www.quotationspage.com/quotes/Woody_Allen/21
50,"Money is better than poverty, if only for financial reasons.",Woody Allen,Money,https://www.quotationspage.com/quote/50.html,https://www.quotationspage.com/quotes/Woody_Allen/21
1249,Most of the time I don't have much fun. The rest of the time I don't have any fun at all.,Woody Allen,,https://www.quotationspage.com/quote/1249.html,https://www.quotationspage.com/quotes/Woody_Allen/21
38645,My education was dismal. I went to a series of schools for mentally disturbed teachers.,Woody Allen,,https://www.quotationspage.com/quote/38645.html,https://www.quotationspage.com/quotes/Woody_Allen/21
51,My one regret in life is that I am not someone else.,Woody Allen,,https://www.quotationspage.com/quote/51.html,https://www.quotationspage.com/quotes/Woody_Allen/21
47,"Not only is there no God, but try getting a plumber on weekends.",Woody Allen,,https://www.quotationspage.com/quote/47.html,https://www.quotationspage.com/quotes/Woody_Allen/21
49,"On the plus side, death is one of the few things that can be done just as easily lying down.",Woody Allen,Death,https://www.quotationspage.com/quote/49.html,https://www.quotationspage.com/quotes/Woody_Allen/21
955,Organized crime in America takes in over forty billion dollars a year and spends very little on office supplies.,Woody Allen,Crime,https://www.quotationspage.com/quote/955.html,https://www.quotationspage.com/quotes/Woody_Allen/21
445,Students achieving Oneness will move on to Twoness.,Woody Allen,,https://www.quotationspage.com/quote/445.html,https://www.quotationspage.com/quotes/Woody_Allen/21
23656,"The government is unresponsive to the needs of the little man. Under 5'7"", it is impossible to get your congressman on the phone.",Woody Allen,,https://www.quotationspage.com/quote/23656.html,https://www.quotationspage.com/quotes/Woody_Allen/21
489,There are worse things in life than death. Have you ever spent an evening with an insurance salesman?,Woody Allen,Death,https://www.quotationspage.com/quote/489.html,https://www.quotationspage.com/quotes/Woody_Allen/21
39,Thought: Why does man kill? He kills for food. And not only food: frequently there must be a beverage.,Woody Allen,,https://www.quotationspage.com/quote/39.html,https://www.quotationspage.com/quotes/Woody_Allen/21
716,"To you I'm an atheist; to God, I'm the Loyal Opposition.",Woody Allen,Atheism,https://www.quotationspage.com/quote/716.html,https://www.quotationspage.com/quotes/Woody_Allen/21
560,"What if everything is an illusion and nothing exists? In that case, I definitely overpaid for my carpet.",Woody Allen,,https://www.quotationspage.com/quote/560.html,https://www.quotationspage.com/quotes/Woody_Allen/21
668,"When I was kidnapped, my parents snapped into action. They rented out my room.",Woody Allen,,https://www.quotationspage.com/quote/668.html,https://www.quotationspage.com/quotes/Woody_Allen/21
42,"Why are our days numbered and not, say, lettered?",Woody Allen,,https://www.quotationspage.com/quote/42.html,https://www.quotationspage.com/quotes/Woody_Allen/21
27633,You can live to be a hundred if you give up all the things that make you want to live to be a hundred.,Woody Allen,,https://www.quotationspage.com/quote/27633.html,https://www.quotationspage.com/quotes/Woody_Allen/21
704,"What if nothing exists and we're all in somebody's dream? Or what's worse, what if only that fat guy in the third row exists?",Woody Allen,Dreams,https://www.quotationspage.com/quote/704.html,https://www.quotationspage.com/quotes/Woody_Allen/21
48,"More than any other time in history, mankind faces a crossroads. One path leads to despair and utter hopelessness. The other, to total extinction. Let us pray we have the wisdom to choose correctly.",Woody Allen,,https://www.quotationspage.com/quote/48.html,https://www.quotationspage.com/quotes/Woody_Allen/21
39974,"Death doesn't really worry me that much, I'm not frightened about it... I just don't want to be there when it happens.",Woody Allen,,https://www.quotationspage.com/quote/39974.html,https://www.quotationspage.com/quotes/Woody_Allen/21
29879,The lion and the calf shall lie down together but the calf won't get much sleep.,Woody Allen,,https://www.quotationspage.com/quote/29879.html,https://www.quotationspage.com/quotes/Woody_Allen/41
41,"It's not that I'm afraid to die, I just don't want to be there when it happens.",Woody Allen,,https://www.quotationspage.com/quote/41.html,https://www.quotationspage.com/quotes/Woody_Allen/41
1842,"When the habitually even-tempered suddenly fly into a passion, that explosion is apt to be more impressive than the outburst of the most violent amongst us.",Margery Allingham,Passion,https://www.quotationspage.com/quote/1842.html,https://www.quotationspage.com/quotes/Margery_Allingham/
32529,"Change, when it comes, cracks everything open.",Dorothy Allison,,https://www.quotationspage.com/quote/32529.html,https://www.quotationspage.com/quotes/Dorothy_Allison/
37619,Nothing on Earth so beautiful as the final haul on Halloween night.,Steve Almond,,https://www.quotationspage.com/quote/37619.html,https://www.quotationspage.com/quotes/Steve_Almond/
1670,"Just as you began to feel that you could make good use of time, there was no time left to you.",Lisa Alther,,https://www.quotationspage.com/quote/1670.html,https://www.quotationspage.com/quotes/Lisa_Alther/
1836,I happen to feel that the degree of a person's intelligence is directly reflected by the number of conflicting attitudes she can bring to bear on the same topic.,Lisa Alther,"Intelligence, Attitude",https://www.quotationspage.com/quote/1836.html,https://www.quotationspage.com/quotes/Lisa_Alther/
727,The shortest distance between two points is under construction.,Noelie Altito,,https://www.quotationspage.com/quote/727.html,https://www.quotationspage.com/quotes/Noelie_Altito/
31073,To play it safe is not to play.,Robert Altman,,https://www.quotationspage.com/quote/31073.html,https://www.quotationspage.com/quotes/Robert_Altman/
29845,What's a cult? It just means not enough people to make a minority.,Robert Altman,,https://www.quotationspage.com/quote/29845.html,https://www.quotationspage.com/quotes/Robert_Altman/
34592,Everyone needs a strong sense of self. It is our base of operations for everything that we do in life.,Julia T. Alvarez,,https://www.quotationspage.com/quote/34592.html,https://www.quotationspage.com/quotes/Julia_T._Alvarez/
316,I don't really trust a sane person.,Lyle Alzado,Sanity,https://www.quotationspage.com/quote/316.html,https://www.quotationspage.com/quotes/Lyle_Alzado/
1165,For the skeptic there remains only one consolation: if there should be such a thing as superhuman law it is administered with subhuman inefficiency.,Eric Ambler,,https://www.quotationspage.com/quote/1165.html,https://www.quotationspage.com/quotes/Eric_Ambler/
32246,"During the Second World War, the Germans took four years to build the Atlantic Wall. On four beaches it held up the Allies for about an hour; at Omaha it held up the U.S. for less than one day. The Atlantic Wall must therefore be regarded as one of the greatest blunders in military history.",Stephen Ambrose,,https://www.quotationspage.com/quote/32246.html,https://www.quotationspage.com/quotes/Stephen_Ambrose/
27019,"The past is a source of knowledge, and the future is a source of hope. Love of the past implies faith in the future.",Stephen Ambrose,Hope,https://www.quotationspage.com/quote/27019.html,https://www.quotationspage.com/quotes/Stephen_Ambrose/
36997,I feel like a tiny bird with a big song!,Jerry Van Amerongen,Joy,https://www.quotationspage.com/quote/36997.html,https://www.quotationspage.com/quotes/Jerry_Van_Amerongen/
39124,The loss of one's dignified bearing is often sudden.,Jerry Van Amerongen,Humility,https://www.quotationspage.com/quote/39124.html,https://www.quotationspage.com/quotes/Jerry_Van_Amerongen/
31184,...happiness gives us the energy which is the basis of health.,Henri-Frédéric Amiel,Energy,https://www.quotationspage.com/quote/31184.html,https://www.quotationspage.com/quotes/Henri-Fr%C3%A9d%C3%A9ric_Amiel/
41557,"Action and faith enslave thought, both of them in order not to be troubled or inconvenienced by reflection, criticism and doubt.",Henri-Frédéric Amiel,,https://www.quotationspage.com/quote/41557.html,https://www.quotationspage.com/quotes/Henri-Fr%C3%A9d%C3%A9ric_Amiel/
31019,All appears to change when we change.,Henri-Frédéric Amiel,,https://www.quotationspage.com/quote/31019.html,https://www.quotationspage.com/quotes/Henri-Fr%C3%A9d%C3%A9ric_Amiel/
28957,An error is the more dangerous the more truth it contains.,Henri-Frédéric Amiel,,https://www.quotationspage.com/quote/28957.html,https://www.quotationspage.com/quotes/Henri-Fr%C3%A9d%C3%A9ric_Amiel/
29900,Charm is the quality in others that makes us more satisfied with ourselves.,Henri-Frédéric Amiel,Charm,https://www.quotationspage.com/quote/29900.html,https://www.quotationspage.com/quotes/Henri-Fr%C3%A9d%C3%A9ric_Amiel/
41558,For purposes of action nothing is more useful than narrowness of thought combined with energy of will.,Henri-Frédéric Amiel,,https://www.quotationspage.com/quote/41558.html,https://www.quotationspage.com/quotes/Henri-Fr%C3%A9d%C3%A9ric_Amiel/
8549,"Great men are true men, the men in whom nature has succeeded. They are not extraordinary - they are in the true order. It is the other species of men who are not what they ought to be.",Henri-Frederic Amiel,,https://www.quotationspage.com/quote/8549.html,https://www.quotationspage.com/quotes/Henri-Fr%C3%A9d%C3%A9ric_Amiel/
31216,Hope is only the love of life.,Henri-Frédéric Amiel,Hope,https://www.quotationspage.com/quote/31216.html,https://www.quotationspage.com/quotes/Henri-Fr%C3%A9d%C3%A9ric_Amiel/
29220,"Learn to limit yourself, to content yourself with some definite thing, and some definite work; dare to be what you are, and learn to resign with a good grace all that you are not and to believe in your own individuality.",Henri-Frédéric Amiel,,https://www.quotationspage.com/quote/29220.html,https://www.quotationspage.com/quotes/Henri-Fr%C3%A9d%C3%A9ric_Amiel/
29141,"Liberty, equality - bad principles! The only true principle for humanity is justice; and justice to the feeble is protection and kindness.",Henri-Frédéric Amiel,Justice,https://www.quotationspage.com/quote/29141.html,https://www.quotationspage.com/quotes/Henri-Fr%C3%A9d%C3%A9ric_Amiel/
41871,Nothing is more characteristic of a man than the mann in which he behaves toward fools.,Henri-Frédéric Amiel,,https://www.quotationspage.com/quote/41871.html,https://www.quotationspage.com/quotes/Henri-Fr%C3%A9d%C3%A9ric_Amiel/
32947,"The man who insists on seeing with perfect clearness before he decides, never decides.",Henri-Frédéric Amiel,,https://www.quotationspage.com/quote/32947.html,https://www.quotationspage.com/quotes/Henri-Fr%C3%A9d%C3%A9ric_Amiel/
29081,"The test of every religious, political, or educational system is the man that it forms.",Henri-Frédéric Amiel,,https://www.quotationspage.com/quote/29081.html,https://www.quotationspage.com/quotes/Henri-Fr%C3%A9d%C3%A9ric_Amiel/
29061,"Truth is the secret of eloquence and of virtue, the basis of moral authority; it is the highest summit of art and life.",Henri-Frédéric Amiel,"Morality, Authority",https://www.quotationspage.com/quote/29061.html,https://www.quotationspage.com/quotes/Henri-Fr%C3%A9d%C3%A9ric_Amiel/
2980,Work while you have the light. You are responsible for the talent that has been entrusted to you.,Henri-Frédéric Amiel,"Work, Talent",https://www.quotationspage.com/quote/2980.html,https://www.quotationspage.com/quotes/Henri-Fr%C3%A9d%C3%A9ric_Amiel/
2967,"You desire to know the art of living, my friend? It is contained in one phrase: make use of suffering.",Henri-Frédéric Amiel,Suffering,https://www.quotationspage.com/quote/2967.html,https://www.quotationspage.com/quotes/Henri-Fr%C3%A9d%C3%A9ric_Amiel/
29753,It was no wonder that people were so horrible when they started life as children.,Kingsley Amis,,https://www.quotationspage.com/quote/29753.html,https://www.quotationspage.com/quotes/Kingsley_Amis/
39702,Anything looked at closely becomes wonderful.,A. R. Ammons,,https://www.quotationspage.com/quote/39702.html,https://www.quotationspage.com/quotes/A._R._Ammons/
39703,In nature there are few sharp lines.,A. R. Ammons,,https://www.quotationspage.com/quote/39703.html,https://www.quotationspage.com/quotes/A._R._Ammons/
39701,Is it not careless to become too local when there are four hundred billion stars in our galaxy alone?,A. R. Ammons,,https://www.quotationspage.com/quote/39701.html,https://www.quotationspage.com/quotes/A._R._Ammons/
36741,I can't take a well-tanned person seriously.,Cleveland Amory,,https://www.quotationspage.com/quote/36741.html,https://www.quotationspage.com/quotes/Cleveland_Amory/
20620,"There are three terrible ages of childhood - 1 to 10, 10 to 20, and 20 to 30.",Cleveland Amory,,https://www.quotationspage.com/quote/20620.html,https://www.quotationspage.com/quotes/Cleveland_Amory/
2251,"Life is just a mirror, and what you see out there, you must first see inside of you.",Wally 'Famous' Amos,Life,https://www.quotationspage.com/quote/2251.html,https://www.quotationspage.com/quotes/Wally_%27Famous%27_Amos/
39128,Adventure is just bad planning.,Roald Amundsen,,https://www.quotationspage.com/quote/39128.html,https://www.quotationspage.com/quotes/Roald_Amundsen/
24094,The descent to Hades is the same from every place.,Anaxagoras,,https://www.quotationspage.com/quote/24094.html,https://www.quotationspage.com/quotes/Anaxagoras/
634,The only normal people are the ones you don't know very well.,Joe Ancis,,https://www.quotationspage.com/quote/634.html,https://www.quotationspage.com/quotes/Joe_Ancis/
34420,"Being born in a duck yard does not matter, if only you are hatched from a swan's egg.",Hans Christian Andersen,,https://www.quotationspage.com/quote/34420.html,https://www.quotationspage.com/quotes/Hans_Christian_Andersen/
34575,Enjoy life. There's plenty of time to be dead.,Hans Christian Andersen,,https://www.quotationspage.com/quote/34575.html,https://www.quotationspage.com/quotes/Hans_Christian_Andersen/
34584,Every man's life is a fairy-tale written by God's fingers.,Hans Christian Andersen,,https://www.quotationspage.com/quote/34584.html,https://www.quotationspage.com/quotes/Hans_Christian_Andersen/
39929,Joy is found not in finishing an activity but in doing it.,Greg Anderson,,https://www.quotationspage.com/quote/39929.html,https://www.quotationspage.com/quotes/Greg_Anderson/
691,"When love is gone, there's always justice.And when justice is gone, there's always force.And when force is gone, there's always Mom.Hi, Mom!",Laurie Anderson,,https://www.quotationspage.com/quote/691.html,https://www.quotationspage.com/quotes/Laurie_Anderson/
39147,And there was a beautiful viewBut nobody could see.Cause everybody on the islandWas saying: Look at me! Look at me!,Laurie Anderson,,https://www.quotationspage.com/quote/39147.html,https://www.quotationspage.com/quotes/Laurie_Anderson/
728,"Paradise is exactly like where you are right now... only much, much better.",Laurie Anderson,,https://www.quotationspage.com/quote/728.html,https://www.quotationspage.com/quotes/Laurie_Anderson/
39150,And Sharkey says: Deep in the heart of darkest America. Home of the brave. He says: Listen to my heart beat.,Laurie Anderson,,https://www.quotationspage.com/quote/39150.html,https://www.quotationspage.com/quotes/Laurie_Anderson/
39148,"You know, I can see two tiny pictures of myself And there's one in each of your eyes. And they're doin' everything I do. Every time I light a cigarette, they light up theirs. I take a drink and I look in and they're drinkin' too. It's drivin' me crazy. It's drivin' me nuts.",Laurie Anderson,,https://www.quotationspage.com/quote/39148.html,https://www.quotationspage.com/quotes/Laurie_Anderson/
35004,"They say that Heaven is like TV... a perfect little world, that doesn't really need you.",Laurie Anderson,,https://www.quotationspage.com/quote/35004.html,https://www.quotationspage.com/quotes/Laurie_Anderson/
39149,Well I was out in my four doorWith the top down.And I looked up and there they were:Millions of tiny teardropsJust sort of hanging thereAnd I didn't know whether to laugh or cryAnd I said to myself:What next big sky?,Laurie Anderson,,https://www.quotationspage.com/quote/39149.html,https://www.quotationspage.com/quotes/Laurie_Anderson/
37964,"Nature has been for me, for as long as I remember, a source of solace, inspiration, adventure, and delight; a home, a teacher, a companion.",Lorraine Anderson,"Nature, Camping",https://www.quotationspage.com/quote/37964.html,https://www.quotationspage.com/quotes/Lorraine_Anderson/
38998,"There are some men who lift the age they inhabit, till all men walk on higher ground in that lifetime.",Maxwell Anderson,,https://www.quotationspage.com/quote/38998.html,https://www.quotationspage.com/quotes/Maxwell_Anderson/
41372,This liberty will look easy by and by when nobody dies to get it.,Maxwell Anderson,Freedom,https://www.quotationspage.com/quote/41372.html,https://www.quotationspage.com/quotes/Maxwell_Anderson/
34084,"I don't really think about anything too much. I live in the present. I move on. I don't think about what happened yesterday. If I think too much, it kind of freaks me out.",Pamela Anderson,,https://www.quotationspage.com/quote/34084.html,https://www.quotationspage.com/quotes/Pamela_Anderson/
34085,"I'm a mother with two small children, so I don't take as much crap as I used to.",Pamela Anderson,,https://www.quotationspage.com/quote/34085.html,https://www.quotationspage.com/quotes/Pamela_Anderson/
34086,"My ideal relaxation is working on upholstry. I spend hours in junk shops buying furniture. I do all the upholstery work myself, and it's like therapy.",Pamela Anderson,,https://www.quotationspage.com/quote/34086.html,https://www.quotationspage.com/quotes/Pamela_Anderson/
26275,"I have yet to see any problem, however complicated, which, when you looked at it in the right way, did not become still more complicated.",Poul Anderson,,https://www.quotationspage.com/quote/26275.html,https://www.quotationspage.com/quotes/Poul_Anderson/
2190,Our lives improve only when we take chances - and the first and most difficult risk we can take is to be honest with ourselves.,Walter Anderson,"Honesty, Risk",https://www.quotationspage.com/quote/2190.html,https://www.quotationspage.com/quotes/Walter_Anderson/
36794,"If everything seems under control, you're just not going fast enough.",Mario Andretti,,https://www.quotationspage.com/quote/36794.html,https://www.quotationspage.com/quotes/Mario_Andretti/
39999,"If everything seems under control, you're not going fast enough",Mario Andretti,,https://www.quotationspage.com/quote/39999.html,https://www.quotationspage.com/quotes/Mario_Andretti/
37559,"If you wait, all that happens is that you get older.",Mario Andretti,,https://www.quotationspage.com/quote/37559.html,https://www.quotationspage.com/quotes/Mario_Andretti/
39112,"Seeing wildlife is like seeing celebrities, only better.",Tanja Andrews,"Nature, Camping",https://www.quotationspage.com/quote/39112.html,https://www.quotationspage.com/quotes/Tanja_Andrews/
38462,"What I spent, is gone; what I kept, I lost; but what I gave away will be mine forever.",Ethel Percy Andrus,,https://www.quotationspage.com/quote/38462.html,https://www.quotationspage.com/quotes/Ethel_Percy_Andrus/
38238,"When you do a good job, you'll feel like people are bothering you. If you have a product that's interesting enough, then people will come to you.",Joanna Angel,,https://www.quotationspage.com/quote/38238.html,https://www.quotationspage.com/quotes/Joanna_Angel/
39761,Determine to live life with flair and laughter.,Maya Angelou,,https://www.quotationspage.com/quote/39761.html,https://www.quotationspage.com/quotes/Maya_Angelou/
31794,"History, despite its wrenching pain, cannot be unlived, however, if faced with courage, need not be lived again.",Maya Angelou,,https://www.quotationspage.com/quote/31794.html,https://www.quotationspage.com/quotes/Maya_Angelou/
36716,How important it is for us to recognize and celebrate our heroes and she-roes!,Maya Angelou,,https://www.quotationspage.com/quote/36716.html,https://www.quotationspage.com/quotes/Maya_Angelou/
36760,"I have found that among its other benefits, giving liberates the soul of the giver.",Maya Angelou,,https://www.quotationspage.com/quote/36760.html,https://www.quotationspage.com/quotes/Maya_Angelou/
33135,I want all my senses engaged. Let me absorb the world's variety and uniqueness.,Maya Angelou,,https://www.quotationspage.com/quote/33135.html,https://www.quotationspage.com/quotes/Maya_Angelou/
37547,"If you don't like something, change it. If you can't change it, change your attitude. Don't complain.",Maya Angelou,,https://www.quotationspage.com/quote/37547.html,https://www.quotationspage.com/quotes/Maya_Angelou/
31264,"Success is liking yourself, liking what you do, and liking how you do it.",Maya Angelou,,https://www.quotationspage.com/quote/31264.html,https://www.quotationspage.com/quotes/Maya_Angelou/
31078,The need for change bulldozed a road down the center of my mind.,Maya Angelou,,https://www.quotationspage.com/quote/31078.html,https://www.quotationspage.com/quotes/Maya_Angelou/
38891,The needs of society determine its ethics.,Maya Angelou,Society,https://www.quotationspage.com/quote/38891.html,https://www.quotationspage.com/quotes/Maya_Angelou/
37953,"We allow our ignorance to prevail upon us and make us think we can survive alone, alone in patches, alone in groups, alone in races, even alone in genders.",Maya Angelou,Ignorance,https://www.quotationspage.com/quote/37953.html,https://www.quotationspage.com/quotes/Maya_Angelou/
40019,"I couldn't tell fact from fiction,Or if the dream was trueMy only sure predictionIn this world was you.I'd touch your features inchly. Beard love and dared the cost, The sented spiel reeled me unreal And I found my senses lost.",Maya Angelou,,https://www.quotationspage.com/quote/40019.html,https://www.quotationspage.com/quotes/Maya_Angelou/
25914,"Life loves to be taken by the lapel and told, 'I'm with you kid. Let's go.'",Maya Angelou,,https://www.quotationspage.com/quote/25914.html,https://www.quotationspage.com/quotes/Maya_Angelou/
24881,I know why the caged bird sings.,Maya Angelou,Birds,https://www.quotationspage.com/quote/24881.html,https://www.quotationspage.com/quotes/Maya_Angelou/
33406,"I guess we'd be living in a boring, perfect world if everybody wished everybody else well.",Jennifer Aniston,,https://www.quotationspage.com/quote/33406.html,https://www.quotationspage.com/quotes/Jennifer_Aniston/
33405,True love brings up everything - you're allowing a mirror to be held up to you daily.,Jennifer Aniston,Love,https://www.quotationspage.com/quote/33405.html,https://www.quotationspage.com/quotes/Jennifer_Aniston/
34179,A closed mind is a good thing to lose.,Anonymous,,https://www.quotationspage.com/quote/34179.html,https://www.quotationspage.com/quotes/Anonymous/
34180,A closed mouth gathers no feet.,Anonymous,,https://www.quotationspage.com/quote/34180.html,https://www.quotationspage.com/quotes/Anonymous/
34183,A conscience is what hurts when all your other parts feel so good.,Anonymous,Conscience,https://www.quotationspage.com/quote/34183.html,https://www.quotationspage.com/quotes/Anonymous/
34206,A friend is one who walks in when the rest of the world walks out.,Anonymous,,https://www.quotationspage.com/quote/34206.html,https://www.quotationspage.com/quotes/Anonymous/
34217,A good exercise for the heart is to bend down and help another up.,Anonymous,,https://www.quotationspage.com/quote/34217.html,https://www.quotationspage.com/quotes/Anonymous/
28988,A good scare is worth more to a man than good advice.,Anonymous,,https://www.quotationspage.com/quote/28988.html,https://www.quotationspage.com/quotes/Anonymous/
34226,A groundless rumor often covers a lot of ground.,Anonymous,,https://www.quotationspage.com/quote/34226.html,https://www.quotationspage.com/quotes/Anonymous/
34229,A guilty conscience needs no accuser.,Anonymous,"Guilt, Conscience",https://www.quotationspage.com/quote/34229.html,https://www.quotationspage.com/quotes/Anonymous/
23686,A magician pulls rabbits out of hats. An experimental psychologist pulls habits out of rats.,Anonymous,,https://www.quotationspage.com/quote/23686.html,https://www.quotationspage.com/quotes/Anonymous/
34255,A man has no more character than he can command in a time of crisis.,Anonymous,,https://www.quotationspage.com/quote/34255.html,https://www.quotationspage.com/quotes/Anonymous/
34258,A man is known by the company he avoids.,Anonymous,,https://www.quotationspage.com/quote/34258.html,https://www.quotationspage.com/quotes/Anonymous/
2401,Always imitate the behavior of the winners when you lose.,Anonymous,,https://www.quotationspage.com/quote/2401.html,https://www.quotationspage.com/quotes/Anonymous/
34393,"Bad habits are like a comfortable bed, easy to get into, but hard to get out of.",Anonymous,,https://www.quotationspage.com/quote/34393.html,https://www.quotationspage.com/quotes/Anonymous/
34401,Be alert to give service. What counts a great deal in life is what we do for others.,Anonymous,Service,https://www.quotationspage.com/quote/34401.html,https://www.quotationspage.com/quotes/Anonymous/
2939,Better to get up late and be wide awake than to get up early and be asleep all day.,Anonymous,,https://www.quotationspage.com/quote/2939.html,https://www.quotationspage.com/quotes/Anonymous/
2365,"Bite off more than you can chew, then chew it. Plan more than you can do, then do it.",Anonymous,Planning,https://www.quotationspage.com/quote/2365.html,https://www.quotationspage.com/quotes/Anonymous/
29455,By courage I repel adversity.(Adversa Virtute Repello),Anonymous,Adversity,https://www.quotationspage.com/quote/29455.html,https://www.quotationspage.com/quotes/Anonymous/
34474,Concern should drive us into action and not into depression.,Anonymous,,https://www.quotationspage.com/quote/34474.html,https://www.quotationspage.com/quotes/Anonymous/
34479,"Contentment is not the fulfillment of what you want, but the realization of how much you already have.",Anonymous,,https://www.quotationspage.com/quote/34479.html,https://www.quotationspage.com/quotes/Anonymous/
29444,Dare to be wise.(Sapere Aude),Anonymous,,https://www.quotationspage.com/quote/29444.html,https://www.quotationspage.com/quotes/Anonymous/
34510,Discretion is the better part of valor.,Anonymous,,https://www.quotationspage.com/quote/34510.html,https://www.quotationspage.com/quotes/Anonymous/21
3050,Don't let yourself forget what it's like to be sixteen.,Anonymous,,https://www.quotationspage.com/quote/3050.html,https://www.quotationspage.com/quotes/Anonymous/21
790,Efficiency is intelligent laziness.,Anonymous,,https://www.quotationspage.com/quote/790.html,https://www.quotationspage.com/quotes/Anonymous/21
36331,God helps those who help themselves.,Anonymous,,https://www.quotationspage.com/quote/36331.html,https://www.quotationspage.com/quotes/Anonymous/21
36339,Going to church doesn't make you a Christian any more than standing in a garage makes you a car.,Anonymous,,https://www.quotationspage.com/quote/36339.html,https://www.quotationspage.com/quotes/Anonymous/21
36341,"Good friends are hard to find, harder to leave, and impossible to forget.",Anonymous,,https://www.quotationspage.com/quote/36341.html,https://www.quotationspage.com/quotes/Anonymous/21
28875,"If for a tranquil mind you seek,These things observe with care:Of whom you speak, to whom you speak,And how, and when and where.",Anonymous,,https://www.quotationspage.com/quote/28875.html,https://www.quotationspage.com/quotes/Anonymous/21
37549,"If you enjoy the fruit, pluck not the flower.",Anonymous,Flowers,https://www.quotationspage.com/quote/37549.html,https://www.quotationspage.com/quotes/Anonymous/21
37554,"If you hear that everybody is buying a certain stock, ask who is selling.",Anonymous,,https://www.quotationspage.com/quote/37554.html,https://www.quotationspage.com/quotes/Anonymous/21
2913,"If you really do put a small value upon yourself, rest assured that the world will not raise your price.",Anonymous,,https://www.quotationspage.com/quote/2913.html,https://www.quotationspage.com/quotes/Anonymous/21
37573,In every fat book there is a thin book trying to get out.,Anonymous,,https://www.quotationspage.com/quote/37573.html,https://www.quotationspage.com/quotes/Anonymous/21
29464,It is light grief that can take counsel.,Anonymous,Grief,https://www.quotationspage.com/quote/29464.html,https://www.quotationspage.com/quotes/Anonymous/21
1277,Liberals are very broadminded: they are always willing to give careful consideration to both sides of the same side.,Anonymous,Liberals,https://www.quotationspage.com/quote/1277.html,https://www.quotationspage.com/quotes/Anonymous/21
38458,"Life is not measured by the number of breaths we take, but by the moments that take our breath away.",Anonymous,,https://www.quotationspage.com/quote/38458.html,https://www.quotationspage.com/quotes/Anonymous/21
29454,May no portent of evil be attached to the words I say.,Anonymous,Gossip,https://www.quotationspage.com/quote/29454.html,https://www.quotationspage.com/quotes/Anonymous/21
28866,No man deserves punishment for his thoughts.,Anonymous,Thoughts,https://www.quotationspage.com/quote/28866.html,https://www.quotationspage.com/quotes/Anonymous/21
1437,"Nobody knows the age of the human race, but everybody agrees that it is old enough to know better.",Anonymous,,https://www.quotationspage.com/quote/1437.html,https://www.quotationspage.com/quotes/Anonymous/21
53,The best defense against the atom bomb is not to be there when it goes off.,Anonymous,,https://www.quotationspage.com/quote/53.html,https://www.quotationspage.com/quotes/Anonymous/21
29460,"There are no thanks for a kindness, which has been delayed.",Anonymous,Kindness,https://www.quotationspage.com/quote/29460.html,https://www.quotationspage.com/quotes/Anonymous/21
564,Time is that quality of nature which keeps events from happening all at once. Lately it doesn't seem to be working.,Anonymous,,https://www.quotationspage.com/quote/564.html,https://www.quotationspage.com/quotes/Anonymous/21
28758,Tis the advisor who suffers from bad advice.,Anonymous,,https://www.quotationspage.com/quote/28758.html,https://www.quotationspage.com/quotes/Anonymous/41
29449,To harken to evil conversation is the road to wickedness.. (Pravis Assuescere Sermonibus Est Via Ad Rem Ipsam),Anonymous,Gossip,https://www.quotationspage.com/quote/29449.html,https://www.quotationspage.com/quotes/Anonymous/41
29446,"Unity in things necessary, liberty in things doubtful, charity in everything.",Anonymous,,https://www.quotationspage.com/quote/29446.html,https://www.quotationspage.com/quotes/Anonymous/41
28759,"Whatever you undertake, act with prudence, and consider the consequences.",Anonymous,,https://www.quotationspage.com/quote/28759.html,https://www.quotationspage.com/quotes/Anonymous/41
37071,"When you point your finger at someone, three fingers are pointing back at you.",Anonymous,,https://www.quotationspage.com/quote/37071.html,https://www.quotationspage.com/quotes/Anonymous/41
932,Write a wise saying and your name will live forever.,Anonymous,Quotations,https://www.quotationspage.com/quote/932.html,https://www.quotationspage.com/quotes/Anonymous/41
29462,You add insult to injury.(Injuriae Addis Contumeliam),Anonymous,,https://www.quotationspage.com/quote/29462.html,https://www.quotationspage.com/quotes/Anonymous/41
1979,He deserves Paradise who makes his companions laugh.,Anonymous,Laughter,https://www.quotationspage.com/quote/1979.html,https://www.quotationspage.com/quotes/Anonymous/41
1397,"A little nonsense now and then, is relished by the wisest men.",Anonymous,,https://www.quotationspage.com/quote/1397.html,https://www.quotationspage.com/quotes/Anonymous/41
21566,"Our land is more valuable than your money. As long as the sun shines and the waters flow, this land will be here to give life to men and animals; therefore, we cannot sell this land. It was put here for us by the Great Spirit and we cannot sell it because it does not belong to us.",Anonymous,Nature,https://www.quotationspage.com/quote/21566.html,https://www.quotationspage.com/quotes/Anonymous/41
55,I am a Marxist--of the Groucho tendency.,Anonymous,,https://www.quotationspage.com/quote/55.html,https://www.quotationspage.com/quotes/Anonymous/41
54,God is not dead but alive and well and working on a much less ambitious project.,Anonymous,God,https://www.quotationspage.com/quote/54.html,https://www.quotationspage.com/quotes/Anonymous/41
27758,"Alas my love you do me wrong,To cast me of discurteously;And I have loved you so long,Delighting in your company.",Anonymous,,https://www.quotationspage.com/quote/27758.html,https://www.quotationspage.com/quotes/Anonymous/41
31700,Any piece of clothing can be sexy with a quietly passionate woman inside it.,Anonymous,Sex,https://www.quotationspage.com/quote/31700.html,https://www.quotationspage.com/quotes/Anonymous/41
543,A low voter turnout is an indication of fewer people going to the polls.,Anonymous,,https://www.quotationspage.com/quote/543.html,https://www.quotationspage.com/quotes/Anonymous/41
351,"If we don't succeed, we run the risk of failure.",Anonymous,Failure,https://www.quotationspage.com/quote/351.html,https://www.quotationspage.com/quotes/Anonymous/41
28873,To him that you tell your secret you resign your liberty.,Anonymous,Secrets,https://www.quotationspage.com/quote/28873.html,https://www.quotationspage.com/quotes/Anonymous/41
33411,"Love is, above all else, the gift of oneself.",Jean Anouilh,Love,https://www.quotationspage.com/quote/33411.html,https://www.quotationspage.com/quotes/Jean_Anouilh/
25846,"Gardens and flowers have a way of bringing people together, drawing them from their homes.",Clare Ansberry,Flowers,https://www.quotationspage.com/quote/25846.html,https://www.quotationspage.com/quotes/Clare_Ansberry/
35957,Most people would rather be certain they're miserable than risk being happy.,Robert Anthony,,https://www.quotationspage.com/quote/35957.html,https://www.quotationspage.com/quotes/Robert_Anthony/
41747,"Cautious, careful people, always casting about to preserve their reputations and social standing, never can bring about a reform.",Susan B. Anthony,,https://www.quotationspage.com/quote/41747.html,https://www.quotationspage.com/quotes/Susan_B._Anthony/
38153,"It was we, the people; not we, the white male citizens; nor yet we, the male citizens; but we, the whole people, who formed the Union.... Men, their rights and nothing more; women, their rights and nothing less.",Susan B. Anthony,,https://www.quotationspage.com/quote/38153.html,https://www.quotationspage.com/quotes/Susan_B._Anthony/
38160,"Resolved, that the women of this nation in 1876, have greater cause for discontent, rebellion and revolution than the men of 1776.",Susan B. Anthony,,https://www.quotationspage.com/quote/38160.html,https://www.quotationspage.com/quotes/Susan_B._Anthony/
37950,"The older I get, the greater power I seem to have to help the world; I am like a snowball - the further I am rolled, the more I gain.",Susan B. Anthony,,https://www.quotationspage.com/quote/37950.html,https://www.quotationspage.com/quotes/Susan_B._Anthony/
28760,Poverty is the schoolmaster of character.,Antiphanes,Poverty,https://www.quotationspage.com/quote/28760.html,https://www.quotationspage.com/quotes/Antiphanes/
8353,Observe your enemies for they first find out your faults.,Antisthenes,,https://www.quotationspage.com/quote/8353.html,https://www.quotationspage.com/quotes/Antisthenes/
2520,"Observe your enemies, for they first find out your faults.",Antisthenes,Enemies,https://www.quotationspage.com/quote/2520.html,https://www.quotationspage.com/quotes/Antisthenes/
9044,How much time he saves who does not look to see what his neighbor says or does or thinks.,Marcus Aurelius Antoninus,Neighbors,https://www.quotationspage.com/quote/9044.html,https://www.quotationspage.com/quotes/Marcus_Aurelius_Antoninus/
1970,"If you are distressed by anything external, the pain is not due to the thing itself, but to your estimate of it; and this you have the power to revoke at any moment.",Marcus Aurelius Antoninus,Stress,https://www.quotationspage.com/quote/1970.html,https://www.quotationspage.com/quotes/Marcus_Aurelius_Antoninus/
38437,"If you are pained by external things, it is not they that disturb you, but your own judgment of them. And it is in your power to wipe out that judgment now.",Marcus Aurelius Antoninus,,https://www.quotationspage.com/quote/38437.html,https://www.quotationspage.com/quotes/Marcus_Aurelius_Antoninus/
41527,"It is not death that a man should fear, but he should fear never beginning to live.",Marcus Aurelius Antoninus,Death,https://www.quotationspage.com/quote/41527.html,https://www.quotationspage.com/quotes/Marcus_Aurelius_Antoninus/
28761,It is the act of a madman to pursue impossibilities.,Marcus Aurelius Antoninus,,https://www.quotationspage.com/quote/28761.html,https://www.quotationspage.com/quotes/Marcus_Aurelius_Antoninus/
2648,Look well into thyself; there is a source of strength which will always spring up if thou wilt always look there.,Marcus Aurelius Antoninus,Strength,https://www.quotationspage.com/quote/2648.html,https://www.quotationspage.com/quotes/Marcus_Aurelius_Antoninus/
29486,Remember this-that there is a proper dignity and proportion to be observed in the performance of every act of life.,Marcus Aurelius Antoninus,Dignity,https://www.quotationspage.com/quote/29486.html,https://www.quotationspage.com/quotes/Marcus_Aurelius_Antoninus/
28795,"The happiness of your life depends upon the quality of your thoughts, therefore guard accordingly; and take care that you entertain no notions unsuitable to virtue, and reasonable nature.",Marcus Aurelius Antoninus,Thoughts,https://www.quotationspage.com/quote/28795.html,https://www.quotationspage.com/quotes/Marcus_Aurelius_Antoninus/
33487,Waste no more time talking about great souls and how they should be. Become one yourself!,Marcus Aurelius Antoninus,Passion,https://www.quotationspage.com/quote/33487.html,https://www.quotationspage.com/quotes/Marcus_Aurelius_Antoninus/
24459,By a tranquil mind I mean nothing else than a mind well ordered.,Marcus Aurelius Antoninus,,https://www.quotationspage.com/quote/24459.html,https://www.quotationspage.com/quotes/Marcus_Aurelius_Antoninus/
24461,"How much time he gains who does not look to see what his neighbor says or does or thinks, but only at what he does himself, to make it just and holy.",Marcus Aurelius Antoninus,,https://www.quotationspage.com/quote/24461.html,https://www.quotationspage.com/quotes/Marcus_Aurelius_Antoninus/
24463,"In the morning, when you are sluggish about getting up, let this thought be present: 'I am rising to a man's work.'",Marcus Aurelius Antoninus,Morning,https://www.quotationspage.com/quote/24463.html,https://www.quotationspage.com/quotes/Marcus_Aurelius_Antoninus/
2641,Never esteem anything as of advantage to you that will make you break your word or lose your self-respect.,Marcus Aurelius Antoninus,,https://www.quotationspage.com/quote/2641.html,https://www.quotationspage.com/quotes/Marcus_Aurelius_Antoninus/
29914,Nothing happens to any thing which that thing is not made by nature to bear.,Marcus Aurelius Antoninus,,https://www.quotationspage.com/quote/29914.html,https://www.quotationspage.com/quotes/Marcus_Aurelius_Antoninus/
24464,Nothing happens to anybody which he is not fitted by nature to bear.,Marcus Aurelius Antoninus,,https://www.quotationspage.com/quote/24464.html,https://www.quotationspage.com/quotes/Marcus_Aurelius_Antoninus/
24460,The universe is change; our life is what our thoughts make it.,Marcus Aurelius Antoninus,"Change, Thoughts",https://www.quotationspage.com/quote/24460.html,https://www.quotationspage.com/quotes/Marcus_Aurelius_Antoninus/
24466,"Think not disdainfully of death, but look on it with favor; for even death is one of the things that Nature wills.",Marcus Aurelius Antoninus,Death,https://www.quotationspage.com/quote/24466.html,https://www.quotationspage.com/quotes/Marcus_Aurelius_Antoninus/
24465,Very little is needed to make a happy life.,Marcus Aurelius Antoninus,Happiness,https://www.quotationspage.com/quote/24465.html,https://www.quotationspage.com/quotes/Marcus_Aurelius_Antoninus/
24462,"Whatever is in any way beautiful hath its source of beauty in itself, and is complete in itself; praise forms no part of it. So it is none the worse nor the better for being praised.",Marcus Aurelius Antoninus,Beauty,https://www.quotationspage.com/quote/24462.html,https://www.quotationspage.com/quotes/Marcus_Aurelius_Antoninus/
24457,You will find rest from vain fancies if you perform every act in life as though it were your last.,Marcus Aurelius Antoninus,,https://www.quotationspage.com/quote/24457.html,https://www.quotationspage.com/quotes/Marcus_Aurelius_Antoninus/
3210,"Never let the future disturb you. You will meet it, if you have to, with the same weapons of reason which today arm you against the present.",Marcus Aurelius Antoninus,The Future,https://www.quotationspage.com/quote/3210.html,https://www.quotationspage.com/quotes/Marcus_Aurelius_Antoninus/21
39022,"Experience is a good teacher, but she sends in terrific bills.",Minna Thomas Antrim,,https://www.quotationspage.com/quote/39022.html,https://www.quotationspage.com/quotes/Minna_Thomas_Antrim/
11494,Man forgives woman anything save the wit to outwit him.,Minna Thomas Antrim,,https://www.quotationspage.com/quote/11494.html,https://www.quotationspage.com/quotes/Minna_Thomas_Antrim/
31029,Three failures denote uncommon strength. A weakling has not enough grit to fail thrice.,Minna Thomas Antrim,,https://www.quotationspage.com/quote/31029.html,https://www.quotationspage.com/quotes/Minna_Thomas_Antrim/
39729,"When you kill one enemy, you then must plan for the one hundred enemies you have now created. No enemy ever stands alone. He comes with a mother and father, brothers and sisters. He has a wife and children, friends and neighbors. When you kill this enemy, you must be ready to face the angry revenge that comes from the grief of this loss for all the people who knew and loved this man. The only way to stop this endless chain of enemy killing enemy is to forgive it. And in doing so, teach each one that life is the most important, precious and valuable thing.",Anwarshah Anwary,,https://www.quotationspage.com/quote/39729.html,https://www.quotationspage.com/quotes/Anwarshah_Anwary/
28960,The drug that heals our sorrows forgetfulness.,Appianus,,https://www.quotationspage.com/quote/28960.html,https://www.quotationspage.com/quotes/Appianus/
59,I don't mind what language an opera is sung in so long as it is a language I don't understand.,Sir Edward Appleton,Music,https://www.quotationspage.com/quote/59.html,https://www.quotationspage.com/quotes/Sir_Edward_Appleton/
2848,"Let thy speech be short, comprehending much in a few words.",Aprocrypha,"Language, Speech",https://www.quotationspage.com/quote/2848.html,https://www.quotationspage.com/quotes/Aprocrypha/
28892,"Familiarity breeds contempt, while rarity wins admiration.",Apuleius,,https://www.quotationspage.com/quote/28892.html,https://www.quotationspage.com/quotes/Apuleius/
28961,"He is the better equipped for life. As for swimming, who has the less to carry.",Apuleius,,https://www.quotationspage.com/quote/28961.html,https://www.quotationspage.com/quotes/Apuleius/
28888,"Let us be resolute in prosecuting our ends, and mild in our methods of so doing.",Aquaviva,,https://www.quotationspage.com/quote/28888.html,https://www.quotationspage.com/quotes/Aquaviva/
41445,"I was to learn later that in life that we tend to meet any new situation by reorganizing; and what a wonderful method it can be for creating the illusion of progress while producing confusion, inefficiency, and demoralization.",Petronius Arbiter,Progress,https://www.quotationspage.com/quote/41445.html,https://www.quotationspage.com/quotes/Petronius_Arbiter/
1657,My favorite thing is to go where I've never been.,Diane Arbus,,https://www.quotationspage.com/quote/1657.html,https://www.quotationspage.com/quotes/Diane_Arbus/
35941,A photograph is a secret about a secret. The more it tells you the less you know.,Diane Arbus,Photography,https://www.quotationspage.com/quote/35941.html,https://www.quotationspage.com/quotes/Diane_Arbus/
40013,I am not afraid... I was born to do this.,Joan of Arc,,https://www.quotationspage.com/quote/40013.html,https://www.quotationspage.com/quotes/Joan_of_Arc/
28962,"Where you find the laws most numerous, there you will find also the greatest injustice.",Arcesilaus,Laws,https://www.quotationspage.com/quote/28962.html,https://www.quotationspage.com/quotes/Arcesilaus/
3184,"Give me where to stand, and I will move the earth.",Archimedes,,https://www.quotationspage.com/quote/3184.html,https://www.quotationspage.com/quotes/Archimedes/
729,A specification that will not fit on one page of 8.5x11 inch paper cannot be understood.,Mark Ardis,,https://www.quotationspage.com/quote/729.html,https://www.quotationspage.com/quotes/Mark_Ardis/
28925,Equality...is the result of human organization. We are not born equal.,Hannah Arendt,Equality,https://www.quotationspage.com/quote/28925.html,https://www.quotationspage.com/quotes/Hannah_Arendt/
30164,The most radical revolutionary will become a conservative the day after the revolution.,Hannah Arendt,"Conservatives, Liberals, Revolution",https://www.quotationspage.com/quote/30164.html,https://www.quotationspage.com/quotes/Hannah_Arendt/
24882,Under conditions of tyranny it is far easier to act than to think.,Hannah Arendt,,https://www.quotationspage.com/quote/24882.html,https://www.quotationspage.com/quotes/Hannah_Arendt/
24522,"Nature made him, and then broke the mold.",Ludovico Ariosto,,https://www.quotationspage.com/quote/24522.html,https://www.quotationspage.com/quotes/Ludovico_Ariosto/
29388,A man may learn wisdom even from a foe.,Aristophanes,,https://www.quotationspage.com/quote/29388.html,https://www.quotationspage.com/quotes/Aristophanes/
24193,High thoughts must have high language.,Aristophanes,"Language, Thoughts",https://www.quotationspage.com/quote/24193.html,https://www.quotationspage.com/quotes/Aristophanes/
24192,"Shall I crack any of those old jokes, master,At which the audience never fail to laugh?",Aristophanes,,https://www.quotationspage.com/quote/24192.html,https://www.quotationspage.com/quotes/Aristophanes/
24188,"You have all the characteristics of a popular politician: a horrible voice, bad breeding, and a vulgar manner.",Aristophanes,Politicians,https://www.quotationspage.com/quote/24188.html,https://www.quotationspage.com/quotes/Aristophanes/
24194,A man's homeland is wherever he prospers.,Aristophanes,Home,https://www.quotationspage.com/quote/24194.html,https://www.quotationspage.com/quotes/Aristophanes/
24191,Under every stone lurks a politician.,Aristophanes,Politicians,https://www.quotationspage.com/quote/24191.html,https://www.quotationspage.com/quotes/Aristophanes/
24190,Let each man exercise the art he knows.,Aristophanes,Art,https://www.quotationspage.com/quote/24190.html,https://www.quotationspage.com/quotes/Aristophanes/
24189,"This is what extremely grieves us, that a man who never foughtShould contrive our fees to pilfer, on who for his native landNever to this day had oar, or lance, or blister in his hand.",Aristophanes,,https://www.quotationspage.com/quote/24189.html,https://www.quotationspage.com/quotes/Aristophanes/
34200,"A flatterer is a friend who is your inferior, or pretends to be so.",Aristotle,,https://www.quotationspage.com/quote/34200.html,https://www.quotationspage.com/quotes/Aristotle/
31280,A friend is a second self.,Aristotle,,https://www.quotationspage.com/quote/31280.html,https://www.quotationspage.com/quotes/Aristotle/
28890,"All human actions have one or more of these seven causes: chance, nature, compulsion, habit, reason, passion, and desire.",Aristotle,Actions,https://www.quotationspage.com/quote/28890.html,https://www.quotationspage.com/quotes/Aristotle/
1097,All paid jobs absorb and degrade the mind.,Aristotle,Work,https://www.quotationspage.com/quote/1097.html,https://www.quotationspage.com/quotes/Aristotle/
34334,All virtue is summed up in dealing justly.,Aristotle,,https://www.quotationspage.com/quote/34334.html,https://www.quotationspage.com/quotes/Aristotle/
2296,"Dignity consists not in possessing honors, but in the consciousness that we deserve them.",Aristotle,Dignity,https://www.quotationspage.com/quote/2296.html,https://www.quotationspage.com/quotes/Aristotle/
34568,Education is the best provision for the journey to old age.,Aristotle,,https://www.quotationspage.com/quote/34568.html,https://www.quotationspage.com/quotes/Aristotle/
31094,Happiness depends upon ourselves.,Aristotle,Happiness,https://www.quotationspage.com/quote/31094.html,https://www.quotationspage.com/quotes/Aristotle/
41578,How many a dispute could have been deflated into a single paragraph if the disputants had dared to define their terms.,Aristotle,Argument,https://www.quotationspage.com/quote/41578.html,https://www.quotationspage.com/quotes/Aristotle/
26748,"Humor is the only test of gravity, and gravity of humor; for a subject which will not bear raillery is suspicious, and a jest which will not bear serious examination is false wit.",Aristotle,Humor,https://www.quotationspage.com/quote/26748.html,https://www.quotationspage.com/quotes/Aristotle/
41692,"If some animals are good at hunting and others are suitable for hunting, then the Gods must clearly smile on hunting.",Aristotle,Hunting,https://www.quotationspage.com/quote/41692.html,https://www.quotationspage.com/quotes/Aristotle/
28964,It is in justice that the ordering of society is centered.,Aristotle,Justice,https://www.quotationspage.com/quote/28964.html,https://www.quotationspage.com/quotes/Aristotle/
1152,It is the mark of an educated mind to be able to entertain a thought without accepting it.,Aristotle,Education,https://www.quotationspage.com/quote/1152.html,https://www.quotationspage.com/quotes/Aristotle/
26967,It is unbecoming for young men to utter maxims.,Aristotle,Quotations,https://www.quotationspage.com/quote/26967.html,https://www.quotationspage.com/quotes/Aristotle/
28965,Law is mind without reason.,Aristotle,Laws,https://www.quotationspage.com/quote/28965.html,https://www.quotationspage.com/quotes/Aristotle/
29090,"Man perfected by society is the best of all animals; he is the most terrible of all when he lives without law, and without justice.",Aristotle,,https://www.quotationspage.com/quote/29090.html,https://www.quotationspage.com/quotes/Aristotle/
1548,"Men acquire a particular quality by constantly acting a particular way... you become just by performing just actions, temperate by performing temperate actions, brave by performing brave actions.",Aristotle,Actions,https://www.quotationspage.com/quote/1548.html,https://www.quotationspage.com/quotes/Aristotle/
38907,"One swallow does not make a summer, neither does one fine day; similarly one day or brief time of happiness does not make a person entirely happy.",Aristotle,,https://www.quotationspage.com/quote/38907.html,https://www.quotationspage.com/quotes/Aristotle/
25828,Pleasure in the job puts perfection in the work.,Aristotle,Work,https://www.quotationspage.com/quote/25828.html,https://www.quotationspage.com/quotes/Aristotle/
28911,Poverty is the parent of revolution and crime.,Aristotle,"Revolution, Poverty",https://www.quotationspage.com/quote/28911.html,https://www.quotationspage.com/quotes/Aristotle/
41502,"The aim of art is to represent not the outward appearance of things, but their inward significance.",Aristotle,Art,https://www.quotationspage.com/quote/41502.html,https://www.quotationspage.com/quotes/Aristotle/21
462,The gods too are fond of a joke.,Aristotle,God,https://www.quotationspage.com/quote/462.html,https://www.quotationspage.com/quotes/Aristotle/21
39003,"The moral virtues, then, are produced in us neither by nature nor against nature. Nature, indeed, prepares in us the ground for their reception, but their complete formation is the product of habit.",Aristotle,Food,https://www.quotationspage.com/quote/39003.html,https://www.quotationspage.com/quotes/Aristotle/21
28897,The only stable state is the one in which all men are equal before the law.,Aristotle,Equality,https://www.quotationspage.com/quote/28897.html,https://www.quotationspage.com/quotes/Aristotle/21
29295,To give a satisfactory decision as to the truth it is necessary to be rather an arbitrator than a party to the dispute.,Aristotle,,https://www.quotationspage.com/quote/29295.html,https://www.quotationspage.com/quotes/Aristotle/21
28966,To perceive is to suffer.,Aristotle,Suffering,https://www.quotationspage.com/quote/28966.html,https://www.quotationspage.com/quotes/Aristotle/21
1901,"We are what we repeatedly do. Excellence then, is not an act, but a habit.",Aristotle,,https://www.quotationspage.com/quote/1901.html,https://www.quotationspage.com/quotes/Aristotle/21
2073,"Young people are in a condition like permanent intoxication, because youth is sweet and they are growing.",Aristotle,"Age, Youth",https://www.quotationspage.com/quote/2073.html,https://www.quotationspage.com/quotes/Aristotle/21
3226,It is not always the same thing to be a good man and a good citizen.,Aristotle,,https://www.quotationspage.com/quote/3226.html,https://www.quotationspage.com/quotes/Aristotle/21
40116,Evil brings men together.,Aristotle,Evil,https://www.quotationspage.com/quote/40116.html,https://www.quotationspage.com/quotes/Aristotle/21
24256,Misfortune shows those who are not really friends.,Aristotle,Friendship,https://www.quotationspage.com/quote/24256.html,https://www.quotationspage.com/quotes/Aristotle/21
39748,"Wretched, ephemeral race, children of chance and tribulation, why do you force me to tell you the very thing which it would be most profitable for you not to hear? The very best thing is utterly beyond your reach: not to have been born, not to be, to be nothing. However, the second best thing for you is: to die soon.",Aristotle,,https://www.quotationspage.com/quote/39748.html,https://www.quotationspage.com/quotes/Aristotle/21
24226,Education is the best provision for old age.,Aristotle,Education,https://www.quotationspage.com/quote/24226.html,https://www.quotationspage.com/quotes/Aristotle/21
24223,Hope is a waking dream.,Aristotle,"Dreams, Hope",https://www.quotationspage.com/quote/24223.html,https://www.quotationspage.com/quotes/Aristotle/21
24225,I have gained this by philosophy: that I do without being commanded what others do only from fear of the law.,Aristotle,Laws,https://www.quotationspage.com/quote/24225.html,https://www.quotationspage.com/quotes/Aristotle/21
24222,Liars when they speak the truth are not believed.,Aristotle,Lies,https://www.quotationspage.com/quote/24222.html,https://www.quotationspage.com/quotes/Aristotle/21
24224,What is a friend? A single soul dwelling in two bodies.,Aristotle,,https://www.quotationspage.com/quote/24224.html,https://www.quotationspage.com/quotes/Aristotle/21
29862,I count him braver who overcomes his desires than him who overcomes his enemies.,Aristotle,Desire,https://www.quotationspage.com/quote/29862.html,https://www.quotationspage.com/quotes/Aristotle/21
24229,All men by nature desire knowledge.,Aristotle,Knowledge,https://www.quotationspage.com/quote/24229.html,https://www.quotationspage.com/quotes/Aristotle/21
2335,"For the things we have to learn before we can do them, we learn by doing them.",Aristotle,,https://www.quotationspage.com/quote/2335.html,https://www.quotationspage.com/quotes/Aristotle/21
24233,It is possible to fail in many ways...while to succeed is possible only in one way.,Aristotle,"Success, Failure",https://www.quotationspage.com/quote/24233.html,https://www.quotationspage.com/quotes/Aristotle/41
24231,One swallow does not make a summer.,Aristotle,"Summer, Birds",https://www.quotationspage.com/quote/24231.html,https://www.quotationspage.com/quotes/Aristotle/41
24230,Piety requires us to honor truth above our friends.,Aristotle,,https://www.quotationspage.com/quote/24230.html,https://www.quotationspage.com/quotes/Aristotle/41
24236,To be conscious that we are perceiving or thinking is to be conscious of our own existence.,Aristotle,,https://www.quotationspage.com/quote/24236.html,https://www.quotationspage.com/quotes/Aristotle/41
24237,To enjoy the things we ought and to hate the things we ought has the greatest bearing on excellence of character.,Aristotle,Excellence,https://www.quotationspage.com/quote/24237.html,https://www.quotationspage.com/quotes/Aristotle/41
24238,We make war that we may live in peace.,Aristotle,Peace,https://www.quotationspage.com/quote/24238.html,https://www.quotationspage.com/quotes/Aristotle/41
24234,We must as second best...take the least of the evils.,Aristotle,Evil,https://www.quotationspage.com/quote/24234.html,https://www.quotationspage.com/quotes/Aristotle/41
24239,"With regard to excellence, it is not enough to know, but we must try to have and use it.",Aristotle,Excellence,https://www.quotationspage.com/quote/24239.html,https://www.quotationspage.com/quotes/Aristotle/41
1485,"Without friends no one would choose to live, though he had all other goods.",Aristotle,Friendship,https://www.quotationspage.com/quote/1485.html,https://www.quotationspage.com/quotes/Aristotle/41
28930,In the arena of human life the honours and rewards fall to those who show their good qualities.,Aristotle,,https://www.quotationspage.com/quote/28930.html,https://www.quotationspage.com/quotes/Aristotle/41
24228,In all things of nature there is something of the marvelous.,Aristotle,"Nature, Camping",https://www.quotationspage.com/quote/24228.html,https://www.quotationspage.com/quotes/Aristotle/41
24227,Time crumbles things; everything grows old under the power of Time and is forgotten through the lapse of Time.,Aristotle,,https://www.quotationspage.com/quote/24227.html,https://www.quotationspage.com/quotes/Aristotle/41
24247,"A state is not a mere society, having a common place, established for the prevention of mutual crime and for the sake of exchange...Political society exists for the sake of noble actions, and not of mere companionship.",Aristotle,,https://www.quotationspage.com/quote/24247.html,https://www.quotationspage.com/quotes/Aristotle/41
24245,"Again, men in general desire the good, and not merely what their fathers had.",Aristotle,Desire,https://www.quotationspage.com/quote/24245.html,https://www.quotationspage.com/quotes/Aristotle/41
24244,"Even when laws have been written down, they ought not always to remain unaltered.",Aristotle,Laws,https://www.quotationspage.com/quote/24244.html,https://www.quotationspage.com/quotes/Aristotle/41
24242,"He who is unable to live in society, or who has no need because he is sufficient for himself, must be either a beast or a god.",Aristotle,Society,https://www.quotationspage.com/quote/24242.html,https://www.quotationspage.com/quotes/Aristotle/41
24248,"If liberty and equality, as is thought by some are chiefly to be found in democracy, they will be best attained when all persons alike share in the government to the utmost.",Aristotle,"Democracy, Equality",https://www.quotationspage.com/quote/24248.html,https://www.quotationspage.com/quotes/Aristotle/41
24243,"It is the nature of desire not to be satisfied, and most men live only for the gratification of it.",Aristotle,Desire,https://www.quotationspage.com/quote/24243.html,https://www.quotationspage.com/quotes/Aristotle/41
24251,"Law is order, and good law is good order.",Aristotle,Laws,https://www.quotationspage.com/quote/24251.html,https://www.quotationspage.com/quotes/Aristotle/41
24240,Man is by nature a political animal.,Aristotle,Politics,https://www.quotationspage.com/quote/24240.html,https://www.quotationspage.com/quotes/Aristotle/41
24241,Nature does nothing uselessly.,Aristotle,Nature,https://www.quotationspage.com/quote/24241.html,https://www.quotationspage.com/quotes/Aristotle/61
24250,The basis of a democratic state is liberty.,Aristotle,Freedom,https://www.quotationspage.com/quote/24250.html,https://www.quotationspage.com/quotes/Aristotle/61
33378,The best political community is formed by citizens of the middle class.,Aristotle,Community,https://www.quotationspage.com/quote/33378.html,https://www.quotationspage.com/quotes/Aristotle/61
24246,They should rule who are able to rule best.,Aristotle,,https://www.quotationspage.com/quote/24246.html,https://www.quotationspage.com/quotes/Aristotle/61
24249,Well begun is half done.,Aristotle,,https://www.quotationspage.com/quote/24249.html,https://www.quotationspage.com/quotes/Aristotle/61
41319,"When several villages are united in a single complete community, large enough to nearly or quite self-sufficing, the state comes into existence, originating in the bare needs of life, and continuing in existence for the sake of a good life.",Aristotle,Civilization,https://www.quotationspage.com/quote/41319.html,https://www.quotationspage.com/quotes/Aristotle/61
24255,A likely impossibility is always preferable to an unconvincing possibility.,Aristotle,,https://www.quotationspage.com/quote/24255.html,https://www.quotationspage.com/quotes/Aristotle/61
24254,"A whole is that which has beginning, middle and end.",Aristotle,,https://www.quotationspage.com/quote/24254.html,https://www.quotationspage.com/quotes/Aristotle/61
24252,Evil draws men together.,Aristotle,Evil,https://www.quotationspage.com/quote/24252.html,https://www.quotationspage.com/quotes/Aristotle/61
24253,It is simplicity that makes the uneducated more effective than the educated when addressing popular audiences.,Aristotle,Simplicity,https://www.quotationspage.com/quote/24253.html,https://www.quotationspage.com/quotes/Aristotle/61
39047,He can make me love something just by showing me the energy with which he loves it.,Heather Armstrong,,https://www.quotationspage.com/quote/39047.html,https://www.quotationspage.com/quotes/Heather_Armstrong/
38315,"That’s the miracle of babies, their ability to lay bare the tender, beating hearts of raging assholes.",Heather Armstrong,,https://www.quotationspage.com/quote/38315.html,https://www.quotationspage.com/quotes/Heather_Armstrong/
38491,"That’s sort of a cliché about parents. We all believe that our children are the most beautiful children in the world. But the thing is, what no one really talks about is the fact that we all really believe it.",Heather Armstrong,Parents,https://www.quotationspage.com/quote/38491.html,https://www.quotationspage.com/quotes/Heather_Armstrong/
39041,"People often write me and ask how I keep my wood floors so clean when I live with a child and a dog, and my answer is that I use a technique called Suffering From a Mental Illness.",Heather Armstrong,,https://www.quotationspage.com/quote/39041.html,https://www.quotationspage.com/quotes/Heather_Armstrong/
37729,"This is part of the essence of motherhood, watching your kid grow into her own person and not being able to do anything about it. Otherwise children would be nothing more than pets.",Heather Armstrong,Parents,https://www.quotationspage.com/quote/37729.html,https://www.quotationspage.com/quotes/Heather_Armstrong/
38257,"I have to live the content, then come back and write about it.",Heather Armstrong,,https://www.quotationspage.com/quote/38257.html,https://www.quotationspage.com/quotes/Heather_Armstrong/
38260,I usually approach things with the idea that I will take something out of everything I do.,Heather Armstrong,,https://www.quotationspage.com/quote/38260.html,https://www.quotationspage.com/quotes/Heather_Armstrong/
38261,Keep writing. Keep doing it and doing it. Even in the moments when it's so hurtful to think about writing.,Heather Armstrong,Writing,https://www.quotationspage.com/quote/38261.html,https://www.quotationspage.com/quotes/Heather_Armstrong/
38259,People think they have the right to judge everything that I do.,Heather Armstrong,,https://www.quotationspage.com/quote/38259.html,https://www.quotationspage.com/quotes/Heather_Armstrong/
38256,"There are certain sacred things in my life that I would never talk about. Because they are clear in my head, I can walk freely around the opposite side. I keep them completely separate in my mind.",Heather Armstrong,,https://www.quotationspage.com/quote/38256.html,https://www.quotationspage.com/quotes/Heather_Armstrong/
38322,"We think the cross to bear is not for those who are gay, but those who believe in crosses in the first place.",Jon Armstrong,,https://www.quotationspage.com/quote/38322.html,https://www.quotationspage.com/quotes/Jon_Armstrong/
27042,What we play is life.,Louis Armstrong,Art,https://www.quotationspage.com/quote/27042.html,https://www.quotationspage.com/quotes/Louis_Armstrong/
11195,"Houston, Tranquility Base here. The eagle has landed.",Neil Armstrong,,https://www.quotationspage.com/quote/11195.html,https://www.quotationspage.com/quotes/Neil_Armstrong/
24883,"That's one small step for [a] man, one giant leap for mankind.",Neil Armstrong,,https://www.quotationspage.com/quote/24883.html,https://www.quotationspage.com/quotes/Neil_Armstrong/
36465,I hope you become comfortable with the use of logic without being deceived into concluding that logic will inevitably lead you to the correct conclusion.,Neil Armstrong,,https://www.quotationspage.com/quote/36465.html,https://www.quotationspage.com/quotes/Neil_Armstrong/
29758,The living need charity more than the dead.,George Arnold,Charity,https://www.quotationspage.com/quote/29758.html,https://www.quotationspage.com/quotes/George_Arnold/
3244,The freethinking of one age is the common sense of the next.,Matthew Arnold,Common Sense,https://www.quotationspage.com/quote/3244.html,https://www.quotationspage.com/quotes/Matthew_Arnold/
3060,"The true meaning of religion is thus not simply morality, but morality touched by emotion.",Matthew Arnold,Religion,https://www.quotationspage.com/quote/3060.html,https://www.quotationspage.com/quotes/Matthew_Arnold/
2921,"Resolve to be thyself: and know, that he who finds himself, loses his misery.",Matthew Arnold,,https://www.quotationspage.com/quote/2921.html,https://www.quotationspage.com/quotes/Matthew_Arnold/
3059,Truth sits upon the lips of dying men.,Matthew Arnold,Truth,https://www.quotationspage.com/quote/3059.html,https://www.quotationspage.com/quotes/Matthew_Arnold/
36838,"We do not die because we have to die; we die because one day, and not so long ago, our consciousness was forced to deem it necessary.",Antonin Artaud,Death,https://www.quotationspage.com/quote/36838.html,https://www.quotationspage.com/quotes/Antonin_Artaud/
33451,What's the use of worrying? It never was worthwhile.,George Asaf,Relaxation,https://www.quotationspage.com/quote/33451.html,https://www.quotationspage.com/quotes/George_Asaf/
38910,"Not the power to remember, but its very opposite, the power to forget, is a necessary condition for our existence.",Sholem Asch,,https://www.quotationspage.com/quote/38910.html,https://www.quotationspage.com/quotes/Sholem_Asch/
1699,"If you think you can, you can. And if you think you can't, you're right.",Mary Kay Ash,,https://www.quotationspage.com/quote/1699.html,https://www.quotationspage.com/quotes/Mary_Kay_Ash/
1664,People fail forward to success.,Mary Kay Ash,Success,https://www.quotationspage.com/quote/1664.html,https://www.quotationspage.com/quotes/Mary_Kay_Ash/
27233,"The engineer is the key figure in the material progress of the world. It is his engineering that makes a reality of the potential value of science by translating scientific knowledge into tools, resources, energy and labor to bring them into the service of man ... To make contributions of this kind the engineer requires the imagination to visualize the needs of society and to appreciate what is possible as well as the technological and broad social age understanding to bring his vision to reality.",Sir Eric Ashby,Engineering,https://www.quotationspage.com/quote/27233.html,https://www.quotationspage.com/quotes/Sir_Eric_Ashby/
32146,"Unique among the nations, America recognized the source of our character as being godly and eternal, not being civic and temporal. And because we have understood that our source is eternal, America has been different. We have no king but Jesus.",John Ashcroft,,https://www.quotationspage.com/quote/32146.html,https://www.quotationspage.com/quotes/John_Ashcroft/
39111,"I think the Internet is uniquely suited to this free market idea: that everyone on the Internet that exchanges the traffic back and forth, big or small, we all need each other.",Pete Ashdown,Internet,https://www.quotationspage.com/quote/39111.html,https://www.quotationspage.com/quotes/Pete_Ashdown/
31294,"Success is a journey, not a destination. The doing is often more important than the outcome.",Arthur Ashe,,https://www.quotationspage.com/quote/31294.html,https://www.quotationspage.com/quotes/Arthur_Ashe/
31215,"Truth has beauty, power and necessity.",Sylvia Ashton-Warner,,https://www.quotationspage.com/quote/31215.html,https://www.quotationspage.com/quotes/Sylvia_Ashton-Warner/
731,I do not fear computers. I fear the lack of them.,Isaac Asimov,Computers,https://www.quotationspage.com/quote/731.html,https://www.quotationspage.com/quotes/Isaac_Asimov/
39869,"I write for the same reason I breathe - because if I didn't, I would die.",Isaac Asimov,,https://www.quotationspage.com/quote/39869.html,https://www.quotationspage.com/quotes/Isaac_Asimov/
26258,"If knowledge can create problems, it is not through ignorance that we can solve them.",Isaac Asimov,"Knowledge, Ignorance",https://www.quotationspage.com/quote/26258.html,https://www.quotationspage.com/quotes/Isaac_Asimov/
730,"It pays to be obvious, especially if you have a reputation for subtlety.",Isaac Asimov,,https://www.quotationspage.com/quote/730.html,https://www.quotationspage.com/quotes/Isaac_Asimov/
1071,Life is pleasant. Death is peaceful. It's the transition that's troublesome.,Isaac Asimov,"Life, Death",https://www.quotationspage.com/quote/1071.html,https://www.quotationspage.com/quotes/Isaac_Asimov/
1373,Never let your sense of morals get in the way of doing what's right.,Isaac Asimov,Morality,https://www.quotationspage.com/quote/1373.html,https://www.quotationspage.com/quotes/Isaac_Asimov/
23606,"Part of the inhumanity of the computer is that, once it is competently programmed and working smoothly, it is completely honest.",Isaac Asimov,Computers,https://www.quotationspage.com/quote/23606.html,https://www.quotationspage.com/quotes/Isaac_Asimov/
9429,"Science can be introduced to children well or poorly. If poorly, children can be turned away from science; they can develop a lifelong antipathy; they will be in a far worse condition than if they had never been introduced to science at all.",Isaac Asimov,,https://www.quotationspage.com/quote/9429.html,https://www.quotationspage.com/quotes/Isaac_Asimov/
470,"The most exciting phrase to hear in science, the one that heralds new discoveries, is not 'Eureka!' (I found it!) but 'That's funny ...'",Isaac Asimov,"Science, Discovery",https://www.quotationspage.com/quote/470.html,https://www.quotationspage.com/quotes/Isaac_Asimov/
42578,"There is a cult of ignorance in the United States, and there has always been. The strain of anti-intellectualism has been a constant thread winding its way through our political and cultural life, nurtured by the false notion that democracy means that 'my ignorance is just as good as your knowledge'.",Isaac Asimov,Ignorance,https://www.quotationspage.com/quote/42578.html,https://www.quotationspage.com/quotes/Isaac_Asimov/
2773,"You must keep sending work out; you must never let a manuscript do nothing but eat its head off in a drawer. You send that work out again and again, while you're working on another one. If you have talent, you will receive some measure of success - but only if you persist.",Isaac Asimov,"Writing, Persistence",https://www.quotationspage.com/quote/2773.html,https://www.quotationspage.com/quotes/Isaac_Asimov/
24884,"One, a robot may not injure a human being, or through inaction, allow a human being to come to harm;Two, a robot must obey the orders given it by human beings except where such orders would conflict with the First Law; Three, a robot must protect its own existence as long as such protection does not conflict with the First or Second Laws.",Isaac Asimov,,https://www.quotationspage.com/quote/24884.html,https://www.quotationspage.com/quotes/Isaac_Asimov/
29885,Violence is the last refuge of the incompetent.,Isaac Asimov,Violence,https://www.quotationspage.com/quote/29885.html,https://www.quotationspage.com/quotes/Isaac_Asimov/
23658,"If living conditions don't stop improving in this country, we're going to run out of humble beginnings for our great men.",Russell P. Askue,,https://www.quotationspage.com/quote/23658.html,https://www.quotationspage.com/quotes/Russell_P._Askue/
29352,It is forbidden to decry other sects; the true believer gives honour to whatever in them is worthy of honour.,Asoka,,https://www.quotationspage.com/quote/29352.html,https://www.quotationspage.com/quotes/Asoka/
60,Youth would be an ideal state if it came a little later in life.,Herbert Henry Asquith,Youth,https://www.quotationspage.com/quote/60.html,https://www.quotationspage.com/quotes/Herbert_Henry_Asquith/
1180,"What a pity, when Christopher Colombus discovered America, that he ever mentioned it.",Margot Asquith,America,https://www.quotationspage.com/quote/1180.html,https://www.quotationspage.com/quotes/Margot_Asquith/
32563,They say that blood is thicker than water. Maybe that's why we battle our own with more energy and gusto than we would ever expend on strangers.,David Assael,Family,https://www.quotationspage.com/quote/32563.html,https://www.quotationspage.com/quotes/David_Assael/
32564,"We're not talking about historical accuracy, we're talking about art. I've set in motion a geometric inevitability. If I start chiseling there, chipping here, the whole form is compromised.",David Assael,,https://www.quotationspage.com/quote/32564.html,https://www.quotationspage.com/quotes/David_Assael/
32477,"Be open to your dreams, people. Embrace that distant shore. Because our mortal journey is over all too soon.",David Assael,Death,https://www.quotationspage.com/quote/32477.html,https://www.quotationspage.com/quotes/David_Assael/
32468,Sometimes it's hard to avoid the happiness of others.,David Assael,Happiness,https://www.quotationspage.com/quote/32468.html,https://www.quotationspage.com/quotes/David_Assael/
32433,"After you've been in a place for a while, everything starts to look... I won't say better, there's no need to go to extremes...but your everyday life does start to become...familiar.",David Assael,,https://www.quotationspage.com/quote/32433.html,https://www.quotationspage.com/quotes/David_Assael/
32449,"Well, spring sprang. We've had our state of grace and our little gift of sanctioned madness, courtesy of Mother Nature. Thanks, Gaia. Much obliged. I guess it's time to get back to that daily routine of living we like to call normal.",David Assael,Spring,https://www.quotationspage.com/quote/32449.html,https://www.quotationspage.com/quotes/David_Assael/
41811,"Old age is like everything else. To make a success of it, you've got to start young.",Fred Astaire,Age,https://www.quotationspage.com/quote/41811.html,https://www.quotationspage.com/quotes/Fred_Astaire/
38165,"If all men are born free, how is it that all women are born slaves?",Mary Astell,,https://www.quotationspage.com/quote/38165.html,https://www.quotationspage.com/quotes/Mary_Astell/
732,"When someone tells you something defies description, you can be pretty sure he's going to have a go at it anyway.",Clyde B. Aster,,https://www.quotationspage.com/quote/732.html,https://www.quotationspage.com/quotes/Clyde_B._Aster/
40170,A man's looks are measured by the depth of his pockets.,Elizabeth Aston,,https://www.quotationspage.com/quote/40170.html,https://www.quotationspage.com/quotes/Elizabeth_Aston/
40171,Anyone may have diamonds: an heirloom is an ornament of quite a different kind.,Elizabeth Aston,Wealth,https://www.quotationspage.com/quote/40171.html,https://www.quotationspage.com/quotes/Elizabeth_Aston/
40172,"People make one happy, not houses? I do not think so. Houses are more to be trusted than people.",Elizabeth Aston,,https://www.quotationspage.com/quote/40172.html,https://www.quotationspage.com/quotes/Elizabeth_Aston/
40255,"One's life is not as fixed as one believes. Surprises may lie in store for you, the unexpected often tends to happen, sometimes bringing in its train the most delightful change in one's life or circumstances.",Elizabeth Aston,,https://www.quotationspage.com/quote/40255.html,https://www.quotationspage.com/quotes/Elizabeth_Aston/
40254,"The first rule of life is to reveal nothing, to be exceptionally cautious in what you say, in whatever company you may find yourself. If you have a secret, you have only to whisper it to your dearest friend with the strictest injunction that it will go no further, and within half a day the story is all over town, and when you do make what would seem to be a perfectly sensible remark, you will find it reported in the most grotesque form, thus incurring no end of criticism to rebound upon you.",Elizabeth Aston,Secrets,https://www.quotationspage.com/quote/40254.html,https://www.quotationspage.com/quotes/Elizabeth_Aston/
40240,"Anyone who goes through life trusting people without making sure they are worthy of trust is a fool. Yet there are people who may be trusted, men as well as women. There are are as many difference in their natures as there are flowers in these meadows.",Elizabeth Aston,Trust,https://www.quotationspage.com/quote/40240.html,https://www.quotationspage.com/quotes/Elizabeth_Aston/
40238,Easy enough to dismiss others' problems when you had none of your own.,Elizabeth Aston,,https://www.quotationspage.com/quote/40238.html,https://www.quotationspage.com/quotes/Elizabeth_Aston/
40237,How close the sexes sometimes come to one another. It is as much a matter of behaviour and the spere in which they move that separates the masculine part of humanity from the feminine.,Elizabeth Aston,Men And Women,https://www.quotationspage.com/quote/40237.html,https://www.quotationspage.com/quotes/Elizabeth_Aston/
40235,It is a sadness of growing older that we lose our ardent appreciation of what is new and different and difficult.,Elizabeth Aston,Age,https://www.quotationspage.com/quote/40235.html,https://www.quotationspage.com/quotes/Elizabeth_Aston/
40234,"Mountains inspire awe in any human person who has a soul. They remind us of our frailty, our unimportance, of the briefness of our span upon this earth. They touch the heavens, and sail serenely at an altitude beyond even the imaginings of a mere mortal.",Elizabeth Aston,"Nature, Camping",https://www.quotationspage.com/quote/40234.html,https://www.quotationspage.com/quotes/Elizabeth_Aston/
40239,"One remembers horrors, I think, for the rest of one's life, but memories do not always remain so sharp, and with time, and new circumstance, do not affect us so powerfully.",Elizabeth Aston,,https://www.quotationspage.com/quote/40239.html,https://www.quotationspage.com/quotes/Elizabeth_Aston/
40232,One's first love is always perfect until one meets one's second love.,Elizabeth Aston,Love,https://www.quotationspage.com/quote/40232.html,https://www.quotationspage.com/quotes/Elizabeth_Aston/
40236,"There was no escaping by means of any journey, however adventurous, one took one's problems and sorrows with one.",Elizabeth Aston,,https://www.quotationspage.com/quote/40236.html,https://www.quotationspage.com/quotes/Elizabeth_Aston/
40233,"You can't jump down the stairs in one leap, however much you might wish to, and you even more surely can't jump up it, but one step and then the next and there you are, at the top or the bottom and not a bit out of breath or discomposed.",Elizabeth Aston,,https://www.quotationspage.com/quote/40233.html,https://www.quotationspage.com/quotes/Elizabeth_Aston/
40251,Clergymen have much the same in their breeches as other men.,Elizabeth Aston,Religion,https://www.quotationspage.com/quote/40251.html,https://www.quotationspage.com/quotes/Elizabeth_Aston/
40249,What is right for one couple is wrong for another. I would say that there are many more important factors to a happy marriage.,Elizabeth Aston,Marriage,https://www.quotationspage.com/quote/40249.html,https://www.quotationspage.com/quotes/Elizabeth_Aston/
40250,"When men are scared of a woman, they always accuse her of being mannish.",Elizabeth Aston,,https://www.quotationspage.com/quote/40250.html,https://www.quotationspage.com/quotes/Elizabeth_Aston/
40248,"You would not think that birds who have no brain at all could become so friendly. I swear some of them are more intelligent than many humans, but that says more about our fellow beings than it does about the birds.",Elizabeth Aston,,https://www.quotationspage.com/quote/40248.html,https://www.quotationspage.com/quotes/Elizabeth_Aston/
40245,"Charge less, but charge. Otherwise, you will not be taken seriously, and you do your fellow artists no favours if you undercut the market.",Elizabeth Aston,Business,https://www.quotationspage.com/quote/40245.html,https://www.quotationspage.com/quotes/Elizabeth_Aston/
40244,Concern for someone else was a good remedy for taking the mind off one's own troubles.,Elizabeth Aston,,https://www.quotationspage.com/quote/40244.html,https://www.quotationspage.com/quotes/Elizabeth_Aston/
40246,"It is all very well, when the pen flows, but then there are the dark days when imagination deserts one, and it is an effort to put anything down on paper. That little you have achieved stares at you at the end of the day, and you know the next morning you will have to scrape it down and start again.",Elizabeth Aston,Art,https://www.quotationspage.com/quote/40246.html,https://www.quotationspage.com/quotes/Elizabeth_Aston/21
40243,"It's not what you want in this life, it's what you get that you have to do with.",Elizabeth Aston,,https://www.quotationspage.com/quote/40243.html,https://www.quotationspage.com/quotes/Elizabeth_Aston/21
40241,Love has no place in a lawyer's office.,Elizabeth Aston,,https://www.quotationspage.com/quote/40241.html,https://www.quotationspage.com/quotes/Elizabeth_Aston/21
40242,"The trouble with lies was that once started, the fiction had to be continued, and it was hard always to be remembering details that you had made up upon the spur of the moment.",Elizabeth Aston,,https://www.quotationspage.com/quote/40242.html,https://www.quotationspage.com/quotes/Elizabeth_Aston/21
40247,"We have to have the money to do the work we want to do, as well as to keep a roof over our heads and food on the table. Fat commissions are good, but not always easy to come by, and each new painting takes its time. So we need to find every way possible to earn extra income from our work.",Elizabeth Aston,,https://www.quotationspage.com/quote/40247.html,https://www.quotationspage.com/quotes/Elizabeth_Aston/21
21450,I married beneath me - all women do.,Nancy Astor,,https://www.quotationspage.com/quote/21450.html,https://www.quotationspage.com/quotes/Nancy_Astor/
61,One reason I don't drink is that I want to know when I am having a good time.,Nancy Astor,Drinking,https://www.quotationspage.com/quote/61.html,https://www.quotationspage.com/quotes/Nancy_Astor/
38889,The main dangers in this life are the people who want to change everything - or nothing.,Nancy Astor,,https://www.quotationspage.com/quote/38889.html,https://www.quotationspage.com/quotes/Nancy_Astor/
22222,The only thing I like about rich people is their money.,Nancy Astor,,https://www.quotationspage.com/quote/22222.html,https://www.quotationspage.com/quotes/Nancy_Astor/
1345,The penalty for success is to be bored by the people who used to snub you.,Nancy Astor,Boredom,https://www.quotationspage.com/quote/1345.html,https://www.quotationspage.com/quotes/Nancy_Astor/
1827,"I used to dread getting older because I thought I would not be able to do all the things I wanted to do, but now that I am older I find that I don't want to do them.",Nancy Astor,,https://www.quotationspage.com/quote/1827.html,https://www.quotationspage.com/quotes/Nancy_Astor/
38862,Peace at home is peace in the country. Peace in the country is peace in the world.,Mustafa Kemal Ataturk,,https://www.quotationspage.com/quote/38862.html,https://www.quotationspage.com/quotes/Mustafa_Kemal_Ataturk/
33836,Science is the only true guide in life.,Mustafa Kemal Ataturk,,https://www.quotationspage.com/quote/33836.html,https://www.quotationspage.com/quotes/Mustafa_Kemal_Ataturk/
33837,Freedom and independence form my character.,Mustafa Kemal Ataturk,,https://www.quotationspage.com/quote/33837.html,https://www.quotationspage.com/quotes/Mustafa_Kemal_Ataturk/
24885,In every age 'the good old days' were a myth. No one ever thought they were good at the time. For every age has consisted of crises that seemed intolerable to the people who lived through them.,Brooks Atkinson,,https://www.quotationspage.com/quote/24885.html,https://www.quotationspage.com/quotes/Brooks_Atkinson/
33374,The perfect bureaucrat everywhere is the man who manages to make no decisions and escape all responsibility.,Brooks Atkinson,"Bureaucracy, Responsibility",https://www.quotationspage.com/quote/33374.html,https://www.quotationspage.com/quotes/Brooks_Atkinson/
38571,External signs of wealth and success are often cheap storefronts that hide internal mediocrity or even incompetence.,Gordon Atkinson,,https://www.quotationspage.com/quote/38571.html,https://www.quotationspage.com/quotes/Gordon_Atkinson/
38118,No one forgives with more grace and love than a child.,Gordon Atkinson,Forgiveness,https://www.quotationspage.com/quote/38118.html,https://www.quotationspage.com/quotes/Gordon_Atkinson/
35689,I write because I'm afraid to say some things out loud.,Gordon Atkinson,Writing,https://www.quotationspage.com/quote/35689.html,https://www.quotationspage.com/quotes/Gordon_Atkinson/
35801,Knowing that there is worse pain doesn't make present pain hurt any less.,Gordon Atkinson,,https://www.quotationspage.com/quote/35801.html,https://www.quotationspage.com/quotes/Gordon_Atkinson/
38314,"One of the joys we have in being human is in exercising our freedom to choose and to take each case as it comes to us. We are not robots who are forced into behaviors by their programming. We see things; we think about things; and we choose our course of action or beliefs appropriately. And as long as that remains true of us, we will live every day of our lives on one slippery slope or another. There is no reason to fear this.",Gordon Atkinson,,https://www.quotationspage.com/quote/38314.html,https://www.quotationspage.com/quotes/Gordon_Atkinson/
35802,"When someone is giving you their theology, their God words, you should listen hard and be very gentle. The time to deliver your God words is when you are asked.",Gordon Atkinson,God,https://www.quotationspage.com/quote/35802.html,https://www.quotationspage.com/quotes/Gordon_Atkinson/
35952,"Dignity comes not from control, but from understanding who you are and taking your rightful place in the world.",Gordon Atkinson,Dignity,https://www.quotationspage.com/quote/35952.html,https://www.quotationspage.com/quotes/Gordon_Atkinson/
38530,"Your world is made of your memories, and your memories are given to you by your world. The whispering voice of happenstance is always in our ears. 'This is the world. This is the way things are. Look. Pay attention. Remember.'",Gordon Atkinson,,https://www.quotationspage.com/quote/38530.html,https://www.quotationspage.com/quotes/Gordon_Atkinson/
33755,Doubting God's existence is okay and perfectly acceptable within Christianity as long as the person doubting remains obedient and committed to the Christian path.,Gordon Atkinson,God,https://www.quotationspage.com/quote/33755.html,https://www.quotationspage.com/quotes/Gordon_Atkinson/
33769,"When you really trust someone, you have to be okay with not understanding some things.",Gordon Atkinson,"Trust, Understanding",https://www.quotationspage.com/quote/33769.html,https://www.quotationspage.com/quotes/Gordon_Atkinson/
39070,"If you want to write you must have faith in yourself. Faith enough to believe that if a thing is true about you, it is likely true about many people. And if you can have faith in your integrity and your motives, then you can write about yourself without fear.",Gordon Atkinson,Writing,https://www.quotationspage.com/quote/39070.html,https://www.quotationspage.com/quotes/Gordon_Atkinson/
39069,"See things as they are and write about them. Don’t waste your creative energy trying to make things up. Even if you are writing fiction, write the things you see and know.",Gordon Atkinson,Writing,https://www.quotationspage.com/quote/39069.html,https://www.quotationspage.com/quotes/Gordon_Atkinson/
37155,Some things you do because you want to. Some things you do because of the needs of others in your family.,Gordon Atkinson,,https://www.quotationspage.com/quote/37155.html,https://www.quotationspage.com/quotes/Gordon_Atkinson/
40125,"The human heart cannot love the whole world. And if you try to put the whole world into your heart, you will eventually lose touch with your own humanity.",Gordon Atkinson,,https://www.quotationspage.com/quote/40125.html,https://www.quotationspage.com/quotes/Gordon_Atkinson/
31766,One thing is clear to me. You can't know everything you'd like to know. You can't do everything you'd like to do. You can't read everything you'd like to read. You must hold onto some things and let go of others. Learning to make that choice is one of the big lessons of this life.,Gordon Atkinson,,https://www.quotationspage.com/quote/31766.html,https://www.quotationspage.com/quotes/Gordon_Atkinson/
34134,Good writing takes more than just time; it wants your best moments and the best of you.,Gordon Atkinson,Writing,https://www.quotationspage.com/quote/34134.html,https://www.quotationspage.com/quotes/Gordon_Atkinson/
31379,"It's not foresight or hindsight we need. We need sight, plain and simple. We need to see what is right in front of us.",Gordon Atkinson,,https://www.quotationspage.com/quote/31379.html,https://www.quotationspage.com/quotes/Gordon_Atkinson/
31366,"When life seems chaotic, you don't need people giving you easy answers or cheap promises. There might not be any answers to your problems. What you need is a safe place where you can bounce with people who have taken some bad hops of their own.",Gordon Atkinson,Promises,https://www.quotationspage.com/quote/31366.html,https://www.quotationspage.com/quotes/Gordon_Atkinson/
31367,"I’m telling you, things are getting out of hand. Or maybe I’m discovering that things were never in my hands.",Gordon Atkinson,,https://www.quotationspage.com/quote/31367.html,https://www.quotationspage.com/quotes/Gordon_Atkinson/
31408,There isn’t much better in this life than finding a way to spend a few hours in conversation with people you respect and love. You have to carve this time out of your life because you aren’t really living without it.,Gordon Atkinson,"Friendship, Conversation",https://www.quotationspage.com/quote/31408.html,https://www.quotationspage.com/quotes/Gordon_Atkinson/
31369,"The only comfort comes in thinking about how nice it was to know them, and how nice it was to brush against goodness for a season.",Gordon Atkinson,,https://www.quotationspage.com/quote/31369.html,https://www.quotationspage.com/quotes/Gordon_Atkinson/21
31371,Fidelity to commitment in the face of doubts and fears is a very spiritual thing.,Gordon Atkinson,,https://www.quotationspage.com/quote/31371.html,https://www.quotationspage.com/quotes/Gordon_Atkinson/21
31370,"I believe love is primarily a choice and only sometimes a feeling. If you want to feel love, choose to love and be patient.",Gordon Atkinson,Love,https://www.quotationspage.com/quote/31370.html,https://www.quotationspage.com/quotes/Gordon_Atkinson/21
31372,My life is the story of a man who always wants to carry too much. My spiritual quest is the painful process of learning to let go of things not essential.,Gordon Atkinson,,https://www.quotationspage.com/quote/31372.html,https://www.quotationspage.com/quotes/Gordon_Atkinson/21
31374,"God, I don’t have great faith, but I can be faithful. My belief in you may be seasonal, but my faithfulness will not. I will follow in the way of Christ. I will act as though my life and the lives of others matter. I will love. I have no greater gift to offer than my life. Take it.",Gordon Atkinson,Faith,https://www.quotationspage.com/quote/31374.html,https://www.quotationspage.com/quotes/Gordon_Atkinson/21
31373,"We think having faith means being convinced God exists in the same way we are convinced a chair exists. People who cannot be completely convinced of God’s existence think faith is impossible for them. Not so. People who doubt can have great faith because faith is something you do, not something you think. In fact, the greater your doubt the more heroic your faith.",Gordon Atkinson,Faith,https://www.quotationspage.com/quote/31373.html,https://www.quotationspage.com/quotes/Gordon_Atkinson/21
31378,"EVERY path may lead you to God, even the weird ones. Most of us are on a journey. We’re looking for something, though we’re not always sure what that is. The way is foggy much of the time. I suggest you slow down and follow some of the side roads that appear suddenly in the mist.",Gordon Atkinson,God,https://www.quotationspage.com/quote/31378.html,https://www.quotationspage.com/quotes/Gordon_Atkinson/21
33036,"I’m searching through all that has ever been hoped, in praise of what can never be known.",Gordon Atkinson,God,https://www.quotationspage.com/quote/33036.html,https://www.quotationspage.com/quotes/Gordon_Atkinson/21
32533,This isn't good or bad. It's just the way of things. Nothing stays the same.,Gordon Atkinson,Change,https://www.quotationspage.com/quote/32533.html,https://www.quotationspage.com/quotes/Gordon_Atkinson/21
32532,"I have been truthful all along the way. The truth is more interesting, and if you tell the truth you never have to cover your tracks.",Gordon Atkinson,Truth,https://www.quotationspage.com/quote/32532.html,https://www.quotationspage.com/quotes/Gordon_Atkinson/21
32531,"I think people want their illusions and writers are mostly illusion. When you read their words, you read a flattened, incomplete version of the writer.",Gordon Atkinson,Writing,https://www.quotationspage.com/quote/32531.html,https://www.quotationspage.com/quotes/Gordon_Atkinson/21
31376,I don’t think anyone can DO anything that would make him worthy of love. Love is a gift and cannot be earned. It can only be given.,Gordon Atkinson,Love,https://www.quotationspage.com/quote/31376.html,https://www.quotationspage.com/quotes/Gordon_Atkinson/21
31377,Integrity combined with faithfulness is a powerful force and worthy of great respect.,Gordon Atkinson,Integrity,https://www.quotationspage.com/quote/31377.html,https://www.quotationspage.com/quotes/Gordon_Atkinson/21
32705,"This is the challenge of writing. You have to be very emotionally engaged in what you’re doing, or it comes out flat. You can’t fake your way through this.",Gordon Atkinson,Writing,https://www.quotationspage.com/quote/32705.html,https://www.quotationspage.com/quotes/Gordon_Atkinson/21
31375,"When someone allows you to bear his burdens, you have found deep friendship.",Gordon Atkinson,Friendship,https://www.quotationspage.com/quote/31375.html,https://www.quotationspage.com/quotes/Gordon_Atkinson/21
31383,"Forgiveness does not always lead to a healed relationship. Some people are not capable of love, and it might be wise to let them go along with your anger. Wish them well, and let them go their way.",Gordon Atkinson,Forgiveness,https://www.quotationspage.com/quote/31383.html,https://www.quotationspage.com/quotes/Gordon_Atkinson/21
31380,"Forgiveness is the healing of wounds caused by another. You choose to let go of a past wrong and no longer be hurt by it. Forgiveness is a strong move to make, like turning your shoulders sideways to walk quickly on a crowded sidewalk. It's your move.",Gordon Atkinson,Forgiveness,https://www.quotationspage.com/quote/31380.html,https://www.quotationspage.com/quotes/Gordon_Atkinson/21
31381,It really doesn't matter if the person who hurt you deserves to be forgiven. Forgiveness is a gift you give yourself. You have things to do and you want to move on.,Gordon Atkinson,Forgiveness,https://www.quotationspage.com/quote/31381.html,https://www.quotationspage.com/quotes/Gordon_Atkinson/21
31382,You can pray for someone even if you don't think God exists.,Gordon Atkinson,Prayer,https://www.quotationspage.com/quote/31382.html,https://www.quotationspage.com/quotes/Gordon_Atkinson/21
31886,Love the ones you can. Touch the ones you can reach. Let the others go.,Gordon Atkinson,,https://www.quotationspage.com/quote/31886.html,https://www.quotationspage.com/quotes/Gordon_Atkinson/21
31885,"You can forget a lot of things, but you cannot forget a womanâ€™s name and claim to love her.",Gordon Atkinson,Friendship,https://www.quotationspage.com/quote/31885.html,https://www.quotationspage.com/quotes/Gordon_Atkinson/41
31887,You can't love anyone until you understand that you can't love everyone.,Gordon Atkinson,Love,https://www.quotationspage.com/quote/31887.html,https://www.quotationspage.com/quotes/Gordon_Atkinson/41
31476,"And so faith is closing your eyes and following the breath of your soul down to the bottom of life, where existence and nonexistence have merged into irrelevance. All that matters is the little part you play in the vast drama.",Gordon Atkinson,Faith,https://www.quotationspage.com/quote/31476.html,https://www.quotationspage.com/quotes/Gordon_Atkinson/41
31475,"The universe seems wondrous to me, with or without God. It has powerful lines and uncompromising ways. Patience and time sit like sages on the planets, strong and impersonal. There is a stark beauty to all of this.",Gordon Atkinson,Faith,https://www.quotationspage.com/quote/31475.html,https://www.quotationspage.com/quotes/Gordon_Atkinson/41
33528,Memory is a giggling sprite and will not be tamed. She takes flight the moment the present becomes the past.,Gordon Atkinson,,https://www.quotationspage.com/quote/33528.html,https://www.quotationspage.com/quotes/Gordon_Atkinson/41
2920,"If you don't run your own life, somebody else will.",John Atkinson,,https://www.quotationspage.com/quote/2920.html,https://www.quotationspage.com/quotes/John_Atkinson/
1226,"Democracy means government by discussion, but it is only effective if you can stop people talking.",Clement Atlee,Democracy,https://www.quotationspage.com/quote/1226.html,https://www.quotationspage.com/quotes/Clement_Atlee/
3163,Silence is a text easy to misread.,A. A. Attanasio,Silence,https://www.quotationspage.com/quote/3163.html,https://www.quotationspage.com/quotes/A._A._Attanasio/
40477,"Grief is Newark. It's there. Can't avoid it. The idea is to hold your nose, hope the traffic's not too bad and get on to Manhattan as quickly as possible.",Eli Attie,Grief,https://www.quotationspage.com/quote/40477.html,https://www.quotationspage.com/quotes/Eli_Attie/
40478,"We can aspire to anything, but we don't get it just 'cause we want it. I would rather spend my life close to the birds than waste it wishing I had wings.",Eli Attie,,https://www.quotationspage.com/quote/40478.html,https://www.quotationspage.com/quotes/Eli_Attie/
41564,"We al have family disfunction. It's why we're successful, to fill that hole.",Eli Attie,Family,https://www.quotationspage.com/quote/41564.html,https://www.quotationspage.com/quotes/Eli_Attie/
1805,"Another belief of mine: that everyone else my age is an adult, whereas I am merely in disguise.",Margaret Atwood,,https://www.quotationspage.com/quote/1805.html,https://www.quotationspage.com/quotes/Margaret_Atwood/
40129,"Or perhaps she's just softening me up: she's a Baptist, she'd like me to find Jesus, or vice versa, before it's too late. That kind of thing doesn't run in her family: her mother Reenie never went in much for God. There was mutual respect, and if you were in trouble, naturally you'd call on him, as with lawyers, but as with lawyers, it would have to be bad trouble. Otherwise it didn't pay to get too mixed up with him.",Margaret Atwood,God,https://www.quotationspage.com/quote/40129.html,https://www.quotationspage.com/quotes/Margaret_Atwood/
1980,"Among those whom I like or admire, I can find no common denominator, but among those whom I love, I can: all of them make me laugh.",W. H. Auden,Laughter,https://www.quotationspage.com/quote/1980.html,https://www.quotationspage.com/quotes/W._H._Auden/
37910,"Evil is unspectacular and always human,And shares our bed and eats at our own table.",W. H. Auden,,https://www.quotationspage.com/quote/37910.html,https://www.quotationspage.com/quotes/W._H._Auden/
36286,False enchantment can last a lifetime.,W. H. Auden,,https://www.quotationspage.com/quote/36286.html,https://www.quotationspage.com/quotes/W._H._Auden/
31748,"Murder is unique in that it abolishes the party it injures, so that society has to take the place of the victim and on his behalf demand atonement or grant forgiveness; it is the one crime in which society has a direct interest.",W. H. Auden,Crime,https://www.quotationspage.com/quote/31748.html,https://www.quotationspage.com/quotes/W._H._Auden/
1312,"No opera plot can be sensible, for people do not sing when they are feeling sensible.",W. H. Auden,Music,https://www.quotationspage.com/quote/1312.html,https://www.quotationspage.com/quotes/W._H._Auden/
24888,One cannot review a bad book without showing off.,W. H. Auden,Criticism,https://www.quotationspage.com/quote/24888.html,https://www.quotationspage.com/quotes/W._H._Auden/
24887,Some books are undeservedly forgotten; none are undeservedly remembered.,W. H. Auden,Books,https://www.quotationspage.com/quote/24887.html,https://www.quotationspage.com/quotes/W._H._Auden/
23612,"We are here on Earth to do good to others. What the others are here for, I don't know.",W. H. Auden,,https://www.quotationspage.com/quote/23612.html,https://www.quotationspage.com/quotes/W._H._Auden/
24886,"A poet's hope: to be,like some valley cheese,local, but prized elsewhere.",W. H. Auden,Poetry,https://www.quotationspage.com/quote/24886.html,https://www.quotationspage.com/quotes/W._H._Auden/
31057,"Of all afflictions, the worst is self-contempt.",Berthold Auerbach,,https://www.quotationspage.com/quote/31057.html,https://www.quotationspage.com/quotes/Berthold_Auerbach/
28926,"Only he is free who cultivates his own thoughts, and strives without fear to do justice to them.",Berthold Auerbach,Thoughts,https://www.quotationspage.com/quote/28926.html,https://www.quotationspage.com/quotes/Berthold_Auerbach/
36807,"If stock market experts were so expert, they would be buying stock, not selling advice.",Norman Augustine,,https://www.quotationspage.com/quote/36807.html,https://www.quotationspage.com/quotes/Norman_Augustine/
24365,"Young men, hear an old man to whom old men hearkened when he was young.",Caesar Augustus,,https://www.quotationspage.com/quote/24365.html,https://www.quotationspage.com/quotes/Caesar_Augustus/
24364,I found Rome a city of bricks and left it a city of marble.,Caesar Augustus,,https://www.quotationspage.com/quote/24364.html,https://www.quotationspage.com/quotes/Caesar_Augustus/
2566,Forgive many things in others; nothing in yourself.,Ausonius,Forgiveness,https://www.quotationspage.com/quote/2566.html,https://www.quotationspage.com/quotes/Ausonius/
28967,He who does not know how to be silent will not know how to speak.,Ausonius,Silence,https://www.quotationspage.com/quote/28967.html,https://www.quotationspage.com/quotes/Ausonius/
2562,"If you are a terror to many, then beware of many.",Ausonius,,https://www.quotationspage.com/quote/2562.html,https://www.quotationspage.com/quotes/Ausonius/
28968,Things that we hear pass quicker from our minds than what we read.,Ausonius,,https://www.quotationspage.com/quote/28968.html,https://www.quotationspage.com/quotes/Ausonius/
28969,Truth is the mother of hatred.,Ausonius,Hatred,https://www.quotationspage.com/quote/28969.html,https://www.quotationspage.com/quotes/Ausonius/
23645,"I do not want people to be agreeable, as it saves me the trouble of liking them.",Jane Austen,,https://www.quotationspage.com/quote/23645.html,https://www.quotationspage.com/quotes/Jane_Austen/
33447,"To sit in the shade on a fine day, and look upon verdure is the most perfect refreshment.",Jane Austen,Relaxation,https://www.quotationspage.com/quote/33447.html,https://www.quotationspage.com/quotes/Jane_Austen/
2313,"Where so many hours have been spent in convincing myself that I am right, is there not some reason to fear I may be wrong?",Jane Austen,,https://www.quotationspage.com/quote/2313.html,https://www.quotationspage.com/quotes/Jane_Austen/
39155,One half of the world cannot understand the pleasures of the other.,Jane Austen,Understanding,https://www.quotationspage.com/quote/39155.html,https://www.quotationspage.com/quotes/Jane_Austen/
31174,Silly things do cease to be silly if they are done by sensible people in an impudent way.,Jane Austen,,https://www.quotationspage.com/quote/31174.html,https://www.quotationspage.com/quotes/Jane_Austen/
27720,A large income is the best recipe for happiness I ever heard of.,Jane Austen,Money,https://www.quotationspage.com/quote/27720.html,https://www.quotationspage.com/quotes/Jane_Austen/
30485,Everybody likes to go their own way--to choose their own time and manner of devotion.,Jane Austen,Religion,https://www.quotationspage.com/quote/30485.html,https://www.quotationspage.com/quotes/Jane_Austen/
30582,I cannot think well of a man who sports with any woman's feelings; and there may often be a great deal more suffered than a stander-by can judge of.,Jane Austen,Love,https://www.quotationspage.com/quote/30582.html,https://www.quotationspage.com/quotes/Jane_Austen/
30444,"I pay very little regard...to what any young person says on the subject of marriage. If they profess a disinclination for it, I only set it down that they have not yet seen the right person.",Jane Austen,"Love, Marriage",https://www.quotationspage.com/quote/30444.html,https://www.quotationspage.com/quotes/Jane_Austen/
30530,"If any one faculty of our nature may be called more wonderful than the rest, I do think it is memory. There seems something more speakingly incomprehensible in the powers, the failures, the inequalities of memory, than in any other of our intelligences. The memory is sometimes so retentive, so serviceable, so obedient; at others, so bewildered and so weak; and at others again, so tyrannic, so beyond control! We are, to be sure, a miracle every way; but our powers of recollecting and of forgetting do seem peculiarly past finding out.",Jane Austen,Memory,https://www.quotationspage.com/quote/30530.html,https://www.quotationspage.com/quotes/Jane_Austen/
30486,"It will, I believe, be everywhere found, that as the clergy are, or are not what they ought to be, so are the rest of the nation.",Jane Austen,Religion,https://www.quotationspage.com/quote/30486.html,https://www.quotationspage.com/quotes/Jane_Austen/
30533,Nothing amuses me more than the easy manner with which everybody settles the abundance of those who have a great deal less than themselves.,Jane Austen,Money,https://www.quotationspage.com/quote/30533.html,https://www.quotationspage.com/quotes/Jane_Austen/
30487,Oh! Do not attack me with your watch. A watch is always too fast or too slow. I cannot be dictated to by a watch.,Jane Austen,Time,https://www.quotationspage.com/quote/30487.html,https://www.quotationspage.com/quotes/Jane_Austen/
30531,One cannot fix one's eyes on the commonest natural production without finding food for a rambling fancy.,Jane Austen,Nature,https://www.quotationspage.com/quote/30531.html,https://www.quotationspage.com/quotes/Jane_Austen/
30534,The enthusiasm of a woman's love is even beyond the biographer's.,Jane Austen,Love,https://www.quotationspage.com/quote/30534.html,https://www.quotationspage.com/quotes/Jane_Austen/
30445,"There will be little rubs and disappointments everywhere, and we are all apt to expect too much; but then, if one scheme of happiness fails, human nature turns to another; if the first calculation is wrong, we make a second better: we find comfort somewhere.",Jane Austen,,https://www.quotationspage.com/quote/30445.html,https://www.quotationspage.com/quotes/Jane_Austen/
30583,"We have all a better guide in ourselves, if we would attend to it, than any other person can be.",Jane Austen,,https://www.quotationspage.com/quote/30583.html,https://www.quotationspage.com/quotes/Jane_Austen/
30488,"Where any one body of educated men, of whatever denomination, are condemned indiscriminately, there must be a deficiency of information, or...of something else.",Jane Austen,,https://www.quotationspage.com/quote/30488.html,https://www.quotationspage.com/quotes/Jane_Austen/
30773,"But when a young lady is to be a heroine, the perverseness of forty surrounding families cannot prevent her. Something must and will happen to throw a hero in her way.",Jane Austen,Love,https://www.quotationspage.com/quote/30773.html,https://www.quotationspage.com/quotes/Jane_Austen/
30775,Friendship is certainly the finest balm for the pangs of disappointed love.,Jane Austen,"Friendship, Love",https://www.quotationspage.com/quote/30775.html,https://www.quotationspage.com/quotes/Jane_Austen/
1784,"In every power, of which taste is the foundation, excellence is pretty fairly divided between the sexes.",Jane Austen,Excellence,https://www.quotationspage.com/quote/1784.html,https://www.quotationspage.com/quotes/Jane_Austen/21
42424,A persuadable temper might sometimes be as much in favour of happiness as a very resolute character.,Jane Austen,,https://www.quotationspage.com/quote/42424.html,https://www.quotationspage.com/quotes/Jane_Austen/21
42418,"An agreeable manner may set off handsome features, but can never alter plain ones.",Jane Austen,Beauty,https://www.quotationspage.com/quote/42418.html,https://www.quotationspage.com/quotes/Jane_Austen/21
42426,"Everybody has their taste in noises as well as in other matters; and sounds are quite innoxious, or most distressing, by their sort rather than their quantity.",Jane Austen,,https://www.quotationspage.com/quote/42426.html,https://www.quotationspage.com/quotes/Jane_Austen/21
42436,"Facts or opinions which are to pass through the hands of so many, to be misconceived by folly in one, and ignorance in another, can hardly have much truth left.",Jane Austen,Gossip,https://www.quotationspage.com/quote/42436.html,https://www.quotationspage.com/quotes/Jane_Austen/21
42427,"Family connexions were always worth preserving, good company always worth seeking.",Jane Austen,Family,https://www.quotationspage.com/quote/42427.html,https://www.quotationspage.com/quotes/Jane_Austen/21
42429,"Good company requires only birth, education, and manners, and with regard to education is not very nice. Birth and good manners are essential; but a little learning is by no means a dangerous thing in good company; on the contrary, it will do very well.",Jane Austen,Friendship,https://www.quotationspage.com/quote/42429.html,https://www.quotationspage.com/quotes/Jane_Austen/21
42431,"Here and there, human nature may be great in times of trial; but generally speaking, it is its weakness and not its strength that appears in a sick chamber: it is selfishness and impatience rather than generosity and fortitude, that one hears of. There is so little real friendship in the world! and unfortunately, there are so many who forget to think seriously till it is almost too late.",Jane Austen,Friendship,https://www.quotationspage.com/quote/42431.html,https://www.quotationspage.com/quotes/Jane_Austen/21
42430,"How could it be? She watched, observed, reflected, and finally determined that this was not a case of fortitude or of resignation only. A submissive spirit might be patient, a strong understanding would supply resolution, but here was something more; here was that elasticity of mind, that disposition to be comforted, that power of turning readily from evil to good, and of finding employment which carried her out of herself, which was from nature alone. It was the choicest gift of Heaven.",Jane Austen,,https://www.quotationspage.com/quote/42430.html,https://www.quotationspage.com/quotes/Jane_Austen/21
42421,"I can safely say, that the happiest part of my life has been spent on board a ship.",Jane Austen,,https://www.quotationspage.com/quote/42421.html,https://www.quotationspage.com/quotes/Jane_Austen/21
42419,"I hate to hear you talking so like a fine gentleman, and as if women were all fine ladies, instead of rational creatures.",Jane Austen,Men And Women,https://www.quotationspage.com/quote/42419.html,https://www.quotationspage.com/quotes/Jane_Austen/21
42437,"I would rather have young people settle on a small income at once, and have to struggle with a few difficulties together, than be involved in a long engagement.",Jane Austen,Marriage,https://www.quotationspage.com/quote/42437.html,https://www.quotationspage.com/quotes/Jane_Austen/21
42423,It was the misfortune of poetry to be seldom safely enjoyed by those who enjoyed it completely; and that the strong feelings which alone could estimate it truly were the very feelings which ought to taste it but sparingly.,Jane Austen,Poetry,https://www.quotationspage.com/quote/42423.html,https://www.quotationspage.com/quotes/Jane_Austen/21
42433,"Knowing their feelings as she did, it was a most attractive picture of happiness to her. She always watched them as long as she could, delighted to fancy she understood what they might be talking of, as they walked along in happy independence, or equally delighted to see the Admiral's hearty shake of the hand when he encountered an old friend, and observe their eagerness of conversation when occasionally forming into a little knot of the navy, Mrs Croft looking as intelligent and keen as any of the officers around her.",Jane Austen,Marriage,https://www.quotationspage.com/quote/42433.html,https://www.quotationspage.com/quotes/Jane_Austen/21
42428,"My idea of good company is the company of clever, well-informed people, who have a great deal of conversation; that is what I call good company.",Jane Austen,Friendship,https://www.quotationspage.com/quote/42428.html,https://www.quotationspage.com/quotes/Jane_Austen/21
42434,"One does not love a place the less for having suffered in it, unless it has been all suffering, nothing but suffering.",Jane Austen,Suffering,https://www.quotationspage.com/quote/42434.html,https://www.quotationspage.com/quotes/Jane_Austen/21
42425,"One man's ways may be as good as another's, but we all like our own best.",Jane Austen,,https://www.quotationspage.com/quote/42425.html,https://www.quotationspage.com/quotes/Jane_Austen/21
42432,"She felt that she could so much more depend upon the sincerity of those who sometimes looked or said a careless or a hasty thing, than of those whose presence of mind never varied, whose tongue never slipped.",Jane Austen,Friendship,https://www.quotationspage.com/quote/42432.html,https://www.quotationspage.com/quotes/Jane_Austen/21
42422,"The only time I ever really suffered in body or mind, the only time that I ever fancied myself unwell, or had any ideas of danger, was the winter that I passed by myself. As long as we could be together, nothing ever ailed me, and I never met with the smallest inconvenience.",Jane Austen,Marriage,https://www.quotationspage.com/quote/42422.html,https://www.quotationspage.com/quotes/Jane_Austen/21
42435,The stream is as good as at first; the little rubbish it collects in the turnings is easily moved away.,Jane Austen,Age,https://www.quotationspage.com/quote/42435.html,https://www.quotationspage.com/quotes/Jane_Austen/21
42417,There is hardly any personal defect which an agreeable manner might not gradually reconcile one to.,Jane Austen,Etiquette,https://www.quotationspage.com/quote/42417.html,https://www.quotationspage.com/quotes/Jane_Austen/41
42416,"To be claimed as a good, though in an improper style, is at least better than being rejected as no good at all.",Jane Austen,,https://www.quotationspage.com/quote/42416.html,https://www.quotationspage.com/quotes/Jane_Austen/41
42440,"To flatter and follow others, without being flattered and followed in turn, is but a state of half enjoyment.",Jane Austen,Friendship,https://www.quotationspage.com/quote/42440.html,https://www.quotationspage.com/quotes/Jane_Austen/41
42438,"We certainly do not forget you as soon as you forget us. It is, perhaps, our fate rather than our merit. We cannot help ourselves. We live at home, quiet, confined, and our feelings prey upon us. You are forced on exertion. You have always a profession, pursuits, business of some sort or other, to take you back into the world immediately, and continual occupation and change soon weaken impressions. All the privilege I claim for my own sex (it is not a very enviable one; you need not covet it), is that of loving longest, when existence or when hope is gone.",Jane Austen,"Love, Men And Women",https://www.quotationspage.com/quote/42438.html,https://www.quotationspage.com/quotes/Jane_Austen/41
42420,We none of us expect to be in smooth water all our days.,Jane Austen,,https://www.quotationspage.com/quote/42420.html,https://www.quotationspage.com/quotes/Jane_Austen/41
42439,"When any two young people take it into their heads to marry, they are pretty sure by perseverance to carry their point, be they ever so poor, or ever so imprudent, or ever so little likely to be necessary to each other's ultimate comfort.",Jane Austen,Marriage,https://www.quotationspage.com/quote/42439.html,https://www.quotationspage.com/quotes/Jane_Austen/41
40157,"For what do we live, but to make sport for our neighbours, and laugh at them in our turn?",Jane Austen,,https://www.quotationspage.com/quote/40157.html,https://www.quotationspage.com/quotes/Jane_Austen/41
40164,"Happiness in marriage is entirely a matter of chance. If the dispositions of the parties are ever so well known to each other or ever so similar beforehand, it does not advance their felicity in the least. They always continue to grow sufficiently unlike afterwards to have their share of vexation; and it is better to know as little as possible of the defects of the person with whom you are to pass your life.",Jane Austen,,https://www.quotationspage.com/quote/40164.html,https://www.quotationspage.com/quotes/Jane_Austen/41
40163,How little of permanent happiness could belong to a couple who were only brought together because their passions were stronger than their virtue.,Jane Austen,,https://www.quotationspage.com/quote/40163.html,https://www.quotationspage.com/quotes/Jane_Austen/41
40160,"I declare after all there is no enjoyment like reading! How much sooner one tires of anything than of a book! When I have a house of my own, I shall be miserable if I have not an excellent library.",Jane Austen,Books,https://www.quotationspage.com/quote/40160.html,https://www.quotationspage.com/quotes/Jane_Austen/41
40162,I have no pretensions whatever to that kind of elegance which consists in tormenting a respectable man.,Jane Austen,,https://www.quotationspage.com/quote/40162.html,https://www.quotationspage.com/quotes/Jane_Austen/41
40158,Loss of virtue in a female is irretrievable; that one false step involves her in endless ruin; that her reputation is no less brittle than it is beautiful; and that she cannot be too much guarded in her behaviour towards the undeserving of the other sex.,Jane Austen,,https://www.quotationspage.com/quote/40158.html,https://www.quotationspage.com/quotes/Jane_Austen/41
40161,No one can be really esteemed accomplished who does not greatly surpass what is usually met with.,Jane Austen,,https://www.quotationspage.com/quote/40161.html,https://www.quotationspage.com/quotes/Jane_Austen/41
40159,"Vanity and pride are different things, though the words are often used synonymously.... Pride relates more to our opinion of ourselves, vanity to what we would have others think of us.",Jane Austen,,https://www.quotationspage.com/quote/40159.html,https://www.quotationspage.com/quotes/Jane_Austen/41
36415,"It is a truth universally acknowledged, that a single man in possession of a good fortune, must be in want of a wife.",Jane Austen,,https://www.quotationspage.com/quote/36415.html,https://www.quotationspage.com/quotes/Jane_Austen/41
42415,"The more I know of the world, the more am I convinced that I shall never see a man whom I can really love. I require so much!",Jane Austen,Love,https://www.quotationspage.com/quote/42415.html,https://www.quotationspage.com/quotes/Jane_Austen/41
1335,"To err is dysfunctional, to forgive co-dependent.",Berton Averre,,https://www.quotationspage.com/quote/1335.html,https://www.quotationspage.com/quotes/Berton_Averre/
24889,"What's up, Doc?",Tex Avery,,https://www.quotationspage.com/quote/24889.html,https://www.quotationspage.com/quotes/Tex_Avery/
24890,No moral system can rest solely on authority.,A. J. Ayer,"Morality, Authority",https://www.quotationspage.com/quote/24890.html,https://www.quotationspage.com/quotes/A._J._Ayer/
2565,"Despise not any man, and do not spurn anything; for there is no man who has not his hour, nor is there anything that has not its place.",Ben Azai,,https://www.quotationspage.com/quote/2565.html,https://www.quotationspage.com/quotes/Ben_Azai/
39775,You're nobody 'til somebody kills you.,Notorious B.I.G.,,https://www.quotationspage.com/quote/39775.html,https://www.quotationspage.com/quotes/Notorious_B.I.G./
1137,"By the time I'd grown up, I naturally supposed that I'd be grown up.",Eve Babitz,Maturity,https://www.quotationspage.com/quote/1137.html,https://www.quotationspage.com/quotes/Eve_Babitz/
30114,"The more I want to get something done, the less I call it work.",Richard Bach,Work,https://www.quotationspage.com/quote/30114.html,https://www.quotationspage.com/quotes/Richard_Bach/
9782,You teach best what you most need to learn.,Richard Bach,,https://www.quotationspage.com/quote/9782.html,https://www.quotationspage.com/quotes/Richard_Bach/
1409,A synonym is a word you use when you can't spell the word you first thought of.,Burt Bacharach,,https://www.quotationspage.com/quote/1409.html,https://www.quotationspage.com/quotes/Burt_Bacharach/
41054,The greatest justice in life is that your vision and looks tend to go simultaneously.,Kevin Bacon,Justice,https://www.quotationspage.com/quote/41054.html,https://www.quotationspage.com/quotes/Kevin_Bacon/
29729,A wise man will make more opportunities than he finds.,Sir Francis Bacon,Opportunity,https://www.quotationspage.com/quote/29729.html,https://www.quotationspage.com/quotes/Sir_Francis_Bacon/
28974,By far the best proof is experience.,Sir Francis Bacon,Experience,https://www.quotationspage.com/quote/28974.html,https://www.quotationspage.com/quotes/Sir_Francis_Bacon/
32877,"Certainly virtue is like precious odors, most fragrant when they are incensed, or crushed: for prosperity doth best discover vice, but adversity doth best discover virtue.",Sir Francis Bacon,,https://www.quotationspage.com/quote/32877.html,https://www.quotationspage.com/quotes/Sir_Francis_Bacon/
2610,"Choose the life that is most useful, and habit will make it the most agreeable.",Sir Francis Bacon,,https://www.quotationspage.com/quote/2610.html,https://www.quotationspage.com/quotes/Sir_Francis_Bacon/
3120,Death is a friend of ours; and he that is not ready to entertain him is not at home.,Sir Francis Bacon,,https://www.quotationspage.com/quote/3120.html,https://www.quotationspage.com/quotes/Sir_Francis_Bacon/
2214,Discretion in speech is more than eloquence.,Sir Francis Bacon,Speech,https://www.quotationspage.com/quote/2214.html,https://www.quotationspage.com/quotes/Sir_Francis_Bacon/
28975,He of whom many are afraid ought to fear many.,Sir Francis Bacon,,https://www.quotationspage.com/quote/28975.html,https://www.quotationspage.com/quotes/Sir_Francis_Bacon/
36709,"Hope is a good breakfast, but it is a bad supper.",Sir Francis Bacon,,https://www.quotationspage.com/quote/36709.html,https://www.quotationspage.com/quotes/Sir_Francis_Bacon/
28978,I have taken all knowledge to be my province.,Sir Francis Bacon,Knowledge,https://www.quotationspage.com/quote/28978.html,https://www.quotationspage.com/quotes/Sir_Francis_Bacon/
28981,"If a man will begin with certainties, he shall end in doubts; but if he will be content to begin with doubts he shall end in certainties.",Sir Francis Bacon,,https://www.quotationspage.com/quote/28981.html,https://www.quotationspage.com/quotes/Sir_Francis_Bacon/
2893,"In taking revenge, a man is but even with his enemy; but in passing it over, he is superior.",Sir Francis Bacon,Revenge,https://www.quotationspage.com/quote/2893.html,https://www.quotationspage.com/quotes/Sir_Francis_Bacon/
41484,"In this theater of man's life, it is reserved only for God and for angels to be lookers-on.",Sir Francis Bacon,Actions,https://www.quotationspage.com/quote/41484.html,https://www.quotationspage.com/quotes/Sir_Francis_Bacon/
29556,Natural abilities are like natural plants; they need pruning by study.,Sir Francis Bacon,,https://www.quotationspage.com/quote/29556.html,https://www.quotationspage.com/quotes/Sir_Francis_Bacon/
41880,Nature is a labyrinth in which the very haste you move with will make you lose your way.,Sir Francis Bacon,,https://www.quotationspage.com/quote/41880.html,https://www.quotationspage.com/quotes/Sir_Francis_Bacon/
9232,"Praise from the common people is generally false, and rather follows the vain than the virtuous.",Sir Francis Bacon,Praise,https://www.quotationspage.com/quote/9232.html,https://www.quotationspage.com/quotes/Sir_Francis_Bacon/
33426,"Read not to contradict and confute, nor to find talk and discourse, but to weigh and consider.",Sir Francis Bacon,Books,https://www.quotationspage.com/quote/33426.html,https://www.quotationspage.com/quotes/Sir_Francis_Bacon/
29246,"Read not to contradict and confute, not to believe and take for granted, not to find talk and discourse, but to weigh and consider.",Sir Francis Bacon,,https://www.quotationspage.com/quote/29246.html,https://www.quotationspage.com/quotes/Sir_Francis_Bacon/
2857,"Reading maketh a full man, conference a ready man, and writing an exact man.",Sir Francis Bacon,Writing,https://www.quotationspage.com/quote/2857.html,https://www.quotationspage.com/quotes/Sir_Francis_Bacon/
28979,"Revenge is a kind of wild justice, which the more man's nature runs to the more ought law to weed it out.",Sir Francis Bacon,Revenge,https://www.quotationspage.com/quote/28979.html,https://www.quotationspage.com/quotes/Sir_Francis_Bacon/
2642,"Seek ye first the good things of the mind, and the rest will either be supplied or its loss will not be felt.",Sir Francis Bacon,,https://www.quotationspage.com/quote/2642.html,https://www.quotationspage.com/quotes/Sir_Francis_Bacon/
26156,Silence is the virtue of fools.,Sir Francis Bacon,Silence,https://www.quotationspage.com/quote/26156.html,https://www.quotationspage.com/quotes/Sir_Francis_Bacon/21
2856,"Some books are to be tasted, others to be swallowed, and some few to be chewed and digested: that is, some books are to be read only in parts, others to be read, but not curiously, and some few to be read wholly, and with diligence and attention.",Sir Francis Bacon,Books,https://www.quotationspage.com/quote/2856.html,https://www.quotationspage.com/quotes/Sir_Francis_Bacon/21
29245,The worst solitude is to be destitute of sincere friendship.,Sir Francis Bacon,,https://www.quotationspage.com/quote/29245.html,https://www.quotationspage.com/quotes/Sir_Francis_Bacon/21
41361,"There be three things which make a nation great and prosperous: a fertile soil, busy workshops, easy conveyance for men and goods from place to place.",Sir Francis Bacon,Greatness,https://www.quotationspage.com/quote/41361.html,https://www.quotationspage.com/quotes/Sir_Francis_Bacon/21
1164,"They are ill discoverers that think there is no land, when they can see nothing but sea.",Sir Francis Bacon,,https://www.quotationspage.com/quote/1164.html,https://www.quotationspage.com/quotes/Sir_Francis_Bacon/21
22304,Whosoever is delighted in solitude is either a wild beast or a god.,Sir Francis Bacon,"Camping, Nature",https://www.quotationspage.com/quote/22304.html,https://www.quotationspage.com/quotes/Sir_Francis_Bacon/21
26230,There is no excellent beauty that hath not some strangeness in the proportion.,Sir Francis Bacon,Beauty,https://www.quotationspage.com/quote/26230.html,https://www.quotationspage.com/quotes/Sir_Francis_Bacon/21
36839,"Men fear death as children fear to go in the dark; and as that natural fear in children is increased by tales, so is the other.",Sir Francis Bacon,,https://www.quotationspage.com/quote/36839.html,https://www.quotationspage.com/quotes/Sir_Francis_Bacon/21
2012,"Houses are built to live in, not to look on; therefore, let use be preferred before uniformity, except where both may be had.",Sir Francis Bacon,,https://www.quotationspage.com/quote/2012.html,https://www.quotationspage.com/quotes/Sir_Francis_Bacon/21
28976,Knowledge is power.(Ipsa Scientia Potestas Est),Sir Francis Bacon,Knowledge,https://www.quotationspage.com/quote/28976.html,https://www.quotationspage.com/quotes/Sir_Francis_Bacon/21
29757,In charity there is no excess.,Sir Francis Bacon,Charity,https://www.quotationspage.com/quote/29757.html,https://www.quotationspage.com/quotes/Sir_Francis_Bacon/21
41469,"Ask counsel of both times-of the ancient time what is best, and of the latter time what is fittest.",Sir Francis Bacon,Wisdom,https://www.quotationspage.com/quote/41469.html,https://www.quotationspage.com/quotes/Sir_Francis_Bacon/21
2060,Knowledge is power.,Sir Francis Bacon,"Knowledge, Power",https://www.quotationspage.com/quote/2060.html,https://www.quotationspage.com/quotes/Sir_Francis_Bacon/21
2033,"Man seeketh in society comfort, use and protection.",Sir Francis Bacon,Society,https://www.quotationspage.com/quote/2033.html,https://www.quotationspage.com/quotes/Sir_Francis_Bacon/21
27572,The easiest kind of relationship for me is with ten thousand people. The hardest is with one.,Joan Baez,,https://www.quotationspage.com/quote/27572.html,https://www.quotationspage.com/quotes/Joan_Baez/
63,The only thing that's been a worse flop than the organization of non-violence has been the organization of violence.,Joan Baez,Violence,https://www.quotationspage.com/quote/63.html,https://www.quotationspage.com/quotes/Joan_Baez/
38158,"Instead of getting hard ourselves and trying to compete, women should try and give their best qualities to men - bring them softness, teach them how to cry.",Joan Baez,,https://www.quotationspage.com/quote/38158.html,https://www.quotationspage.com/quotes/Joan_Baez/
29391,One of the greatest pains to human nature is the pain of a new idea.,Walter Bagehot,Ideas,https://www.quotationspage.com/quote/29391.html,https://www.quotationspage.com/quotes/Walter_Bagehot/
42062,The greatest mistake is trying to be m ore agreeable than you can be.,Walter Bagehot,,https://www.quotationspage.com/quote/42062.html,https://www.quotationspage.com/quotes/Walter_Bagehot/
30115,The greatest mistake is trying to be more agreeable than you can be.,Walter Bagehot,"Mistakes, Agreement",https://www.quotationspage.com/quote/30115.html,https://www.quotationspage.com/quotes/Walter_Bagehot/
1441,The greatest pleasure in life is doing what people say you cannot do.,Walter Bagehot,,https://www.quotationspage.com/quote/1441.html,https://www.quotationspage.com/quotes/Walter_Bagehot/
29389,The habit of common and continuous speech is a symptom of mental deficiency.,Walter Bagehot,Speech,https://www.quotationspage.com/quote/29389.html,https://www.quotationspage.com/quotes/Walter_Bagehot/
26840,The reason why so few good books are written is that so few people who can write know anything.,Walter Bagehot,Writing,https://www.quotationspage.com/quote/26840.html,https://www.quotationspage.com/quotes/Walter_Bagehot/
29261,"The whole history of civilization is strewn with creeds and institutions which were invaluable at first, and deadly afterwards.",Walter Bagehot,,https://www.quotationspage.com/quote/29261.html,https://www.quotationspage.com/quotes/Walter_Bagehot/
26034,"It is good to be without vices, but it is not good to be without temptations.",Walter Bagehot,"Vices, Temptation",https://www.quotationspage.com/quote/26034.html,https://www.quotationspage.com/quotes/Walter_Bagehot/
26823,"When they discover the center of the universe, a lot of people will be disappointed to discover they are not it.",Bernard Bailey,Conceit,https://www.quotationspage.com/quote/26823.html,https://www.quotationspage.com/quotes/Bernard_Bailey/
2348,"A man without ambition is dead. A man with ambition but no love is dead. A man with ambition and love for his blessings here on earth is ever so alive. Having been alive, it won't be so hard in the end to lie down and rest.",Pearl Bailey,Ambition,https://www.quotationspage.com/quote/2348.html,https://www.quotationspage.com/quotes/Pearl_Bailey/
31204,You never find yourself until you face the truth.,Pearl Bailey,,https://www.quotationspage.com/quote/31204.html,https://www.quotationspage.com/quotes/Pearl_Bailey/
3183,The possession of unlimited power will make a despot of almost any man. There is a possible Nero in the gentlest human creature that walks.,Thomas Bailey,,https://www.quotationspage.com/quote/3183.html,https://www.quotationspage.com/quotes/Thomas_Bailey/
1267,"Inanimate objects are classified scientifically into three major categories - those that don't work, those that break down and those that get lost.",Russell Baker,,https://www.quotationspage.com/quote/1267.html,https://www.quotationspage.com/quotes/Russell_Baker/
1202,Is fuel efficiency really what we need most desperately? I say that what we really need is a car that can be shot when it breaks down.,Russell Baker,Cars,https://www.quotationspage.com/quote/1202.html,https://www.quotationspage.com/quotes/Russell_Baker/
565,Misery no longer loves company. Nowadays it insists on it.,Russell Baker,,https://www.quotationspage.com/quote/565.html,https://www.quotationspage.com/quotes/Russell_Baker/
1236,People seem to enjoy things more when they know a lot of other people have been left out of the pleasure.,Russell Baker,,https://www.quotationspage.com/quote/1236.html,https://www.quotationspage.com/quotes/Russell_Baker/
963,"People who say you're just as old as you feel are all wrong, fortunately.",Russell Baker,Age,https://www.quotationspage.com/quote/963.html,https://www.quotationspage.com/quotes/Russell_Baker/
979,The goal of all inanimate objects is to resist man and ultimately defeat him.,Russell Baker,,https://www.quotationspage.com/quote/979.html,https://www.quotationspage.com/quotes/Russell_Baker/
26225,"The only thing I was fit for was to be a writer, and this notion rested solely on my suspicion that I would never be fit for real work, and that writing didn't require any.",Russell Baker,Writing,https://www.quotationspage.com/quote/26225.html,https://www.quotationspage.com/quotes/Russell_Baker/
1333,"Usually, terrible things that are done with the excuse that progress requires them are not really progress at all, but just terrible things.",Russell Baker,Progress,https://www.quotationspage.com/quote/1333.html,https://www.quotationspage.com/quotes/Russell_Baker/
734,"I want to find a voracious, small-minded predator and name it after the IRS.",Robert Bakker,,https://www.quotationspage.com/quote/734.html,https://www.quotationspage.com/quotes/Robert_Bakker/
36729,I always say shopping is cheaper than a psychiatrist.,Tammy Faye Bakker,,https://www.quotationspage.com/quote/36729.html,https://www.quotationspage.com/quotes/Tammy_Faye_Bakker/
31194,The freedom of all is essential to my freedom.,Mikhail Bakunin,,https://www.quotationspage.com/quote/31194.html,https://www.quotationspage.com/quotes/Mikhail_Bakunin/
34050,A divine falsehood is more powerful than any human truth.,Mikhail Bakunin,,https://www.quotationspage.com/quote/34050.html,https://www.quotationspage.com/quotes/Mikhail_Bakunin/
39487,"I reverse the phrase of Voltaire, and say that if God really existed, it would be necessary to abolish him.",Mikhail Bakunin,,https://www.quotationspage.com/quote/39487.html,https://www.quotationspage.com/quotes/Mikhail_Bakunin/
1494,"Change is the constant, the signal for rebirth, the egg of the phoenix.",Christina Baldwin,Change,https://www.quotationspage.com/quote/1494.html,https://www.quotationspage.com/quotes/Christina_Baldwin/
38466,"How we remember, what we remember and why we remember form the most personal map of our individuality.",Christina Baldwin,,https://www.quotationspage.com/quote/38466.html,https://www.quotationspage.com/quotes/Christina_Baldwin/
1655,Journal writing is a voyage to the interior.,Christina Baldwin,,https://www.quotationspage.com/quote/1655.html,https://www.quotationspage.com/quotes/Christina_Baldwin/
1622,Ritual is the way you carry the presence of the sacred. Ritual is the spark that must not go out.,Christina Baldwin,,https://www.quotationspage.com/quote/1622.html,https://www.quotationspage.com/quotes/Christina_Baldwin/
29891,The price one pays for pursuing any profession or calling is an intimate knowledge of its ugly side.,James Baldwin,,https://www.quotationspage.com/quote/29891.html,https://www.quotationspage.com/quotes/James_Baldwin/
41741,Anyone who had ever struggled with poverty knows how extremely expensive it is to be poor.,James Baldwin,Poverty,https://www.quotationspage.com/quote/41741.html,https://www.quotationspage.com/quotes/James_Baldwin/
1571,I have always felt that the moment when first you wake up in the morning is the most wonderful of the twenty-four hours.,Monica Baldwin,Morning,https://www.quotationspage.com/quote/1571.html,https://www.quotationspage.com/quotes/Monica_Baldwin/
24891,A platitude is simply a truth repeated until people get tired of hearing it.,Stanley Baldwin,,https://www.quotationspage.com/quote/24891.html,https://www.quotationspage.com/quotes/Stanley_Baldwin/
2592,"The best thing to give to your enemy is forgiveness; to an opponent, tolerance; to a friend, your heart; to your child, a good example; to a father, deference; to your mother, conduct that will make her proud of you; to yourself, respect; to all men, charity.",Francis Maitland Balfour,Charity,https://www.quotationspage.com/quote/2592.html,https://www.quotationspage.com/quotes/Francis_Maitland_Balfour/
37984,"Knowing what you can not do is more important than knowing what you can do. In fact, that's good taste.",Lucille Ball,,https://www.quotationspage.com/quote/37984.html,https://www.quotationspage.com/quotes/Lucille_Ball/
39955,Love yourself and eveything else falls into line. You really do have to love yourself to get anything done in this world.,Lucille Ball,,https://www.quotationspage.com/quote/39955.html,https://www.quotationspage.com/quotes/Lucille_Ball/
31062,Love yourself first and everything else falls into line. You really have to love yourself to get anything done in this world.,Lucille Ball,,https://www.quotationspage.com/quote/31062.html,https://www.quotationspage.com/quotes/Lucille_Ball/
480,"The secret of staying young is to live honestly, eat slowly, and lie about your age.",Lucille Ball,Age,https://www.quotationspage.com/quote/480.html,https://www.quotationspage.com/quotes/Lucille_Ball/
8340,"Theories are always very thin and insubstantial, experience only is tangible.",Hosea Ballou,,https://www.quotationspage.com/quote/8340.html,https://www.quotationspage.com/quotes/Hosea_Ballou/
29262,Weary the path that does not challenge. Doubt is an incentive to truth and patient inquiry leadeth the way.,Hosea Ballou,,https://www.quotationspage.com/quote/29262.html,https://www.quotationspage.com/quotes/Hosea_Ballou/
32250,Behind every great fortune there is a crime.,Honore de Balzac,"Crime, Fortune",https://www.quotationspage.com/quote/32250.html,https://www.quotationspage.com/quotes/Honore_de_Balzac/
32249,First love is a kind of vaccination which saves a man from catching the complaint a second time.,Honore de Balzac,,https://www.quotationspage.com/quote/32249.html,https://www.quotationspage.com/quotes/Honore_de_Balzac/
32209,I am a galley slave to pen and ink.,Honore de Balzac,Writing,https://www.quotationspage.com/quote/32209.html,https://www.quotationspage.com/quotes/Honore_de_Balzac/
38692,Laws are spider webs through which the big flies pass and the little ones get caught.,Honore de Balzac,,https://www.quotationspage.com/quote/38692.html,https://www.quotationspage.com/quotes/Honore_de_Balzac/
32248,Nothing so fortifies a friendship as a belief on the part of one friend that he is superior to the other.,Honore de Balzac,,https://www.quotationspage.com/quote/32248.html,https://www.quotationspage.com/quotes/Honore_de_Balzac/
1638,Take away the miseries and you take away some folks' reason for living.,Toni Cade Bambara,,https://www.quotationspage.com/quote/1638.html,https://www.quotationspage.com/quotes/Toni_Cade_Bambara/
30116,Here's a rule I recommend: Never practice two vices at once.,Tallulah Bankhead,Vices,https://www.quotationspage.com/quote/30116.html,https://www.quotationspage.com/quotes/Tallulah_Bankhead/
64,I'm as pure as the driven slush.,Tallulah Bankhead,,https://www.quotationspage.com/quote/64.html,https://www.quotationspage.com/quotes/Tallulah_Bankhead/
347,"If I had to live my life again, I'd make the same mistakes, only sooner.",Tallulah Bankhead,Mistakes,https://www.quotationspage.com/quote/347.html,https://www.quotationspage.com/quotes/Tallulah_Bankhead/
26142,It's the good girls who keep diaries; the bad girls never have the time.,Tallulah Bankhead,,https://www.quotationspage.com/quote/26142.html,https://www.quotationspage.com/quotes/Tallulah_Bankhead/
420,Nobody can be exactly like me. Sometimes even I have trouble doing it.,Tallulah Bankhead,,https://www.quotationspage.com/quote/420.html,https://www.quotationspage.com/quotes/Tallulah_Bankhead/
27682,They used to photograph Shirley Temple through gauze.  They should photograph me through linoleum.,Tallulah Bankhead,Photography,https://www.quotationspage.com/quote/27682.html,https://www.quotationspage.com/quotes/Tallulah_Bankhead/
26256,No one has ever had an idea in a dress suit.,Sir Frederick G. Banting,Ideas,https://www.quotationspage.com/quote/26256.html,https://www.quotationspage.com/quotes/Sir_Frederick_G._Banting/
2308,"To look backward for a while is to refresh the eye, to restore it, and to render it the more fit for its prime function of looking forward.",Margaret Fairless Barber,,https://www.quotationspage.com/quote/2308.html,https://www.quotationspage.com/quotes/Margaret_Fairless_Barber/
1288,"I hate mankind, for I think myself one of the best of them, and I know how bad I am.",Joseph Baretti,Mankind,https://www.quotationspage.com/quote/1288.html,https://www.quotationspage.com/quotes/Joseph_Baretti/
26815,"Faith is a cop-out. If the only way you can accept an assertion is by faith, then you are conceding that it canâ€™t be taken on its own merits.",Dan Barker,Faith,https://www.quotationspage.com/quote/26815.html,https://www.quotationspage.com/quotes/Dan_Barker/
36750,I don't care what people think. people are stupid.,Charles Barkley,,https://www.quotationspage.com/quote/36750.html,https://www.quotationspage.com/quotes/Charles_Barkley/
1563,One picture is worth a thousand words.,Fred R. Barnard,,https://www.quotationspage.com/quote/1563.html,https://www.quotationspage.com/quotes/Fred_R._Barnard/
38217,"I LIKE ads. It's not that we don't like ads, we just don't like ads when they are out of place.",Bill Barnes,Advertising,https://www.quotationspage.com/quote/38217.html,https://www.quotationspage.com/quotes/Bill_Barnes/
29613,Television is the first truly democratic culture - the first culture available to everybody and entirely governed by what the people want. The most terrifying thing is what people do want.,Clive Barnes,Television,https://www.quotationspage.com/quote/29613.html,https://www.quotationspage.com/quotes/Clive_Barnes/
735,Every crowd has a silver lining.,Phineas Taylor Barnum,,https://www.quotationspage.com/quote/735.html,https://www.quotationspage.com/quotes/Phineas_Taylor_Barnum/
37758,I hate the word housewife; I don't like the word home-maker either. I want to be called Domestic Goddess.,Roseanne Barr,,https://www.quotationspage.com/quote/37758.html,https://www.quotationspage.com/quotes/Roseanne_Barr/
37760,I know how to do anything - I'm a mom.,Roseanne Barr,,https://www.quotationspage.com/quote/37760.html,https://www.quotationspage.com/quotes/Roseanne_Barr/
37759,The thing women have got to learn is that nobody gives you power. You just take it.,Roseanne Barr,,https://www.quotationspage.com/quote/37759.html,https://www.quotationspage.com/quotes/Roseanne_Barr/
38141,The thing women have yet to learn is nobody gives you power. You just take it.,Roseanne Barr,,https://www.quotationspage.com/quote/38141.html,https://www.quotationspage.com/quotes/Roseanne_Barr/
37757,"The world makes you into a bitch, no matter how quietly you go, so you may as well go kicking and screaming.",Roseanne Barr,,https://www.quotationspage.com/quote/37757.html,https://www.quotationspage.com/quotes/Roseanne_Barr/
37756,"Women complain about premenstrual syndrome, but I think of it as the only time of the month that I can be myself.",Roseanne Barr,,https://www.quotationspage.com/quote/37756.html,https://www.quotationspage.com/quotes/Roseanne_Barr/
38269,It's not about the length of the posts. It's about the passion.,Cam Barrett,,https://www.quotationspage.com/quote/38269.html,https://www.quotationspage.com/quotes/Cam_Barrett/
37996,We would worry less about what others think of us if we realized how seldom they do.,Ethel Barrett,,https://www.quotationspage.com/quote/37996.html,https://www.quotationspage.com/quotes/Ethel_Barrett/
31683,"For the most part, fear is nothing but an illusion. When you share it with someone else, it tends to disappear.",Marilyn C. Barrick,,https://www.quotationspage.com/quote/31683.html,https://www.quotationspage.com/quotes/Marilyn_C._Barrick/
37508,"A safe but sometimes chilly way of recalling the past is to force open a crammed drawer. If you are searching for anything in particular you don't find it, but something falls out at the back that is often more interesting.",James M. Barrie,,https://www.quotationspage.com/quote/37508.html,https://www.quotationspage.com/quotes/James_M._Barrie/
37509,Always be a little kinder than necessary.,James M. Barrie,,https://www.quotationspage.com/quote/37509.html,https://www.quotationspage.com/quotes/James_M._Barrie/
37510,Ambition - it is the last infirmity of noble minds.,James M. Barrie,Ambition,https://www.quotationspage.com/quote/37510.html,https://www.quotationspage.com/quotes/James_M._Barrie/
37511,"Dreams do come true, if we only wish hard enough, You can have anything in life if you will sacrifice everything else for it.",James M. Barrie,,https://www.quotationspage.com/quote/37511.html,https://www.quotationspage.com/quotes/James_M._Barrie/
37512,Everytime a child says 'I don't believe in fairies' there is a little fairy somewhere that falls down dead.,James M. Barrie,,https://www.quotationspage.com/quote/37512.html,https://www.quotationspage.com/quotes/James_M._Barrie/
37513,"For several days after my first book was published, I carried it about in my pocket and took surreptitious peeps at it to make sure the ink had not faded.",James M. Barrie,,https://www.quotationspage.com/quote/37513.html,https://www.quotationspage.com/quotes/James_M._Barrie/
37515,"His lordship may compel us to be equal upstairs, but there will never be equality in the servants hall.",James M. Barrie,,https://www.quotationspage.com/quote/37515.html,https://www.quotationspage.com/quotes/James_M._Barrie/
594,"I know not, sir, whether Bacon wrote the works of Shakespeare, but if he did not it seems to me that he missed the opportunity of his life.",James M. Barrie,,https://www.quotationspage.com/quote/594.html,https://www.quotationspage.com/quotes/James_M._Barrie/
37516,"I'm youth, I'm joy, I'm a little bird that has broken out of the egg.",James M. Barrie,Youth,https://www.quotationspage.com/quote/37516.html,https://www.quotationspage.com/quotes/James_M._Barrie/
36428,If you have love you don't need to have anything else. If you don't have it it doesn't matter much what else you do have.,James M. Barrie,,https://www.quotationspage.com/quote/36428.html,https://www.quotationspage.com/quotes/James_M._Barrie/
37517,"Let no one who loves be unhappy, even love unreturned has its rainbow.",James M. Barrie,,https://www.quotationspage.com/quote/37517.html,https://www.quotationspage.com/quotes/James_M._Barrie/
1279,Life is a long lesson in humility.,James M. Barrie,"Life, Humility",https://www.quotationspage.com/quote/1279.html,https://www.quotationspage.com/quotes/James_M._Barrie/
37518,Never ascribe to an opponent motives meaner than your own.,James M. Barrie,,https://www.quotationspage.com/quote/37518.html,https://www.quotationspage.com/quotes/James_M._Barrie/
26911,Nothing is really work unless you would rather be doing something else.,James M. Barrie,Work,https://www.quotationspage.com/quote/26911.html,https://www.quotationspage.com/quotes/James_M._Barrie/
37519,"Strength instead of being the lusty child of passions, grows by grappling with and subduing them.",James M. Barrie,,https://www.quotationspage.com/quote/37519.html,https://www.quotationspage.com/quotes/James_M._Barrie/
37520,Temper is a weapon that we hold by the blade.,James M. Barrie,,https://www.quotationspage.com/quote/37520.html,https://www.quotationspage.com/quotes/James_M._Barrie/
37521,That is ever the way. 'Tis all jealousy to the bride and good wishes to the corpse.,James M. Barrie,,https://www.quotationspage.com/quote/37521.html,https://www.quotationspage.com/quotes/James_M._Barrie/
37522,"The best place a person can die, is where they die for others.",James M. Barrie,,https://www.quotationspage.com/quote/37522.html,https://www.quotationspage.com/quotes/James_M._Barrie/
37523,"The life of every man is a diary in which he means to write one story, and writes another; and his humblest hour is when he compares the volume as it is with what he vowed to make it.",James M. Barrie,,https://www.quotationspage.com/quote/37523.html,https://www.quotationspage.com/quotes/James_M._Barrie/
37524,The most useless are those who never change through the years.,James M. Barrie,,https://www.quotationspage.com/quote/37524.html,https://www.quotationspage.com/quotes/James_M._Barrie/
37525,"The praise that comes from love does not make us vain, but more humble.",James M. Barrie,Praise,https://www.quotationspage.com/quote/37525.html,https://www.quotationspage.com/quotes/James_M._Barrie/21
36070,"The secret of happiness in not in what one likes to do, but in what one has to do.",James M. Barrie,,https://www.quotationspage.com/quote/36070.html,https://www.quotationspage.com/quotes/James_M._Barrie/21
37526,There are few more impressive sights in the world than a Scotsman on the make.,James M. Barrie,,https://www.quotationspage.com/quote/37526.html,https://www.quotationspage.com/quotes/James_M._Barrie/21
37527,Those who bring sunshine into the lives of others cannot keep it from themselves.,James M. Barrie,,https://www.quotationspage.com/quote/37527.html,https://www.quotationspage.com/quotes/James_M._Barrie/21
37528,To die will be an awfully big adventure.,James M. Barrie,,https://www.quotationspage.com/quote/37528.html,https://www.quotationspage.com/quotes/James_M._Barrie/21
41886,We are all failures - at least the best of us are.,James M. Barrie,,https://www.quotationspage.com/quote/41886.html,https://www.quotationspage.com/quotes/James_M._Barrie/21
37529,"We are all of us failures, at least, the best of us are.",James M. Barrie,,https://www.quotationspage.com/quote/37529.html,https://www.quotationspage.com/quotes/James_M._Barrie/21
37530,We never understand how little we need in this world until we know the loss of it.,James M. Barrie,,https://www.quotationspage.com/quote/37530.html,https://www.quotationspage.com/quotes/James_M._Barrie/21
37531,You must have been warned against letting the golden hours slip by; but some of them are golden only because we let them slip by.,James M. Barrie,,https://www.quotationspage.com/quote/37531.html,https://www.quotationspage.com/quotes/James_M._Barrie/21
37514,God gave us memory so that we might have roses in December.,James M. Barrie,,https://www.quotationspage.com/quote/37514.html,https://www.quotationspage.com/quotes/James_M._Barrie/21
40341,Even the wisest counsel is useless when it is unheeded.,Stephanie Barron,,https://www.quotationspage.com/quote/40341.html,https://www.quotationspage.com/quotes/Stephanie_Barron/
40342,"Friends, in my experience, are like ladies' fashions. They come and go with the seasons, and are rarely of such stout stuff as bears repeated wearing.",Stephanie Barron,Friendship,https://www.quotationspage.com/quote/40342.html,https://www.quotationspage.com/quotes/Stephanie_Barron/
40338,"I never feel that I have comprehended an emotion, or fully lived even the smallest events, until I have reflected upon it in my journal; my pen is my truest confidant, holding in check the passions and disappointments that I dare not share even with my beloved.",Stephanie Barron,Writing,https://www.quotationspage.com/quote/40338.html,https://www.quotationspage.com/quotes/Stephanie_Barron/
40339,I would rather spend an hour among the notorious than two minutes with the dull.,Stephanie Barron,,https://www.quotationspage.com/quote/40339.html,https://www.quotationspage.com/quotes/Stephanie_Barron/
40340,"When a quiet man is moved to passion, it seems the very earth will shake.",Stephanie Barron,,https://www.quotationspage.com/quote/40340.html,https://www.quotationspage.com/quotes/Stephanie_Barron/
26990,"He that loveth a book will never want a faithful friend, a wholesome counsellor, a cheerful companion, an effectual comforter.",Dr. Isaac Barrow,,https://www.quotationspage.com/quote/26990.html,https://www.quotationspage.com/quotes/Dr._Isaac_Barrow/
30327,"If a `religion' is defined to be a system of ideas that contains unprovable statements, then Godel taught us that mathematics is not only a religion, it is the only religion that can prove itself to be one.",John D. Barrow,,https://www.quotationspage.com/quote/30327.html,https://www.quotationspage.com/quotes/John_D._Barrow/
39156,It's easier to quote poets than to read them.,Allison Barrows,Poetry,https://www.quotationspage.com/quote/39156.html,https://www.quotationspage.com/quotes/Allison_Barrows/
1870,"I ran the wrong kind of business, but I did it with integrity.",Sydney Biddle Barrows,"Business, Integrity",https://www.quotationspage.com/quote/1870.html,https://www.quotationspage.com/quotes/Sydney_Biddle_Barrows/
29720,"Although golf was originally restricted to wealthy, overweight Protestants, today it's open to anybody who owns hideous clothing.",Dave Barry,Golf,https://www.quotationspage.com/quote/29720.html,https://www.quotationspage.com/quotes/Dave_Barry/
41719,Camping is nature's way of promoting the motel business.,Dave Barry,Camping,https://www.quotationspage.com/quote/41719.html,https://www.quotationspage.com/quotes/Dave_Barry/
29723,"I can win an argument on any topic, against any opponent. People know this, and steer clear of me at parties. Often, as a sign of their great respect, they don't even invite me.",Dave Barry,Argument,https://www.quotationspage.com/quote/29723.html,https://www.quotationspage.com/quotes/Dave_Barry/
698,I think Superman should go on the Larry King show and announce that he would come back to life if people in all 50 states wanted him to.,Dave Barry,,https://www.quotationspage.com/quote/698.html,https://www.quotationspage.com/quotes/Dave_Barry/
23608,Skiing combines outdoor fun with knocking down trees with your face.,Dave Barry,,https://www.quotationspage.com/quote/23608.html,https://www.quotationspage.com/quotes/Dave_Barry/
736,"Thus the metric system did not really catch on in the States, unless you count the increasing popularity of the nine-millimeter bullet.",Dave Barry,,https://www.quotationspage.com/quote/736.html,https://www.quotationspage.com/quotes/Dave_Barry/
39692,"We Americans live in a nation where the medical-care system is second to none in the world, unless you count maybe 25 or 30 little scuzzball countries like Scotland that we could vaporize in seconds if we felt like it.",Dave Barry,,https://www.quotationspage.com/quote/39692.html,https://www.quotationspage.com/quotes/Dave_Barry/
1072,What I look forward to is continued immaturity followed by death.,Dave Barry,Maturity,https://www.quotationspage.com/quote/1072.html,https://www.quotationspage.com/quotes/Dave_Barry/
27705,You can only be young once. But you can always be immature.,Dave Barry,Youth,https://www.quotationspage.com/quote/27705.html,https://www.quotationspage.com/quotes/Dave_Barry/
29721,"Another possible source of guidance for teenagers is television, but television's message has always been that the need for truth, wisdom and world peace pales by comparison with the need for a toothpaste that offers whiter teeth *and* fresher breath.",Dave Barry,,https://www.quotationspage.com/quote/29721.html,https://www.quotationspage.com/quotes/Dave_Barry/
29722,"Electricity is actually made up of extremely tiny particles called electrons, that you cannot see with the naked eye unless you have been drinking.",Dave Barry,Drinking,https://www.quotationspage.com/quote/29722.html,https://www.quotationspage.com/quotes/Dave_Barry/
29724,"The only really good place to buy lumber is at a store where the lumber has already been cut and attached together in the form of furniture, finished, and put inside boxes.",Dave Barry,,https://www.quotationspage.com/quote/29724.html,https://www.quotationspage.com/quotes/Dave_Barry/
26723,Love is an exploding cigar we willingly smoke.,Lynda Barry,Love,https://www.quotationspage.com/quote/26723.html,https://www.quotationspage.com/quotes/Lynda_Barry/
32147,America is the country where you buy a lifetime supply of aspirin for one dollar and use it up in two weeks.,John Barrymore,,https://www.quotationspage.com/quote/32147.html,https://www.quotationspage.com/quotes/John_Barrymore/
39152,Happiness often sneaks in through a door you didn't know you left open.,John Barrymore,,https://www.quotationspage.com/quote/39152.html,https://www.quotationspage.com/quotes/John_Barrymore/
30711,Love is the delightful interval between meeting a beautiful girl and discovering that she looks like a haddock.,John Barrymore,Love,https://www.quotationspage.com/quote/30711.html,https://www.quotationspage.com/quotes/John_Barrymore/
41985,One of my chief regrets during my recent years in the theater is that I couldn't sit in the audience and watch me.,John Barrymore,,https://www.quotationspage.com/quote/41985.html,https://www.quotationspage.com/quotes/John_Barrymore/
711,"Die? I should say not, dear fellow. No Barrymore would allow such a conventional thing to happen to him.",John Barrymore,,https://www.quotationspage.com/quote/711.html,https://www.quotationspage.com/quotes/John_Barrymore/
3099,Everyone is necessarily the hero of his own life story.,John Barth,Heroes,https://www.quotationspage.com/quote/3099.html,https://www.quotationspage.com/quotes/John_Barth/
28983,Conscience is the perfect interpreter of life.,Karl Barth,Conscience,https://www.quotationspage.com/quote/28983.html,https://www.quotationspage.com/quotes/Karl_Barth/
31136,The best way to live is by not knowing what will happen to you at the end of the day...,Donald Barthelme,,https://www.quotationspage.com/quote/31136.html,https://www.quotationspage.com/quotes/Donald_Barthelme/
26824,Conceit is God's gift to little men.,Bruce Barton,Conceit,https://www.quotationspage.com/quote/26824.html,https://www.quotationspage.com/quotes/Bruce_Barton/
2317,"If you can give your son or daughter only one gift, let it be enthusiasm.",Bruce Barton,Children,https://www.quotationspage.com/quote/2317.html,https://www.quotationspage.com/quotes/Bruce_Barton/
23526,"When you're through changing, you're through.",Bruce Barton,,https://www.quotationspage.com/quote/23526.html,https://www.quotationspage.com/quotes/Bruce_Barton/
1470,Water is the most neglected nutrient in your diet but one of the most vital.,Kelly Barton,"Food, Health",https://www.quotationspage.com/quote/1470.html,https://www.quotationspage.com/quotes/Kelly_Barton/
2549,"Approach each new problem not with a view of finding what you hope will be there, but to get the truth, the realities that must be grappled with. You may not like what you find. In that case you are entitled to try to change it. But do not deceive yourself as to what you do find to be the facts of the situation.",Bernard M. Baruch,,https://www.quotationspage.com/quote/2549.html,https://www.quotationspage.com/quotes/Bernard_M._Baruch/
41608,During my eighty-seven years I have witnessed a whole succession of technological revolutions. But none of them have done away with the need for character in the individual or the ability to think.,Bernard M. Baruch,Technology,https://www.quotationspage.com/quote/41608.html,https://www.quotationspage.com/quotes/Bernard_M._Baruch/
41391,"Every man has a right to his opinion, but no man has a right to be wrong in his facts.",Bernard M. Baruch,Opinions,https://www.quotationspage.com/quote/41391.html,https://www.quotationspage.com/quotes/Bernard_M._Baruch/
41809,"I will never be an old man. To me, old age is always 15 years older than I am.",Bernard M. Baruch,Age,https://www.quotationspage.com/quote/41809.html,https://www.quotationspage.com/quotes/Bernard_M._Baruch/
42174,Millions say the apple fell but Newton was the only one to ask why.,Bernard M. Baruch,,https://www.quotationspage.com/quote/42174.html,https://www.quotationspage.com/quotes/Bernard_M._Baruch/
38809,"Never answer a critic, unless he's right.",Bernard M. Baruch,,https://www.quotationspage.com/quote/38809.html,https://www.quotationspage.com/quotes/Bernard_M._Baruch/
2915,"Only as you do know yourself can your brain serve you as a sharp and efficient tool. Know your own failings, passions, and prejudices so you can separate them from what you see.",Bernard M. Baruch,,https://www.quotationspage.com/quote/2915.html,https://www.quotationspage.com/quotes/Bernard_M._Baruch/
1993,"To me, old age is always 15 years older than I am.",Bernard M. Baruch,Age,https://www.quotationspage.com/quote/1993.html,https://www.quotationspage.com/quotes/Bernard_M._Baruch/
28982,The test and use of a man's education is that he finds pleasure in the exercise of his mind.,Carl Barzun,,https://www.quotationspage.com/quote/28982.html,https://www.quotationspage.com/quotes/Carl_Barzun/
41553,"Teaching is not a lost art, but regard for teaching is a lost tradition.",Jacques Barzun,Teaching,https://www.quotationspage.com/quote/41553.html,https://www.quotationspage.com/quotes/Jacques_Barzun/
34531,Do not seek to follow in the footsteps of the men of old; seek what they sought.,Matsuo Basho,,https://www.quotationspage.com/quote/34531.html,https://www.quotationspage.com/quotes/Matsuo_Basho/
1147,Research is the process of going up alleys to see if they are blind.,Marston Bates,,https://www.quotationspage.com/quote/1147.html,https://www.quotationspage.com/quotes/Marston_Bates/
31229,"The family is changing not disappearing. We have to broaden our understanding of it, look for the new metaphors.",Mary Catherine Bateson,,https://www.quotationspage.com/quote/31229.html,https://www.quotationspage.com/quotes/Mary_Catherine_Bateson/
25819,The secret of happiness is to make others believe they are the cause of it.,Al Batt,Happiness,https://www.quotationspage.com/quote/25819.html,https://www.quotationspage.com/quotes/Al_Batt/
34233,A happy marriage is the world's best bargain.,O. A. Battista,,https://www.quotationspage.com/quote/34233.html,https://www.quotationspage.com/quotes/O._A._Battista/
34167,"A book is a garden, an orchard, a storehouse, a party, a company by the way, a counselor, a multitude of counselors.",Charles Baudelaire,,https://www.quotationspage.com/quote/34167.html,https://www.quotationspage.com/quotes/Charles_Baudelaire/
9163,Any healthy man can go without food for two days - but not without poetry.,Charles Baudelaire,,https://www.quotationspage.com/quote/9163.html,https://www.quotationspage.com/quotes/Charles_Baudelaire/
41837,Every man who refuses to accept the conditions of life sells his soul.,Charles Baudelaire,,https://www.quotationspage.com/quote/41837.html,https://www.quotationspage.com/quotes/Charles_Baudelaire/
33816,"Genius is no more than childhood recaptured at will, childhood equipped now with man's physical means to express itself, and with the analytical mind that enables it to bring order into the sum of experience, involuntarily amassed.",Charles Baudelaire,,https://www.quotationspage.com/quote/33816.html,https://www.quotationspage.com/quotes/Charles_Baudelaire/
33817,"I consider it useless and tedious to represent what exists, because nothing that exists satisfies me. Nature is ugly, and I prefer the monsters of my fancy to what is positively trivial.",Charles Baudelaire,,https://www.quotationspage.com/quote/33817.html,https://www.quotationspage.com/quotes/Charles_Baudelaire/
1299,"It is by universal misunderstanding that all agree. For if, by ill luck, people understood each other, they would never agree.",Charles Baudelaire,"Agreement, Understanding",https://www.quotationspage.com/quote/1299.html,https://www.quotationspage.com/quotes/Charles_Baudelaire/
30117,"It is necessary to work, if not from inclination, at least from despair. Everything considered, work is less boring than amusing oneself.",Charles Baudelaire,,https://www.quotationspage.com/quote/30117.html,https://www.quotationspage.com/quotes/Charles_Baudelaire/
33815,"Poetry and progress are like two ambitious men who hate one another with an instinctive hatred, and when they meet upon the same road, one of them has to give place.",Charles Baudelaire,,https://www.quotationspage.com/quote/33815.html,https://www.quotationspage.com/quotes/Charles_Baudelaire/
33813,The world only goes round by misunderstanding.,Charles Baudelaire,Understanding,https://www.quotationspage.com/quote/33813.html,https://www.quotationspage.com/quotes/Charles_Baudelaire/
33814,"We are weighed down, every moment, by the conception and the sensation of Time. And there are but two means of escaping and forgetting this nightmare: pleasure and work. Pleasure consumes us. Work strengthens us. Let us choose.",Charles Baudelaire,,https://www.quotationspage.com/quote/33814.html,https://www.quotationspage.com/quotes/Charles_Baudelaire/
27712,"There exist only three beings worthy of respect: the priest, the soldier, the poet. To know, to kill, to create.",Charles Baudelaire,Poetry,https://www.quotationspage.com/quote/27712.html,https://www.quotationspage.com/quotes/Charles_Baudelaire/
26243,"A sympathetic Scot summed it all up very neatly in the remark, ""You should make a point of trying every experience once, excepting incest and folk dancing.""",Sir Arnold Bax,Dance,https://www.quotationspage.com/quote/26243.html,https://www.quotationspage.com/quotes/Sir_Arnold_Bax/
27673,You don't get anything clean without getting something else dirty.,Cecil Baxter,,https://www.quotationspage.com/quote/27673.html,https://www.quotationspage.com/quotes/Cecil_Baxter/
29419,"In necessary things, unity; in doubtful things, liberty; in all things, charity.",Richard Baxter,,https://www.quotationspage.com/quote/29419.html,https://www.quotationspage.com/quotes/Richard_Baxter/
26770,"There is not less wit nor less invention in applying rightly a thought one finds in a book, than in being the first author of that thought.",Pierre Bayle,Quotations,https://www.quotationspage.com/quote/26770.html,https://www.quotationspage.com/quotes/Pierre_Bayle/
27146,"Each painting has its own way of evolving...When the painting is finished, the subject reaveals itself.",William Baziotes,"Art, Painting",https://www.quotationspage.com/quote/27146.html,https://www.quotationspage.com/quotes/William_Baziotes/
737,"Love thy neighbour as yourself, but choose your neighbourhood.",Louise Beal,,https://www.quotationspage.com/quote/737.html,https://www.quotationspage.com/quotes/Louise_Beal/
8871,"I am convinced that the world is not a mere bog in which men and women trample themselves in the mire and die. Something magnificent is taking place here amid the cruelties and tragedies, and the supreme challenge to intelligence is that of making the noblest and best in our curious heritage prevail.",Charles Austin Beard,,https://www.quotationspage.com/quote/8871.html,https://www.quotationspage.com/quotes/Charles_Austin_Beard/
38789,You need only reflect that one of the best ways to get yourself a reputation as a dangerous citizen these days is to go about repeating the very phrases which our founding fathers used in the struggle for independence.,Charles Austin Beard,,https://www.quotationspage.com/quote/38789.html,https://www.quotationspage.com/quotes/Charles_Austin_Beard/
33518,"Food is our common ground, a universal experience.",James Beard,Food,https://www.quotationspage.com/quote/33518.html,https://www.quotationspage.com/quotes/James_Beard/
1674,"Certainly, travel is more than the seeing of sights; it is a change that goes on, deep and permanent, in the ideas of living.",Miriam Beard,Travel,https://www.quotationspage.com/quote/1674.html,https://www.quotationspage.com/quotes/Miriam_Beard/
38928,The past is finished. There is nothing to b gained by going over it. Whatever it gave us in the experiences it brought us was something we had to know.,Rebecca Beard,,https://www.quotationspage.com/quote/38928.html,https://www.quotationspage.com/quotes/Rebecca_Beard/
38927,The past is finished. There is nothing to be gained by going over it. Whatever it gave us in the experiences it brought us was something we had to know.,Rebecca Beard,,https://www.quotationspage.com/quote/38927.html,https://www.quotationspage.com/quotes/Rebecca_Beard/
31090,"Each moment in time we have it all, even when we think we don't.",Melody Beattie,,https://www.quotationspage.com/quote/31090.html,https://www.quotationspage.com/quotes/Melody_Beattie/
21244,"If all the world's a stage, I want to operate the trap door.",Paul Beatty,,https://www.quotationspage.com/quote/21244.html,https://www.quotationspage.com/quotes/Paul_Beatty/
32992,You've achieved success in your field when you don't know whether what you're doing is work or play.,Warren Beatty,,https://www.quotationspage.com/quote/32992.html,https://www.quotationspage.com/quotes/Warren_Beatty/
1311,"If a thing isn't worth saying, you sing it.",Pierre Beaumarchais,Music,https://www.quotationspage.com/quote/1311.html,https://www.quotationspage.com/quotes/Pierre_Beaumarchais/
1187,It is not necessary to understand things in order to argue about them.,Pierre Beaumarchais,"Argument, Understanding",https://www.quotationspage.com/quote/1187.html,https://www.quotationspage.com/quotes/Pierre_Beaumarchais/
9945,"All confidence which is not absolute and entire, is dangerous. There are few occasions but where a man ought either to say all, or conceal all; for, how little so ever you have revealed of your secret to a friend, you have already said too much if you think it not safe to make him privy to all particulars.",Francis Beaumont,,https://www.quotationspage.com/quote/9945.html,https://www.quotationspage.com/quotes/Francis_Beaumont/
2931,Let us have a care not to disclose our hearts to those who shut up theirs against us.,Francis Beaumont,,https://www.quotationspage.com/quote/2931.html,https://www.quotationspage.com/quotes/Francis_Beaumont/
31612,Every instance of heartbreak can teach us powerful lessons about creating the kind of love we really want.,Martha Beck,,https://www.quotationspage.com/quote/31612.html,https://www.quotationspage.com/quotes/Martha_Beck/
31613,The power to bring me out of solitude - or to push me back into it - had never belonged to another person. It was mine and only mine.,Martha Beck,,https://www.quotationspage.com/quote/31613.html,https://www.quotationspage.com/quotes/Martha_Beck/
31614,"The really potent part of love is that it allows you to carry around beliefs about yourself that make you feel special, desirable, precious, innately good. Your lover couldn't have seen [these qualities] in you, even temporarily, if they weren't part of your essential being.",Martha Beck,,https://www.quotationspage.com/quote/31614.html,https://www.quotationspage.com/quotes/Martha_Beck/
32514,Any transition serious enough to alter your definition of self will require not just small adjustments in your way of living and thinking but a full-on metamorphosis.,Martha Beck,Change,https://www.quotationspage.com/quote/32514.html,https://www.quotationspage.com/quotes/Martha_Beck/
38632,The significance of man is that he is insignificant and is aware of it.,Carl Becker,,https://www.quotationspage.com/quote/38632.html,https://www.quotationspage.com/quotes/Carl_Becker/
39973,"At their core, women fear that men will kill them. At their core, men fear that women will laugh at them.",Gavin de Becker,,https://www.quotationspage.com/quote/39973.html,https://www.quotationspage.com/quotes/Gavin_de_Becker/
39831,Each word seemed to me an unnecessary stain on silence of nothingness.,Samuel Beckett,,https://www.quotationspage.com/quote/39831.html,https://www.quotationspage.com/quotes/Samuel_Beckett/
39693,"Ever tried? Ever failed? No Matter, try again, fail again, Fail better.",Samuel Beckett,,https://www.quotationspage.com/quote/39693.html,https://www.quotationspage.com/quotes/Samuel_Beckett/
21248,Every word is like an unnecessary stain on silence and nothingness.,Samuel Beckett,,https://www.quotationspage.com/quote/21248.html,https://www.quotationspage.com/quotes/Samuel_Beckett/
37831,"I don’t like animals. It’s a strange thing, I don’t like men and I don’t like animals. As for God, he is beginning to disgust me.",Samuel Beckett,,https://www.quotationspage.com/quote/37831.html,https://www.quotationspage.com/quotes/Samuel_Beckett/
37830,"The fact is, it seems, that the most you can hope is to be a little less, in the end, the creature you were in the beginning, and the middle.",Samuel Beckett,,https://www.quotationspage.com/quote/37830.html,https://www.quotationspage.com/quotes/Samuel_Beckett/
37829,"Yes, I don’t know why, but I have never been disappointed, and I often was in the early days, without feeling at the same time, or a moment later, an undeniable relief.",Samuel Beckett,,https://www.quotationspage.com/quote/37829.html,https://www.quotationspage.com/quotes/Samuel_Beckett/
32716,Ever tried. Ever failed. No matter. Try again. Fail again. Fail better.,Samuel Beckett,,https://www.quotationspage.com/quote/32716.html,https://www.quotationspage.com/quotes/Samuel_Beckett/
24892,"Where I am, I don't know, I'll never know, in the silence you don't know, you must go on, I can't go on, I'll go on.",Samuel Beckett,,https://www.quotationspage.com/quote/24892.html,https://www.quotationspage.com/quotes/Samuel_Beckett/
24893,"Vladimir: That passed the time.Estragon: It would have passed in any case.Vladimir: Yes, but not so rapidly.",Samuel Beckett,,https://www.quotationspage.com/quote/24893.html,https://www.quotationspage.com/quotes/Samuel_Beckett/
24894,We are all born mad. Some remain so.,Samuel Beckett,,https://www.quotationspage.com/quote/24894.html,https://www.quotationspage.com/quotes/Samuel_Beckett/
39839,No one else can speak the words on your lips Drench yourself in words unspoken Live your life with arms wide open Today is where your book begins The rest is still unwritten,Natasha Bedingfield,,https://www.quotationspage.com/quote/39839.html,https://www.quotationspage.com/quotes/Natasha_Bedingfield/
29392,"Let us determine to die here, and we will conquer.",Barnard Elliot Bee,,https://www.quotationspage.com/quote/29392.html,https://www.quotationspage.com/quotes/Barnard_Elliot_Bee/
65,A musicologist is a man who can read music but can't hear it.,Sir Thomas Beecham,Music,https://www.quotationspage.com/quote/65.html,https://www.quotationspage.com/quotes/Sir_Thomas_Beecham/
1090,Brass bands are all very well in their place - outdoors and several miles away.,Sir Thomas Beecham,Music,https://www.quotationspage.com/quote/1090.html,https://www.quotationspage.com/quotes/Sir_Thomas_Beecham/
8151,"Books are not made for furniture, but there is nothing else that so beautifully furnishes a house.",Henry Ward Beecher,,https://www.quotationspage.com/quote/8151.html,https://www.quotationspage.com/quotes/Henry_Ward_Beecher/
41830,Do not be afraid of defeat. you are never so near victory as when defeated in a good cause,Henry Ward Beecher,Defeat,https://www.quotationspage.com/quote/41830.html,https://www.quotationspage.com/quotes/Henry_Ward_Beecher/
8402,Fear secretes acids; but love and trust are sweet juices.,Henry Ward Beecher,,https://www.quotationspage.com/quote/8402.html,https://www.quotationspage.com/quotes/Henry_Ward_Beecher/
37605,"It usually takes 100 years to make a law, and then, after it's done its work, it usually takes 100 years to be rid of it.",Henry Ward Beecher,,https://www.quotationspage.com/quote/37605.html,https://www.quotationspage.com/quotes/Henry_Ward_Beecher/
2350,Never forget what a man says to you when he is angry.,Henry Ward Beecher,Anger,https://www.quotationspage.com/quote/2350.html,https://www.quotationspage.com/quotes/Henry_Ward_Beecher/
9838,"Our days are a kaleidoscope. Every instant a change takes place in the contents. New harmonies, new contrasts, new combinations of every sort. Nothing ever happens twice alike. The most familiar people stand each moment in some new relation to each other, to their work, to surrounding objects. The most tranquil house, with the most serene inhabitants, living upon the utmost regularity of system, is yet exemplifying infinite diversities.",Henry Ward Beecher,,https://www.quotationspage.com/quote/9838.html,https://www.quotationspage.com/quotes/Henry_Ward_Beecher/
29544,"Repentance may begin instantly, but reformation often requires a sphere of years.",Henry Ward Beecher,,https://www.quotationspage.com/quote/29544.html,https://www.quotationspage.com/quotes/Henry_Ward_Beecher/
38801,The dog was created especially for children. He is the god of frolic.,Henry Ward Beecher,Dogs,https://www.quotationspage.com/quote/38801.html,https://www.quotationspage.com/quotes/Henry_Ward_Beecher/
28855,"The meanest, most contemptible kind of praise is that which first speaks well of a man, and then qualifies it with a ""but"".",Henry Ward Beecher,Praise,https://www.quotationspage.com/quote/28855.html,https://www.quotationspage.com/quotes/Henry_Ward_Beecher/
9482,"We sleep, but the loom of life never stops, and the pattern which was weaving when the sun went down is weaving when it comes up in the morning.",Henry Ward Beecher,,https://www.quotationspage.com/quote/9482.html,https://www.quotationspage.com/quotes/Henry_Ward_Beecher/
26242,Where is human nature so weak as in the bookstore?,Henry Ward Beecher,Books,https://www.quotationspage.com/quote/26242.html,https://www.quotationspage.com/quotes/Henry_Ward_Beecher/
2972,You never know till you try to reach them how accessible men are; but you must approach each man by the right door.,Henry Ward Beecher,,https://www.quotationspage.com/quote/2972.html,https://www.quotationspage.com/quotes/Henry_Ward_Beecher/
26918,"The power of hiding ourselves from one another is mercifully given, for men are wild beasts, and would devour one another but for this protection.",Henry Ward Beecher,,https://www.quotationspage.com/quote/26918.html,https://www.quotationspage.com/quotes/Henry_Ward_Beecher/
2004,"Every artist dips his brush in his own soul, and paints his own nature into his pictures.",Henry Ward Beecher,"Art, Painting",https://www.quotationspage.com/quote/2004.html,https://www.quotationspage.com/quotes/Henry_Ward_Beecher/
41510,The difference between perseverance and obstinacy is that one comes from a strong will; and the other from a strong won't.,Henry Ward Beecher,Perseverance,https://www.quotationspage.com/quote/41510.html,https://www.quotationspage.com/quotes/Henry_Ward_Beecher/
2145,"Never chase a lie. Let it alone, and it will run itself to death.",Lyman Beecher,,https://www.quotationspage.com/quote/2145.html,https://www.quotationspage.com/quotes/Lyman_Beecher/
42198,Good sense about trivialities is better than nonsense about things that matter.,Max Beerbohm,,https://www.quotationspage.com/quote/42198.html,https://www.quotationspage.com/quotes/Max_Beerbohm/
38817,No fine work can be done without concentration and self-sacrifice and toil and doubt.,Max Beerbohm,,https://www.quotationspage.com/quote/38817.html,https://www.quotationspage.com/quotes/Max_Beerbohm/
30616,Nobody ever died of laughter.,Max Beerbohm,,https://www.quotationspage.com/quote/30616.html,https://www.quotationspage.com/quotes/Max_Beerbohm/
26989,You cannot make a man by standing a sheep on its hind legs. But by standing a flock of sheep in that position you can make a crowd of men.,Max Beerbohm,,https://www.quotationspage.com/quote/26989.html,https://www.quotationspage.com/quotes/Max_Beerbohm/
30676,I have never thought of writing for reputation and honor. What I have in my heart must come out; that is the reason why I compose.,Ludwig van Beethoven,,https://www.quotationspage.com/quote/30676.html,https://www.quotationspage.com/quotes/Ludwig_van_Beethoven/
3016,"Recommend to your children virtue; that alone can make them happy, not gold.",Ludwig van Beethoven,,https://www.quotationspage.com/quote/3016.html,https://www.quotationspage.com/quotes/Ludwig_van_Beethoven/
27551,A place for everything and everything in its place.,Isabella Mary Beeton,,https://www.quotationspage.com/quote/27551.html,https://www.quotationspage.com/quotes/Isabella_Mary_Beeton/
2321,To find fulfillment...don't exist with life - embrace it.,Jim Beggs,,https://www.quotationspage.com/quote/2321.html,https://www.quotationspage.com/quotes/Jim_Beggs/
2182,What we say is important for in most cases the mouth speaks what the heart is full of.,Jim Beggs,,https://www.quotationspage.com/quote/2182.html,https://www.quotationspage.com/quotes/Jim_Beggs/
32169,"When I came back to Dublin I was courtmartialed in my absence and sentenced to death in my absence, so I said they could shoot me in my absence.",Brendan Behan,,https://www.quotationspage.com/quote/32169.html,https://www.quotationspage.com/quotes/Brendan_Behan/
24895,He was born an Englishman and remained one for years.,Brendan Behan,England,https://www.quotationspage.com/quote/24895.html,https://www.quotationspage.com/quotes/Brendan_Behan/
31626,"Oh, what a dear ravishing thing is the beginning of an Amour!",Aphra Behn,,https://www.quotationspage.com/quote/31626.html,https://www.quotationspage.com/quotes/Aphra_Behn/
1554,Variety is the soul of pleasure.,Aphra Behn,,https://www.quotationspage.com/quote/1554.html,https://www.quotationspage.com/quotes/Aphra_Behn/
1557,The fragrance always remains in the hand that gives the rose.,Heda Bejar,,https://www.quotationspage.com/quote/1557.html,https://www.quotationspage.com/quotes/Heda_Bejar/
39000,Really listening and suspending one's own judgment is necessary in order to understand other people on their own terms... This is a process that requires trust and builds trust.,Mary Field Belenky,,https://www.quotationspage.com/quote/39000.html,https://www.quotationspage.com/quotes/Mary_Field_Belenky/
34417,"Before anything else, preparation is the key to success.",Alexander Graham Bell,,https://www.quotationspage.com/quote/34417.html,https://www.quotationspage.com/quotes/Alexander_Graham_Bell/
29068,"Man is an animal which, alone among the animals, refuses to be satisfied by the fulfilment of animal desires.",Alexander Graham Bell,Desire,https://www.quotationspage.com/quote/29068.html,https://www.quotationspage.com/quotes/Alexander_Graham_Bell/
1133,Life is too short for traffic.,Dan Bellack,Cars,https://www.quotationspage.com/quote/1133.html,https://www.quotationspage.com/quotes/Dan_Bellack/
34224,A great deal of intelligence can be invested in ignorance when the need for illusion is deep.,Saul Bellow,,https://www.quotationspage.com/quote/34224.html,https://www.quotationspage.com/quotes/Saul_Bellow/
34326,All a writer has to do to get a woman is to say he's a writer. It's an aphrodisiac.,Saul Bellow,,https://www.quotationspage.com/quote/34326.html,https://www.quotationspage.com/quotes/Saul_Bellow/
34363,Any artist should be grateful for a naive grace which puts him beyond the need to reason elaborately.,Saul Bellow,,https://www.quotationspage.com/quote/34363.html,https://www.quotationspage.com/quotes/Saul_Bellow/
34451,California is like an artificial limb the rest of the country doesn't really need. You can quote me on that.,Saul Bellow,,https://www.quotationspage.com/quote/34451.html,https://www.quotationspage.com/quotes/Saul_Bellow/
2678,"There is only one way to defeat the enemy, and that is to write as well as one can. The best argument is an undeniably good book.",Saul Bellow,Writing,https://www.quotationspage.com/quote/2678.html,https://www.quotationspage.com/quotes/Saul_Bellow/
33485,"There was a disturbance in my heart, a voice that spoke there and said, I want, I want, I want! It happened every afternoon, and when I tried to suppress it it got even stronger.",Saul Bellow,Passion,https://www.quotationspage.com/quote/33485.html,https://www.quotationspage.com/quotes/Saul_Bellow/
2494,Let a good man do good deeds with the same zeal that the evil man does bad ones.,The Belzer Rabbi,,https://www.quotationspage.com/quote/2494.html,https://www.quotationspage.com/quotes/The_Belzer_Rabbi/
738,"A boy can learn a lot from a dog: obedience, loyalty, and the importance of turning around three times before lying down.",Robert Benchley,"Pets, Dogs",https://www.quotationspage.com/quote/738.html,https://www.quotationspage.com/quotes/Robert_Benchley/
1342,"An ardent supporter of the hometown team should go to a game prepared to take offense, no matter what happens.",Robert Benchley,,https://www.quotationspage.com/quote/1342.html,https://www.quotationspage.com/quotes/Robert_Benchley/
739,Anyone can do any amount of work provided it isn't the work he is supposed to be doing at the moment.,Robert Benchley,Work,https://www.quotationspage.com/quote/739.html,https://www.quotationspage.com/quotes/Robert_Benchley/
240,"As for me, except for an occasional heart attack, I feel as young as I ever did.",Robert Benchley,Age,https://www.quotationspage.com/quote/240.html,https://www.quotationspage.com/quotes/Robert_Benchley/
26749,Defining and analyzing humor is a pastime of humorless people.,Robert Benchley,Humor,https://www.quotationspage.com/quote/26749.html,https://www.quotationspage.com/quotes/Robert_Benchley/
28,"Drawing on my fine command of the English language, I said nothing.",Robert Benchley,Language,https://www.quotationspage.com/quote/28.html,https://www.quotationspage.com/quotes/Robert_Benchley/
1341,"Drinking makes such fools of people, and people are such fools to begin with, that it's compounding a felony.",Robert Benchley,Drinking,https://www.quotationspage.com/quote/1341.html,https://www.quotationspage.com/quotes/Robert_Benchley/
23613,"I can't bring myself to say, 'Well, I guess I'll be toddling along.' It isn't that I can't toddle. It's just that I can't guess I'll toddle.",Robert Benchley,,https://www.quotationspage.com/quote/23613.html,https://www.quotationspage.com/quotes/Robert_Benchley/
27679,"It took me fifteen years to discover that I had no talent for writing, but I couldn't give it up because by that time I was too famous.",Robert Benchley,Writing,https://www.quotationspage.com/quote/27679.html,https://www.quotationspage.com/quotes/Robert_Benchley/
1343,The surest way to make a monkey of a man is to quote him.,Robert Benchley,Quotations,https://www.quotationspage.com/quote/1343.html,https://www.quotationspage.com/quotes/Robert_Benchley/
488,"There are two kinds of people in the world, those who believe there are two kinds of people in the world and those who don't.",Robert Benchley,,https://www.quotationspage.com/quote/488.html,https://www.quotationspage.com/quotes/Robert_Benchley/
39021,The happiest excitement in life is to be convinced that one is fighting for all one is worth on behalf of some clearly seen and deeply felt good.,Ruth Benedict,,https://www.quotationspage.com/quote/39021.html,https://www.quotationspage.com/quotes/Ruth_Benedict/
3185,"We thought, because we had power, we had wisdom.",Stephen Vincent Benet,Power,https://www.quotationspage.com/quote/3185.html,https://www.quotationspage.com/quotes/Stephen_Vincent_Benet/
740,"Eagles may soar, but weasels don't get sucked into jet engines.",John Benfield,,https://www.quotationspage.com/quote/740.html,https://www.quotationspage.com/quotes/John_Benfield/
1648,"For me, words are a form of action, capable of influencing change.",Ingrid Bengis,Language,https://www.quotationspage.com/quote/1648.html,https://www.quotationspage.com/quotes/Ingrid_Bengis/
25938,It's a sign of mediocrity when you demonstrate gratitude with moderation.,Roberto Benigni,Gratitude,https://www.quotationspage.com/quote/25938.html,https://www.quotationspage.com/quotes/Roberto_Benigni/
40572,It is the letter not sent that is often the most valuable.,Melanie Benjamin,,https://www.quotationspage.com/quote/40572.html,https://www.quotationspage.com/quotes/Melanie_Benjamin/
40575,"There is always so much talk about the sins of the fathers, but it is the sins of the mothers that are the most difficult to avoid repeating.",Melanie Benjamin,,https://www.quotationspage.com/quote/40575.html,https://www.quotationspage.com/quotes/Melanie_Benjamin/
40574,"What very mysterious things days were. Sometimes they fly by, and other times they seem to last forever, yet they are all exactly twenty-four hours. There's quite a lot we don't know about them.",Melanie Benjamin,Time,https://www.quotationspage.com/quote/40574.html,https://www.quotationspage.com/quotes/Melanie_Benjamin/
40573,"When you write things down, they sometimes take you places you hadn't planned.",Melanie Benjamin,Writing,https://www.quotationspage.com/quote/40573.html,https://www.quotationspage.com/quotes/Melanie_Benjamin/
1324,"Politics is the art of looking for trouble, finding it whether it exists or not, diagnosing it incorrectly, and applying the wrong remedy.",Ernest Benn,Politics,https://www.quotationspage.com/quote/1324.html,https://www.quotationspage.com/quotes/Ernest_Benn/
38975,"It's the same each time with progress. First they ignore you, then they say you're mad, then dangerous, then there's a pause and then you can't find anyone who disagrees with you.",Tony Benn,,https://www.quotationspage.com/quote/38975.html,https://www.quotationspage.com/quotes/Tony_Benn/
38938,"The majority of people perform well in a crisis and when the spotlight is on them; it's on the Sunday afternoons of this life, when the nobody is looking, that the spirit falters.",Alan Bennett,,https://www.quotationspage.com/quote/38938.html,https://www.quotationspage.com/quotes/Alan_Bennett/
29800,"We started off trying to set up a small anarchist community, but people wouldn't obey the rules.",Alan Bennett,Rules,https://www.quotationspage.com/quote/29800.html,https://www.quotationspage.com/quotes/Alan_Bennett/
34261,A man of sixty has spent twenty years in bed and over three years in eating.,Arnold Bennett,,https://www.quotationspage.com/quote/34261.html,https://www.quotationspage.com/quotes/Arnold_Bennett/
38067,"Beware of undertaking too much at the start. Be content with quite a little. Allow for accidents. Allow for human nature, especially your own.",Arnold Bennett,,https://www.quotationspage.com/quote/38067.html,https://www.quotationspage.com/quotes/Arnold_Bennett/
29317,"Falsehood often lurks upon the tongue of him, who, by self-praise, seeks to enhance his value in the eyes of others.",Arnold Bennett,,https://www.quotationspage.com/quote/29317.html,https://www.quotationspage.com/quotes/Arnold_Bennett/
2336,"Having once decided to achieve a certain task, achieve it at all costs of tedium and distaste. The gain in self-confidence of having accomplished a tiresome labor is immense.",Arnold Bennett,Confidence,https://www.quotationspage.com/quote/2336.html,https://www.quotationspage.com/quotes/Arnold_Bennett/
2706,"The best cure for worry, depression, melancholy, brooding, is to go deliberately forth and try to lift with one's sympathy the gloom of somebody else.",Arnold Bennett,,https://www.quotationspage.com/quote/2706.html,https://www.quotationspage.com/quotes/Arnold_Bennett/
311,"I don't deserve this award, but I have arthritis and I don't deserve that either.",Jack Benny,,https://www.quotationspage.com/quote/311.html,https://www.quotationspage.com/quotes/Jack_Benny/
2930,"Call no man foe, but never love a stranger.",Stella Benson,,https://www.quotationspage.com/quote/2930.html,https://www.quotationspage.com/quotes/Stella_Benson/
39998,"Music lives in three tenses at once. Developing what comes before it in the past, it engages us in the present, and inspires our hopes for its future.",Warren Benson,,https://www.quotationspage.com/quote/39998.html,https://www.quotationspage.com/quotes/Warren_Benson/
21428,Every law is an infraction of liberty.,Jeremy Bentham,,https://www.quotationspage.com/quote/21428.html,https://www.quotationspage.com/quotes/Jeremy_Bentham/
20793,Lawyers are the only persons in whom ignorance of the law is not punished.,Jeremy Bentham,,https://www.quotationspage.com/quote/20793.html,https://www.quotationspage.com/quotes/Jeremy_Bentham/
37969,"Stretching his hand out to catch the stars, he forgets the flowers at his feet.",Jeremy Bentham,Flowers,https://www.quotationspage.com/quote/37969.html,https://www.quotationspage.com/quotes/Jeremy_Bentham/
4191,"The question is not, can they reason? Nor, can they talk? But, can they suffer?",Jeremy Bentham,,https://www.quotationspage.com/quote/4191.html,https://www.quotationspage.com/quotes/Jeremy_Bentham/
29420,No man is demolished but by himself.,Richard Bently,,https://www.quotationspage.com/quote/29420.html,https://www.quotationspage.com/quotes/Richard_Bently/
33493,"I had learnt to seek intensityâ€¦more of life, a concentrated sense of life.",Nina Berberova,Passion,https://www.quotationspage.com/quote/33493.html,https://www.quotationspage.com/quotes/Nina_Berberova/
40169,"Because he has never forgiven himself any fault, he can forgive no one else's.",Linda Berdoll,,https://www.quotationspage.com/quote/40169.html,https://www.quotationspage.com/quotes/Linda_Berdoll/
40167,Frequency of a tragedy does not diminish the wound when it is your own.,Linda Berdoll,,https://www.quotationspage.com/quote/40167.html,https://www.quotationspage.com/quotes/Linda_Berdoll/
40165,How soon was it that the dead are brought to deity in the eyes of those who in life found them little regard.,Linda Berdoll,,https://www.quotationspage.com/quote/40165.html,https://www.quotationspage.com/quotes/Linda_Berdoll/
40168,It was reassuring to know exactly where one stood. That one stood at the end of the line was not pertinent. At least there was a line in which to subsist.,Linda Berdoll,,https://www.quotationspage.com/quote/40168.html,https://www.quotationspage.com/quotes/Linda_Berdoll/
40166,"Neither enemy faces, nor the mothers that love them, come to mind when one is thinking of nothing but endeavouring to survive. Philosophising about war is useless under fire.",Linda Berdoll,War,https://www.quotationspage.com/quote/40166.html,https://www.quotationspage.com/quotes/Linda_Berdoll/
990,Consistency requires you to be as ignorant today as you were a year ago.,Bernard Berenson,Ignorance,https://www.quotationspage.com/quote/990.html,https://www.quotationspage.com/quotes/Bernard_Berenson/
41950,"If only I could stand on a street corner with my hat in my hand, and get people to throw their wasted time into it!",Bernard Berenson,,https://www.quotationspage.com/quote/41950.html,https://www.quotationspage.com/quotes/Bernard_Berenson/
31115,"I used to believe that marriage would diminish me, reduce my options. That you had to be someone less to live with someone else when, of course, you have to be someone more.",Candice Bergen,Marriage,https://www.quotationspage.com/quote/31115.html,https://www.quotationspage.com/quotes/Candice_Bergen/
1,Ambition is a poor excuse for not having sense enough to be lazy.,Edgar Bergen,"Laziness, Ambition",https://www.quotationspage.com/quote/1.html,https://www.quotationspage.com/quotes/Edgar_Bergen/
288,"Hard work never killed anybody, but why take a chance?",Edgar Bergen,Work,https://www.quotationspage.com/quote/288.html,https://www.quotationspage.com/quotes/Edgar_Bergen/
596,Why do writers write? Because it isn't there.,Thomas Berger,Writing,https://www.quotationspage.com/quote/596.html,https://www.quotationspage.com/quotes/Thomas_Berger/
39790,"A kiss is a lovely trick, designed by nature, to stop words when speech becomes unnecessary.",Ingrid Bergman,Love,https://www.quotationspage.com/quote/39790.html,https://www.quotationspage.com/quotes/Ingrid_Bergman/
40025,"Action on the move creates its own route; creates to a very great extent the conditions under which is it to be fullfilled, and thus baffles all calculation.",Henri Bergson,,https://www.quotationspage.com/quote/40025.html,https://www.quotationspage.com/quotes/Henri_Bergson/
2985,"Think like a man of action, act like a man of thought.",Henri Bergson,,https://www.quotationspage.com/quote/2985.html,https://www.quotationspage.com/quotes/Henri_Bergson/
40885,"If you'd like to be good at something, the first thing to out the window is the notion of perfection.",Scott Berkun,Perfection,https://www.quotationspage.com/quote/40885.html,https://www.quotationspage.com/quotes/Scott_Berkun/
40884,It seems that bad advice that's fun will always be better known than than good advice that's dull-no matter how useless that fun advice is.,Scott Berkun,Advice,https://www.quotationspage.com/quote/40884.html,https://www.quotationspage.com/quotes/Scott_Berkun/
40886,"My intent is simply to know my material so well that I'm very comfortable with it. Confidence, not perfection, is the goal.",Scott Berkun,Confidence,https://www.quotationspage.com/quote/40886.html,https://www.quotationspage.com/quotes/Scott_Berkun/
33257,"If opportunity doesn't knock, build a door.",Milton Berle,,https://www.quotationspage.com/quote/33257.html,https://www.quotationspage.com/quotes/Milton_Berle/
37955,Laughter is an instant vacation.,Milton Berle,,https://www.quotationspage.com/quote/37955.html,https://www.quotationspage.com/quotes/Milton_Berle/
35640,"You can lead a man to Congress, but you can't make him think.",Milton Berle,,https://www.quotationspage.com/quote/35640.html,https://www.quotationspage.com/quotes/Milton_Berle/
41942,The toughest thing about success is that you've got to keep on being a success.,Irving Berlin,,https://www.quotationspage.com/quote/41942.html,https://www.quotationspage.com/quotes/Irving_Berlin/
2962,The toughest thing about success is that you've got to keep on being a success. Talent is only a starting point in this business. You've got to keep on working that talent. Someday I'll reach for it and it won't be there.,Irving Berlin,Success,https://www.quotationspage.com/quote/2962.html,https://www.quotationspage.com/quotes/Irving_Berlin/
24896,There's no business like show business.,Irving Berlin,,https://www.quotationspage.com/quote/24896.html,https://www.quotationspage.com/quotes/Irving_Berlin/
26807,Every composer knows the anguish and despair occasioned by forgetting ideas which one had no time to write down.,Hector Berlioz,Ideas,https://www.quotationspage.com/quote/26807.html,https://www.quotationspage.com/quotes/Hector_Berlioz/
27327,The first sign of corruption in a society that is still alive is that the end justifies the means.,Georges Bernanos,,https://www.quotationspage.com/quote/27327.html,https://www.quotationspage.com/quotes/Georges_Bernanos/
28953,Man can learn nothing unless he proceeds from the known to the unknown.,Claude Bernard,,https://www.quotationspage.com/quote/28953.html,https://www.quotationspage.com/quotes/Claude_Bernard/
41881,Mediocre men often have the most acquired knowledge.,Claude Bernard,Knowledge,https://www.quotationspage.com/quote/41881.html,https://www.quotationspage.com/quotes/Claude_Bernard/
39023,We can learn nothing except by going from the known to the unknown.,Claude Bernard,,https://www.quotationspage.com/quote/39023.html,https://www.quotationspage.com/quotes/Claude_Bernard/
29699,Courage is fear that has said its prayers.,Dorothy Bernard,"Courage, Fear",https://www.quotationspage.com/quote/29699.html,https://www.quotationspage.com/quotes/Dorothy_Bernard/
41640,Self-control is not a problem in the future. It's only a problem NOW when the chocolates is next to us.,Shlomo Bernartzi,Planning,https://www.quotationspage.com/quote/41640.html,https://www.quotationspage.com/quotes/Shlomo_Bernartzi/
32227,"The moment a little boy is concerned with which is a jay and which is a sparrow, he can no longer see the birds or hear them sing.",Eric Berne,Birds,https://www.quotationspage.com/quote/32227.html,https://www.quotationspage.com/quotes/Eric_Berne/
31222,Life engenders life. Energy creates energy. It is by spending oneself that one becomes rich.,Sarah Bernhardt,Energy,https://www.quotationspage.com/quote/31222.html,https://www.quotationspage.com/quotes/Sarah_Bernhardt/
26790,"Inspiration is wonderful when it happens, but the writer must develop an approach for the rest of the time... The wait is simply too long.",Leonard Bernstein,"Writing, Inspiration",https://www.quotationspage.com/quote/26790.html,https://www.quotationspage.com/quotes/Leonard_Bernstein/
27220,"Baseball is 90% mental, the other half is physical.",Yogi Berra,Sports,https://www.quotationspage.com/quote/27220.html,https://www.quotationspage.com/quotes/Yogi_Berra/
27222,I didn't really say everything I said.,Yogi Berra,Quotations,https://www.quotationspage.com/quote/27222.html,https://www.quotationspage.com/quotes/Yogi_Berra/
27217,It ain't over 'til it's over.,Yogi Berra,,https://www.quotationspage.com/quote/27217.html,https://www.quotationspage.com/quotes/Yogi_Berra/
27628,"No one goes there nowadays, it's too crowded.",Yogi Berra,,https://www.quotationspage.com/quote/27628.html,https://www.quotationspage.com/quotes/Yogi_Berra/
27223,The future ain't what it used to be.,Yogi Berra,The Future,https://www.quotationspage.com/quote/27223.html,https://www.quotationspage.com/quotes/Yogi_Berra/
27218,This is like deja vu all over again.,Yogi Berra,,https://www.quotationspage.com/quote/27218.html,https://www.quotationspage.com/quotes/Yogi_Berra/
27221,"When you come to a fork in the road, take it.",Yogi Berra,,https://www.quotationspage.com/quote/27221.html,https://www.quotationspage.com/quotes/Yogi_Berra/
30586,"When you're part of a team, you stand up for your teammates. Your loyalty is to them. You protect them through good and bad, because they'd do the same for you.",Yogi Berra,,https://www.quotationspage.com/quote/30586.html,https://www.quotationspage.com/quotes/Yogi_Berra/
31310,"If the fans don't wanna come out to the ballpark, no one can stop 'em.",Yogi Berra,,https://www.quotationspage.com/quote/31310.html,https://www.quotationspage.com/quotes/Yogi_Berra/
518,You can observe a lot just by watching.,Yogi Berra,,https://www.quotationspage.com/quote/518.html,https://www.quotationspage.com/quotes/Yogi_Berra/
35021,"Beauty? Let me tell you something - being thought of as 'a beautiful woman' has spared me nothing in life. No heartache, no trouble. Love has been difficult. Beauty is essentially meaningless and it is always transitory.",Halle Berry,,https://www.quotationspage.com/quote/35021.html,https://www.quotationspage.com/quotes/Halle_Berry/
32232,The bird of paradise alights only upon the hand that does not grasp.,John Berry,Happiness,https://www.quotationspage.com/quote/32232.html,https://www.quotationspage.com/quotes/John_Berry/
31186,"In health the flesh is graced, the holy enters the world.",Wendell Berry,,https://www.quotationspage.com/quote/31186.html,https://www.quotationspage.com/quotes/Wendell_Berry/
29477,Knowledge is essential to conquest; only according to our ignorance are we helpless. Thought creates character. Character can dominate conditions. Will creates circumstances and environment.,Anne Besant,Knowledge,https://www.quotationspage.com/quote/29477.html,https://www.quotationspage.com/quotes/Anne_Besant/
40877,"Life isn't simple. But the beauty of it is, you can always start over. It'll get easier.",Alacia Bessette,Life,https://www.quotationspage.com/quote/40877.html,https://www.quotationspage.com/quotes/Alacia_Bessette/
40876,Nobody cleared a path for themselves by giving up.,Alacia Bessette,Failure,https://www.quotationspage.com/quote/40876.html,https://www.quotationspage.com/quotes/Alacia_Bessette/
31947,"I spent a lot of money on booze, birds and fast cars. The rest I just squandered.",George Best,,https://www.quotationspage.com/quote/31947.html,https://www.quotationspage.com/quotes/George_Best/
39272,"I used to go missing a lot... Miss Canada, Miss United Kingdom, Miss World.",George Best,,https://www.quotationspage.com/quote/39272.html,https://www.quotationspage.com/quotes/George_Best/
39275,"I've stopped drinking, but only while I'm asleep.",George Best,,https://www.quotationspage.com/quote/39275.html,https://www.quotationspage.com/quotes/George_Best/
39277,In 1969 I gave up women and alcohol - it was the worst 20 minutes of my life.,George Best,,https://www.quotationspage.com/quote/39277.html,https://www.quotationspage.com/quotes/George_Best/
39276,"I once said Gazza's IQ was less than his shirt number and he asked me: ""What's an IQ?""",George Best,,https://www.quotationspage.com/quote/39276.html,https://www.quotationspage.com/quotes/George_Best/
39274,I was in for 10 hours and had 40 pints - beating my previous record by 20 minutes.,George Best,,https://www.quotationspage.com/quote/39274.html,https://www.quotationspage.com/quotes/George_Best/
28937,Do no dishonour to the earth least you dishonour the spirit of man.,Henry Beston,,https://www.quotationspage.com/quote/28937.html,https://www.quotationspage.com/quotes/Henry_Beston/
37706,"The leaves fall, the wind blows, and the farm country slowly changes from the summer cottons into its winter wools.",Henry Beston,Autumn,https://www.quotationspage.com/quote/37706.html,https://www.quotationspage.com/quotes/Henry_Beston/
30965,"When you want to believe in something, you also have to believe in everything that's necessary for believing in it.",Ugo Betti,,https://www.quotationspage.com/quote/30965.html,https://www.quotationspage.com/quotes/Ugo_Betti/
22038,Virtue is its own punishment.,Aneurin Bevan,,https://www.quotationspage.com/quote/22038.html,https://www.quotationspage.com/quotes/Aneurin_Bevan/
38995,We know what happens to people who stay in the middle of the road. They get run over.,Aneurin Bevan,,https://www.quotationspage.com/quote/38995.html,https://www.quotationspage.com/quotes/Aneurin_Bevan/
29421,"The object of government in peace and in war is not the glory of rulers or of races, but the happiness of the common man.",Lord William Beveridge,,https://www.quotationspage.com/quote/29421.html,https://www.quotationspage.com/quotes/Lord_William_Beveridge/
40010,God's only excuse is that he does not exist.,Marie Henri Beyle,,https://www.quotationspage.com/quote/40010.html,https://www.quotationspage.com/quotes/Marie_Henri_Beyle/
29214,One can acquire everything in solitude - except character.,Marie Henri Beyle,Character,https://www.quotationspage.com/quote/29214.html,https://www.quotationspage.com/quotes/Marie_Henri_Beyle/
40174,A brand for a company is like a reputation for a person. You earn reputation by trying to do hard things well.,Jeff Bezos,,https://www.quotationspage.com/quote/40174.html,https://www.quotationspage.com/quotes/Jeff_Bezos/
24293,For certain is death for the bornAnd certain is birth for the dead;Therefore over the inevitableThou shouldst not grieve.,Bhagavad Gita,Death,https://www.quotationspage.com/quote/24293.html,https://www.quotationspage.com/quotes/Bhagavad_Gita/
24294,"On action alone be thy interest,Never on its fruits.Let not the fruits of action be thy motive,Nor be thy attachment to inaction.",Bhagavad Gita,,https://www.quotationspage.com/quote/24294.html,https://www.quotationspage.com/quotes/Bhagavad_Gita/
28977,Do not speak quickly; it is a sign of insanity.,Bias,,https://www.quotationspage.com/quote/28977.html,https://www.quotationspage.com/quotes/Bias/
29064,"Make wisdom your provision for the journey from youth to old age, for it is a more certain support than all other possessions.",Bias,,https://www.quotationspage.com/quote/29064.html,https://www.quotationspage.com/quotes/Bias/
28868,The wise man carries his possessions within him.,Bias,Possessions,https://www.quotationspage.com/quote/28868.html,https://www.quotationspage.com/quotes/Bias/
31008,"Blessed are those who can give without remembering, and take without forgetting.",Princess Elizabeth Asquith Bibesco,,https://www.quotationspage.com/quote/31008.html,https://www.quotationspage.com/quotes/Princess_Elizabeth_Asquith_Bibesco/
22472,Irony is the hygiene of the mind.,Princess Elizabeth Asquith Bibesco,,https://www.quotationspage.com/quote/22472.html,https://www.quotationspage.com/quotes/Princess_Elizabeth_Asquith_Bibesco/
38171,"You don't have to signal a social conscience by looking like a frump. Lace knickers won't hasten the holocaust, you can ban the bomb in a feather boa just as well as without, and a mild interest in the length of hemlines doesn't necessarily disqualify you from reading Das Kapital and agreeing with every word.",Princess Elizabeth Asquith Bibesco,,https://www.quotationspage.com/quote/38171.html,https://www.quotationspage.com/quotes/Princess_Elizabeth_Asquith_Bibesco/
37467,Every man's work shall be made manifest.,Bible,,https://www.quotationspage.com/quote/37467.html,https://www.quotationspage.com/quotes/Bible/
37466,"I have planted, Apollos watered; but God gave the increase.",Bible,,https://www.quotationspage.com/quote/37466.html,https://www.quotationspage.com/quotes/Bible/
37471,I am made all things to all men.,Bible,,https://www.quotationspage.com/quote/37471.html,https://www.quotationspage.com/quotes/Bible/
37468,"Absent in body, but present in spirit.",Bible,,https://www.quotationspage.com/quote/37468.html,https://www.quotationspage.com/quotes/Bible/
37469,Know ye not that a little leaven leaveneth the whole lump?,Bible,,https://www.quotationspage.com/quote/37469.html,https://www.quotationspage.com/quotes/Bible/
37470,"For the fashion of this world passeth away,",Bible,,https://www.quotationspage.com/quote/37470.html,https://www.quotationspage.com/quotes/Bible/
37472,Wherefore let him that thinketh he standeth take heed lest he fall.,Bible,,https://www.quotationspage.com/quote/37472.html,https://www.quotationspage.com/quotes/Bible/
37473,"As sounding brass, or a tinkling cymbal.",Bible,,https://www.quotationspage.com/quote/37473.html,https://www.quotationspage.com/quotes/Bible/
37474,When I was a child I spake as a child.,Bible,,https://www.quotationspage.com/quote/37474.html,https://www.quotationspage.com/quotes/Bible/
37475,"For now we see through a glass, darkly.",Bible,,https://www.quotationspage.com/quote/37475.html,https://www.quotationspage.com/quotes/Bible/
37476,Be not deceived: evil communications corrupt good manners.,Bible,,https://www.quotationspage.com/quote/37476.html,https://www.quotationspage.com/quotes/Bible/
37477,"The first man is of the earth, earthy.",Bible,,https://www.quotationspage.com/quote/37477.html,https://www.quotationspage.com/quotes/Bible/
37478,"O death, where is thy sting? O grave, where is thy victory?",Bible,,https://www.quotationspage.com/quote/37478.html,https://www.quotationspage.com/quotes/Bible/
37504,There is no fear in love; but perfect love casteth out fear.,Bible,,https://www.quotationspage.com/quote/37504.html,https://www.quotationspage.com/quotes/Bible/
37501,Charity shall cover the multitude of sins.,Bible,,https://www.quotationspage.com/quote/37501.html,https://www.quotationspage.com/quotes/Bible/
37502,"Be sober, be vigilant; because your adversary the devil, as a roaring lion, walketh about seeking whom he may devour.",Bible,,https://www.quotationspage.com/quote/37502.html,https://www.quotationspage.com/quotes/Bible/
37487,"Remembering without ceasing your work of faith, and labor of love.",Bible,,https://www.quotationspage.com/quote/37487.html,https://www.quotationspage.com/quotes/Bible/
37492,"For the love of money is the root of all evil: which while some coveted after, they have erred from the faith, and pierced themselves through with many sorrows.",Bible,,https://www.quotationspage.com/quote/37492.html,https://www.quotationspage.com/quotes/Bible/
37489,Not greedy of filthy lucre.,Bible,Greed,https://www.quotationspage.com/quote/37489.html,https://www.quotationspage.com/quotes/Bible/
37490,The laborer is worthy of his reward.,Bible,,https://www.quotationspage.com/quote/37490.html,https://www.quotationspage.com/quotes/Bible/
37491,"Drink no longer water, but use a little wine for thy stomach's sake.",Bible,Drinking,https://www.quotationspage.com/quote/37491.html,https://www.quotationspage.com/quotes/Bible/21
37479,"We walk by faith, not by sight.",Bible,,https://www.quotationspage.com/quote/37479.html,https://www.quotationspage.com/quotes/Bible/21
37480,"Behold, now is the accepted time,",Bible,,https://www.quotationspage.com/quote/37480.html,https://www.quotationspage.com/quotes/Bible/21
37481,By evil report and good report.,Bible,,https://www.quotationspage.com/quote/37481.html,https://www.quotationspage.com/quotes/Bible/21
37503,But the day of the Lord will come as a thief in the night.,Bible,,https://www.quotationspage.com/quote/37503.html,https://www.quotationspage.com/quotes/Bible/21
37493,"I have fought a good fight, I have finished my course, I have kept the faith.",Bible,,https://www.quotationspage.com/quote/37493.html,https://www.quotationspage.com/quotes/Bible/21
37454,It is hard for thee to kick against the pricks.,Bible,,https://www.quotationspage.com/quote/37454.html,https://www.quotationspage.com/quotes/Bible/21
37455,It is more blessed to give than to receive.,Bible,,https://www.quotationspage.com/quote/37455.html,https://www.quotationspage.com/quotes/Bible/21
37486,Touch not; taste not; handle not.,Bible,,https://www.quotationspage.com/quote/37486.html,https://www.quotationspage.com/quotes/Bible/21
37386,"Thou art weighed in the balances, and art found wanting.",Bible,,https://www.quotationspage.com/quote/37386.html,https://www.quotationspage.com/quotes/Bible/21
37387,"The thing is true, according to the law of the Medes and Persians, which altereth not.",Bible,,https://www.quotationspage.com/quote/37387.html,https://www.quotationspage.com/quotes/Bible/21
37294,"Eye for eye, tooth for tooth, hand for hand, foot for foot.",Bible,,https://www.quotationspage.com/quote/37294.html,https://www.quotationspage.com/quotes/Bible/21
37295,He kept him as the apple of his eye.,Bible,,https://www.quotationspage.com/quote/37295.html,https://www.quotationspage.com/quotes/Bible/21
37357,All is vanity and vexation of spirit.,Bible,,https://www.quotationspage.com/quote/37357.html,https://www.quotationspage.com/quotes/Bible/21
37356,There is no new thing under the sun.,Bible,,https://www.quotationspage.com/quote/37356.html,https://www.quotationspage.com/quotes/Bible/21
37362,"Whatsoever thy hand findeth to do, do it with thy might.",Bible,,https://www.quotationspage.com/quote/37362.html,https://www.quotationspage.com/quotes/Bible/21
37363,"The race is not to the swift, nor the battle to the strong.",Bible,,https://www.quotationspage.com/quote/37363.html,https://www.quotationspage.com/quotes/Bible/21
37361,"For a living dog is better than a dead lion,",Bible,,https://www.quotationspage.com/quote/37361.html,https://www.quotationspage.com/quotes/Bible/21
37358,The sleep of a laboring man is sweet.,Bible,,https://www.quotationspage.com/quote/37358.html,https://www.quotationspage.com/quotes/Bible/21
37360,Be not righteous overmuch,Bible,,https://www.quotationspage.com/quote/37360.html,https://www.quotationspage.com/quotes/Bible/21
37359,It is better to go to the house of mourning than to go to the house of feasting.,Bible,,https://www.quotationspage.com/quote/37359.html,https://www.quotationspage.com/quotes/Bible/41
37364,Cast thy bread upon the waters; for thou shalt find it after many days.,Bible,,https://www.quotationspage.com/quote/37364.html,https://www.quotationspage.com/quotes/Bible/41
37365,Remember now thy Creator in the days of thy youth.,Bible,,https://www.quotationspage.com/quote/37365.html,https://www.quotationspage.com/quotes/Bible/41
37371,Of making many books there is no end; and much study is a weariness of the flesh.,Bible,,https://www.quotationspage.com/quote/37371.html,https://www.quotationspage.com/quotes/Bible/41
37366,And the grasshopper shall be a burden.,Bible,,https://www.quotationspage.com/quote/37366.html,https://www.quotationspage.com/quotes/Bible/41
37367,Man goeth to his long home.,Bible,,https://www.quotationspage.com/quote/37367.html,https://www.quotationspage.com/quotes/Bible/41
37368,"Or ever the silver cord be loosed, or the golden bowl be broken, or the pitcher be broken at the fountain, or the wheel broken at the cistern.",Bible,,https://www.quotationspage.com/quote/37368.html,https://www.quotationspage.com/quotes/Bible/41
37369,Then shall the dust return to the earth as it was; and the spirit shall return unto God who gave it.,Bible,,https://www.quotationspage.com/quote/37369.html,https://www.quotationspage.com/quotes/Bible/41
37370,"Vanity of vanities, saith the Preacher; all is vanity.",Bible,,https://www.quotationspage.com/quote/37370.html,https://www.quotationspage.com/quotes/Bible/41
37393,He that toucheth pitch shall be defiled therewith.,Bible,,https://www.quotationspage.com/quote/37393.html,https://www.quotationspage.com/quotes/Bible/41
37394,He will laugh thee to scorn.,Bible,,https://www.quotationspage.com/quote/37394.html,https://www.quotationspage.com/quotes/Bible/41
37484,"Be ye angry, and sin not: let not the sun go down upon your wrath.",Bible,,https://www.quotationspage.com/quote/37484.html,https://www.quotationspage.com/quotes/Bible/41
37385,"The fathers have eaten sour grapes, and the children's teeth are set on edge.",Bible,,https://www.quotationspage.com/quote/37385.html,https://www.quotationspage.com/quotes/Bible/41
37482,"For every man shall bear his own burden,",Bible,,https://www.quotationspage.com/quote/37482.html,https://www.quotationspage.com/quotes/Bible/41
37483,"Whatsoever a man soweth, that shall he also reap.",Bible,,https://www.quotationspage.com/quote/37483.html,https://www.quotationspage.com/quotes/Bible/41
37286,It is not good that the man should be alone.,Bible,,https://www.quotationspage.com/quote/37286.html,https://www.quotationspage.com/quotes/Bible/41
37287,"For dust thou art, and unto dust shalt thou return.",Bible,,https://www.quotationspage.com/quote/37287.html,https://www.quotationspage.com/quotes/Bible/41
37289,My punishment is greater than I can bear,Bible,,https://www.quotationspage.com/quote/37289.html,https://www.quotationspage.com/quotes/Bible/41
37288,Am I my brother's keeper?,Bible,,https://www.quotationspage.com/quote/37288.html,https://www.quotationspage.com/quotes/Bible/41
37290,"Whoso sheddeth man's blood, by man shall his blood be shed.",Bible,,https://www.quotationspage.com/quote/37290.html,https://www.quotationspage.com/quotes/Bible/41
37292,Bring down my gray hairs with sorrow to the grave.,Bible,,https://www.quotationspage.com/quote/37292.html,https://www.quotationspage.com/quotes/Bible/61
37293,"Unstable as water, thou shalt not excel.",Bible,,https://www.quotationspage.com/quote/37293.html,https://www.quotationspage.com/quotes/Bible/61
37291,"His hand will be against every man, and every man's hand against him.",Bible,,https://www.quotationspage.com/quote/37291.html,https://www.quotationspage.com/quotes/Bible/61
37391,"Write the vision, and make it plain upon tables, that he may run that readeth it.",Bible,,https://www.quotationspage.com/quote/37391.html,https://www.quotationspage.com/quotes/Bible/61
37495,"Now faith is the substance of things hoped' for, the evidence of things not seen.",Bible,,https://www.quotationspage.com/quote/37495.html,https://www.quotationspage.com/quotes/Bible/61
37496,For whom the Lord loveth he chasteneth.,Bible,,https://www.quotationspage.com/quote/37496.html,https://www.quotationspage.com/quotes/Bible/61
37497,"Be not forgetful to entertain strangers, for thereby some have entertained angels unawares.",Bible,,https://www.quotationspage.com/quote/37497.html,https://www.quotationspage.com/quotes/Bible/61
37388,"For they have sown the wind, and they shall reap the whirlwind.",Bible,,https://www.quotationspage.com/quote/37388.html,https://www.quotationspage.com/quotes/Bible/61
32639,And the work of righteousness shall be peace; and the effect of righteousness quietness and assurance for ever.,Bible,,https://www.quotationspage.com/quote/32639.html,https://www.quotationspage.com/quotes/Bible/61
37378,He is brought as a lamb to the slaughter.,Bible,,https://www.quotationspage.com/quote/37378.html,https://www.quotationspage.com/quotes/Bible/61
37379,"A little one shall become a thousand, and a small one a strong nation.",Bible,,https://www.quotationspage.com/quote/37379.html,https://www.quotationspage.com/quotes/Bible/61
37380,"To give unto them beauty for ashes, the oil of joy for mourning, the garment of praise for the spirit of heaviness.",Bible,,https://www.quotationspage.com/quote/37380.html,https://www.quotationspage.com/quotes/Bible/61
37381,We all do fade as a leaf.,Bible,,https://www.quotationspage.com/quote/37381.html,https://www.quotationspage.com/quotes/Bible/61
37372,"The wolf also shall dwell with the lamb, and the leopard shall lie down with the kid.",Bible,,https://www.quotationspage.com/quote/37372.html,https://www.quotationspage.com/quotes/Bible/61
37376,"Behold, the nations are as a drop of a bucket, and are counted as the small dust of the balance.",Bible,,https://www.quotationspage.com/quote/37376.html,https://www.quotationspage.com/quotes/Bible/61
37375,All flesh is grass.,Bible,,https://www.quotationspage.com/quote/37375.html,https://www.quotationspage.com/quotes/Bible/61
37377,"A bruised reed shall he not break, and the smoking flax shall he not quench.",Bible,,https://www.quotationspage.com/quote/37377.html,https://www.quotationspage.com/quotes/Bible/61
37373,"Precept upon precept; line upon line: here a little, and there a little.",Bible,,https://www.quotationspage.com/quote/37373.html,https://www.quotationspage.com/quotes/Bible/61
37374,Set thine house in order.,Bible,,https://www.quotationspage.com/quote/37374.html,https://www.quotationspage.com/quotes/Bible/61
37283,"For if any be a hearer of the word, and not a doer, he is like unto a man beholding his natural face in a glass: for he beholdeth himself, and goeth his way, and straightway forgetteth what manner of man he was.",Bible,,https://www.quotationspage.com/quote/37283.html,https://www.quotationspage.com/quotes/Bible/61
37498,Blessed is the man that endureth temptation for when he is tried he shall receive the crown of life.,Bible,,https://www.quotationspage.com/quote/37498.html,https://www.quotationspage.com/quotes/Bible/81
37499,"Behold, how great a matter a little fire kindleth!",Bible,,https://www.quotationspage.com/quote/37499.html,https://www.quotationspage.com/quotes/Bible/81
37500,"Resist the devil, and he will flee from you.",Bible,,https://www.quotationspage.com/quote/37500.html,https://www.quotationspage.com/quotes/Bible/81
37382,Amend your ways and your doings.,Bible,,https://www.quotationspage.com/quote/37382.html,https://www.quotationspage.com/quotes/Bible/81
37383,Is there no balm in Gilead? is there no physician there?,Bible,,https://www.quotationspage.com/quote/37383.html,https://www.quotationspage.com/quotes/Bible/81
37384,"Can the Ethiopian change his skin, or the leopard his spots?",Bible,,https://www.quotationspage.com/quote/37384.html,https://www.quotationspage.com/quotes/Bible/81
37310,"The Lord gave, and the Lord hath taken away; blessed be the name of the Lord.",Bible,,https://www.quotationspage.com/quote/37310.html,https://www.quotationspage.com/quotes/Bible/81
37311,"There the wicked cease from troubling, and there the weary be at rest.",Bible,,https://www.quotationspage.com/quote/37311.html,https://www.quotationspage.com/quotes/Bible/81
37312,"Yet man is born unto trouble, as the sparks fly upward.",Bible,,https://www.quotationspage.com/quote/37312.html,https://www.quotationspage.com/quotes/Bible/81
37314,I know that my Redeemer liveth.,Bible,,https://www.quotationspage.com/quote/37314.html,https://www.quotationspage.com/quotes/Bible/81
37313,Miserable comforters are ye all.,Bible,,https://www.quotationspage.com/quote/37313.html,https://www.quotationspage.com/quotes/Bible/81
37316,"I was eyes to the blind, and feet was I to the lame.",Bible,,https://www.quotationspage.com/quote/37316.html,https://www.quotationspage.com/quotes/Bible/81
37315,The price of wisdom is above-rubies.,Bible,,https://www.quotationspage.com/quote/37315.html,https://www.quotationspage.com/quotes/Bible/81
37317,That mine adversary had written a book.,Bible,,https://www.quotationspage.com/quote/37317.html,https://www.quotationspage.com/quotes/Bible/81
37318,"Hitherto shalt thou come, but no further; and here shall thy proud waves be stayed.",Bible,,https://www.quotationspage.com/quote/37318.html,https://www.quotationspage.com/quotes/Bible/81
26809,"Ye shall know the truth, and the truth shall make you free.",Bible,Truth,https://www.quotationspage.com/quote/26809.html,https://www.quotationspage.com/quotes/Bible/81
37442,"Behold the Lamb of God, which taketh away the sin of the world!",Bible,,https://www.quotationspage.com/quote/37442.html,https://www.quotationspage.com/quotes/Bible/81
37443,Can there any good thing come out of Nazareth?,Bible,,https://www.quotationspage.com/quote/37443.html,https://www.quotationspage.com/quotes/Bible/81
37444,"Except a man be born again, he cannot see the kingdom of God.",Bible,,https://www.quotationspage.com/quote/37444.html,https://www.quotationspage.com/quotes/Bible/81
37445,The wind bloweth where it listeth.,Bible,,https://www.quotationspage.com/quote/37445.html,https://www.quotationspage.com/quotes/Bible/81
37446,He was a burning and a shining light.,Bible,,https://www.quotationspage.com/quote/37446.html,https://www.quotationspage.com/quotes/Bible/101
37447,"Gather up the fragments that remain, that nothing be lost.",Bible,,https://www.quotationspage.com/quote/37447.html,https://www.quotationspage.com/quotes/Bible/101
37448,Judge not according to the appearance.,Bible,,https://www.quotationspage.com/quote/37448.html,https://www.quotationspage.com/quotes/Bible/101
37450,"Walk while ye have the light, lest darkness come upon you.",Bible,,https://www.quotationspage.com/quote/37450.html,https://www.quotationspage.com/quotes/Bible/101
37449,For the poor always ye have with you.,Bible,,https://www.quotationspage.com/quote/37449.html,https://www.quotationspage.com/quotes/Bible/101
37451,Let not your heart be troubled.,Bible,,https://www.quotationspage.com/quote/37451.html,https://www.quotationspage.com/quotes/Bible/101
37452,In my Father's house are many mansions.,Bible,,https://www.quotationspage.com/quote/37452.html,https://www.quotationspage.com/quotes/Bible/101
37453,"Greater love hath no man than this, that a man lay down his life for his friends.",Bible,,https://www.quotationspage.com/quote/37453.html,https://www.quotationspage.com/quotes/Bible/101
37296,"The Philistines be upon thee, Samson.",Bible,,https://www.quotationspage.com/quote/37296.html,https://www.quotationspage.com/quotes/Bible/101
37309,There is death in the pot.,Bible,,https://www.quotationspage.com/quote/37309.html,https://www.quotationspage.com/quotes/Bible/101
37304,"A proverb and a by-word among all people,",Bible,,https://www.quotationspage.com/quote/37304.html,https://www.quotationspage.com/quotes/Bible/101
37307,"A still, small voice.",Bible,,https://www.quotationspage.com/quote/37307.html,https://www.quotationspage.com/quotes/Bible/101
37305,How long halt ye between two opinions?,Bible,,https://www.quotationspage.com/quote/37305.html,https://www.quotationspage.com/quotes/Bible/101
37306,"Behold, there ariseth a little cloud out of the sea, like a man's hand.",Bible,,https://www.quotationspage.com/quote/37306.html,https://www.quotationspage.com/quotes/Bible/101
37308,Let not him that girdeth on his harness boast himself as he that putteth it off.,Bible,,https://www.quotationspage.com/quote/37308.html,https://www.quotationspage.com/quotes/Bible/101
37431,And now also the ax is laid unto the root of the trees.,Bible,,https://www.quotationspage.com/quote/37431.html,https://www.quotationspage.com/quotes/Bible/101
37432,"Physician, heal thyself.",Bible,,https://www.quotationspage.com/quote/37432.html,https://www.quotationspage.com/quotes/Bible/101
37433,"Go, and do thou likewise.",Bible,,https://www.quotationspage.com/quote/37433.html,https://www.quotationspage.com/quotes/Bible/101
37434,"But one thing is needful: and Mary hath chosen that good part, which shall not be taken away from her.",Bible,,https://www.quotationspage.com/quote/37434.html,https://www.quotationspage.com/quotes/Bible/101
37435,He that is not with me is against me.,Bible,,https://www.quotationspage.com/quote/37435.html,https://www.quotationspage.com/quotes/Bible/101
37436,"And I will say to my soul, Soul, thou hast much goods laid up for many years; take thine ease, eat, drink, and be merry.",Bible,,https://www.quotationspage.com/quote/37436.html,https://www.quotationspage.com/quotes/Bible/121
37437,"Let your loins be girded about, and your lights burning.",Bible,,https://www.quotationspage.com/quote/37437.html,https://www.quotationspage.com/quotes/Bible/121
37441,Out of thine own mouth will I judge thee.,Bible,,https://www.quotationspage.com/quote/37441.html,https://www.quotationspage.com/quotes/Bible/121
37438,For the children of this world are in their generation wiser than the children of light.,Bible,,https://www.quotationspage.com/quote/37438.html,https://www.quotationspage.com/quotes/Bible/121
37439,"It were better for him that a millstone were hanged about his neck, and he cast into the sea.",Bible,,https://www.quotationspage.com/quote/37439.html,https://www.quotationspage.com/quotes/Bible/121
37440,Remember Lot's wife.,Bible,,https://www.quotationspage.com/quote/37440.html,https://www.quotationspage.com/quotes/Bible/121
37392,But unto you that fear my name shall the Sun of righteousness arise with healing in his wings.,Bible,,https://www.quotationspage.com/quote/37392.html,https://www.quotationspage.com/quotes/Bible/121
37428,"He that hath ears to hear, let him hear.",Bible,,https://www.quotationspage.com/quote/37428.html,https://www.quotationspage.com/quotes/Bible/121
37430,"Where their worm dieth not, and the fire is not quenched.",Bible,,https://www.quotationspage.com/quote/37430.html,https://www.quotationspage.com/quotes/Bible/121
37429,My name is Legion.,Bible,,https://www.quotationspage.com/quote/37429.html,https://www.quotationspage.com/quotes/Bible/121
37395,"Rachel weeping for her children, and would not be comforted, because they are not.",Bible,,https://www.quotationspage.com/quote/37395.html,https://www.quotationspage.com/quotes/Bible/121
37396,Man shall not live by bread alone.,Bible,,https://www.quotationspage.com/quote/37396.html,https://www.quotationspage.com/quotes/Bible/121
37407,"The harvest truly is plenteous, but the laborers are few.",Bible,,https://www.quotationspage.com/quote/37407.html,https://www.quotationspage.com/quotes/Bible/121
37397,"Ye are the salt of the earth: but if the salt have lost his savor, wherewith shall it be salted?",Bible,,https://www.quotationspage.com/quote/37397.html,https://www.quotationspage.com/quotes/Bible/121
37398,Ye are the light of the world. A city set upon a hill cannot be hid.,Bible,,https://www.quotationspage.com/quote/37398.html,https://www.quotationspage.com/quotes/Bible/121
37400,"Where your treasure is, there will your heart be also.",Bible,,https://www.quotationspage.com/quote/37400.html,https://www.quotationspage.com/quotes/Bible/121
37401,Ye cannot serve God and Mammon.,Bible,,https://www.quotationspage.com/quote/37401.html,https://www.quotationspage.com/quotes/Bible/121
37402,"Consider the lilies of the field, how they grow; they toil not, neither do they spin.",Bible,,https://www.quotationspage.com/quote/37402.html,https://www.quotationspage.com/quotes/Bible/121
37399,"But when thou doest alms, let not thy left hand know what thy right hand doeth.",Bible,,https://www.quotationspage.com/quote/37399.html,https://www.quotationspage.com/quotes/Bible/121
37403,Take therefore no thought for the morrow; for the morrow shall take thought for the things of itself. Sufficient unto the day is the evil thereof.,Bible,,https://www.quotationspage.com/quote/37403.html,https://www.quotationspage.com/quotes/Bible/121
37404,Neither cast ye your pearls before swine.,Bible,,https://www.quotationspage.com/quote/37404.html,https://www.quotationspage.com/quotes/Bible/141
37406,"The foxes have holes, and the birds of the air have nests; but the Son of Man hath not where to lay his head.",Bible,,https://www.quotationspage.com/quote/37406.html,https://www.quotationspage.com/quotes/Bible/141
37408,"Be ye therefore wise as serpents, and harmless as doves.",Bible,,https://www.quotationspage.com/quote/37408.html,https://www.quotationspage.com/quotes/Bible/141
37409,But the very hairs of your head are all numbered.,Bible,,https://www.quotationspage.com/quote/37409.html,https://www.quotationspage.com/quotes/Bible/141
37410,The tree is known by his fruit.,Bible,,https://www.quotationspage.com/quote/37410.html,https://www.quotationspage.com/quotes/Bible/141
37411,Out of the abundance of the heart the mouth speaketh.,Bible,,https://www.quotationspage.com/quote/37411.html,https://www.quotationspage.com/quotes/Bible/141
37412,"A prophet is not without honor, save in his own country, and in his own house.",Bible,,https://www.quotationspage.com/quote/37412.html,https://www.quotationspage.com/quotes/Bible/141
37413,Be of good cheer: it is I; be not afraid.,Bible,,https://www.quotationspage.com/quote/37413.html,https://www.quotationspage.com/quotes/Bible/141
37420,It is easier for a camel to go through the eye of a needle than for a rich man to enter into the kingdom of God.,Bible,,https://www.quotationspage.com/quote/37420.html,https://www.quotationspage.com/quotes/Bible/141
37419,What therefore God hath joined together let not man put asunder.,Bible,,https://www.quotationspage.com/quote/37419.html,https://www.quotationspage.com/quotes/Bible/141
37414,"And if the blind lead the blind, both shall fall into the ditch.",Bible,,https://www.quotationspage.com/quote/37414.html,https://www.quotationspage.com/quotes/Bible/141
37415,Yet the dogs eat of the crumbs which fall from their masters' table.,Bible,Dogs,https://www.quotationspage.com/quote/37415.html,https://www.quotationspage.com/quotes/Bible/141
37416,"Get thee behind me, Satan.",Bible,,https://www.quotationspage.com/quote/37416.html,https://www.quotationspage.com/quotes/Bible/141
37417,"For what is a man profited, if he shall gain the whole world, and lose his own soul?",Bible,,https://www.quotationspage.com/quote/37417.html,https://www.quotationspage.com/quotes/Bible/141
37418,It is good for us to be here.,Bible,,https://www.quotationspage.com/quote/37418.html,https://www.quotationspage.com/quotes/Bible/141
37421,Is it not lawful for me to do what I will with mine own?,Bible,,https://www.quotationspage.com/quote/37421.html,https://www.quotationspage.com/quotes/Bible/141
37422,"For many are called, but few are chosen.",Bible,,https://www.quotationspage.com/quote/37422.html,https://www.quotationspage.com/quotes/Bible/141
37423,"Ye blind guides! which strain at a gnat, and swallow a camel.",Bible,,https://www.quotationspage.com/quote/37423.html,https://www.quotationspage.com/quotes/Bible/141
37424,"For ye are like unto whited sepulchres, which indeed appear beautiful outward, but are within full of dead men's bones.",Bible,,https://www.quotationspage.com/quote/37424.html,https://www.quotationspage.com/quotes/Bible/141
37425,"For wheresoever the carcass is, there will the eagles be gathered together.",Bible,,https://www.quotationspage.com/quote/37425.html,https://www.quotationspage.com/quotes/Bible/141
37426,"Unto every one that hath shall be given, and he shall have abundance: but from him that hath not shall be taken away even that which he hath.",Bible,,https://www.quotationspage.com/quote/37426.html,https://www.quotationspage.com/quotes/Bible/161
37427,"Watch and pray, that ye enter not into temptation: the spirit indeed is willing, but the flesh is weak.",Bible,,https://www.quotationspage.com/quote/37427.html,https://www.quotationspage.com/quotes/Bible/161
37389,"And they shall beat their swords into plough-shares, and their spears into pruning-hooks.",Bible,,https://www.quotationspage.com/quote/37389.html,https://www.quotationspage.com/quotes/Bible/161
37390,But they shall sit every man under his vine and under his fig tree.,Bible,,https://www.quotationspage.com/quote/37390.html,https://www.quotationspage.com/quotes/Bible/161
2546,Prove all things; hold fast that which is good.,Bible,,https://www.quotationspage.com/quote/2546.html,https://www.quotationspage.com/quotes/Bible/161
3117,"Blessed is the man that endureth temptation: for when he is tried, he shall receive the crown of life.",Bible,Temptation,https://www.quotationspage.com/quote/3117.html,https://www.quotationspage.com/quotes/Bible/161
2360,"Ask, and it shall be given you; Seek, and ye shall find; Knock, and it shall be opened unto you.",Bible,,https://www.quotationspage.com/quote/2360.html,https://www.quotationspage.com/quotes/Bible/161
2459,Do not envy a sinner; you don't know what disaster awaits him.,Bible,Jealousy,https://www.quotationspage.com/quote/2459.html,https://www.quotationspage.com/quotes/Bible/161
2399,"Forsake not an old friend; for the new is not comparable to him: a new friend is as new wine; when it is old, thou shalt drink it with pleasure.",Bible,,https://www.quotationspage.com/quote/2399.html,https://www.quotationspage.com/quotes/Bible/161
34662,"Love is patient; love is kind; love is not envious or boastful or arrogant or rude. It does not insist on its own way; it is not irritable or resentful; it does not rejoice in wrongdoing, but rejoices in the truth. It bears all things, believes all things, hopes all things, endures all things.",Bible,,https://www.quotationspage.com/quote/34662.html,https://www.quotationspage.com/quotes/Bible/161
37485,"For to me to live is Christ, and to die is gain.",Bible,,https://www.quotationspage.com/quote/37485.html,https://www.quotationspage.com/quotes/Bible/161
34294,A soft answer turneth away wrath: but grievous words stir up anger.,Bible,,https://www.quotationspage.com/quote/34294.html,https://www.quotationspage.com/quotes/Bible/161
34377,"As a man thinks in his heart, so is he.",Bible,,https://www.quotationspage.com/quote/34377.html,https://www.quotationspage.com/quotes/Bible/161
34361,"Answer a fool according to his folly, or he will be wise in his own eyes.",Bible,,https://www.quotationspage.com/quote/34361.html,https://www.quotationspage.com/quotes/Bible/161
37338,"Her ways are ways of pleasantness, and all her paths are peace.",Bible,,https://www.quotationspage.com/quote/37338.html,https://www.quotationspage.com/quotes/Bible/161
37339,In the multitude of counsellors there is safety.,Bible,,https://www.quotationspage.com/quote/37339.html,https://www.quotationspage.com/quotes/Bible/161
37340,Hope deferred maksth the heart sick.,Bible,,https://www.quotationspage.com/quote/37340.html,https://www.quotationspage.com/quotes/Bible/161
37342,The heart knoweth his own bitterness.,Bible,,https://www.quotationspage.com/quote/37342.html,https://www.quotationspage.com/quotes/Bible/161
37343,Righteousness exalteth a nation.,Bible,,https://www.quotationspage.com/quote/37343.html,https://www.quotationspage.com/quotes/Bible/161
37341,Fools make a mock at sin.,Bible,,https://www.quotationspage.com/quote/37341.html,https://www.quotationspage.com/quotes/Bible/161
37344,A soft answer turneth away wrath.,Bible,,https://www.quotationspage.com/quote/37344.html,https://www.quotationspage.com/quotes/Bible/181
37345,"Better is a dinner of herbs where love is, than a stalled ox and hatredtherewith.",Bible,,https://www.quotationspage.com/quote/37345.html,https://www.quotationspage.com/quotes/Bible/181
37346,"Pride goeth before destruction, and a haughty spirit before a fall.",Bible,,https://www.quotationspage.com/quote/37346.html,https://www.quotationspage.com/quotes/Bible/181
37347,The hoary head is a crown of glory.,Bible,,https://www.quotationspage.com/quote/37347.html,https://www.quotationspage.com/quotes/Bible/181
37348,A wounded spirit who can bear?,Bible,,https://www.quotationspage.com/quote/37348.html,https://www.quotationspage.com/quotes/Bible/181
37349,Train up a child in the way he should go; and when he is old he will not depart from it.,Bible,,https://www.quotationspage.com/quote/37349.html,https://www.quotationspage.com/quotes/Bible/181
37350,For riches certainly make themselves wings.,Bible,,https://www.quotationspage.com/quote/37350.html,https://www.quotationspage.com/quotes/Bible/181
37351,"Yet a little sleep, a little slumber, a little folding of the hands to sleep.",Bible,,https://www.quotationspage.com/quote/37351.html,https://www.quotationspage.com/quotes/Bible/181
37352,For thou shalt heap coals of fire upon his head.,Bible,,https://www.quotationspage.com/quote/37352.html,https://www.quotationspage.com/quotes/Bible/181
37353,There is a lion in the way; a lion is in the streets.,Bible,,https://www.quotationspage.com/quote/37353.html,https://www.quotationspage.com/quotes/Bible/181
37354,Boast not thyself of to-morrow; for thou knowest not what a day may bring forth.,Bible,,https://www.quotationspage.com/quote/37354.html,https://www.quotationspage.com/quotes/Bible/181
37355,The wicked flee when no man pursueth.,Bible,,https://www.quotationspage.com/quote/37355.html,https://www.quotationspage.com/quotes/Bible/181
37332,"They reel to and fro, and stagger like a drunken man, and are at their wit's end.",Bible,,https://www.quotationspage.com/quote/37332.html,https://www.quotationspage.com/quotes/Bible/181
37333,He giveth his beloved sleep.,Bible,,https://www.quotationspage.com/quote/37333.html,https://www.quotationspage.com/quotes/Bible/181
37334,"Behold, how good and how pleasant it is for brethren to dwell together in unity!",Bible,,https://www.quotationspage.com/quote/37334.html,https://www.quotationspage.com/quotes/Bible/181
37337,For I am fearfully and wonderfully made.,Bible,,https://www.quotationspage.com/quote/37337.html,https://www.quotationspage.com/quotes/Bible/181
37336,We hanged our harps on the willows.,Bible,,https://www.quotationspage.com/quote/37336.html,https://www.quotationspage.com/quotes/Bible/181
37335,"If I forget thee, O Jerusalem, let my right hand forget her cunning.",Bible,,https://www.quotationspage.com/quote/37335.html,https://www.quotationspage.com/quotes/Bible/181
37328,"Oh, that I had wings like a dove!",Bible,,https://www.quotationspage.com/quote/37328.html,https://www.quotationspage.com/quotes/Bible/181
37329,His enemies shall lick the dust.,Bible,,https://www.quotationspage.com/quote/37329.html,https://www.quotationspage.com/quotes/Bible/181
37330,Mercy and truth are met together: righteousness and peace have kissed each other.,Bible,,https://www.quotationspage.com/quote/37330.html,https://www.quotationspage.com/quotes/Bible/201
37331,We spend our years as a tale that is told.,Bible,,https://www.quotationspage.com/quote/37331.html,https://www.quotationspage.com/quotes/Bible/201
37327,My tongue is the pen of a ready writer.,Bible,,https://www.quotationspage.com/quote/37327.html,https://www.quotationspage.com/quotes/Bible/201
37319,The lines are fallen unto me in pleasant places.,Bible,,https://www.quotationspage.com/quote/37319.html,https://www.quotationspage.com/quotes/Bible/201
37320,"Yea, he did fly upon the wings of the wind.",Bible,,https://www.quotationspage.com/quote/37320.html,https://www.quotationspage.com/quotes/Bible/201
37321,He maketh me to lie down in green pastures he leadeth me beside the still waters.,Bible,"Camping, Nature",https://www.quotationspage.com/quote/37321.html,https://www.quotationspage.com/quotes/Bible/201
37322,Thy rod and thy staff they comfort me.,Bible,,https://www.quotationspage.com/quote/37322.html,https://www.quotationspage.com/quotes/Bible/201
37326,While I was musing the fire burned.,Bible,,https://www.quotationspage.com/quote/37326.html,https://www.quotationspage.com/quotes/Bible/201
37323,"I have been young, and now am old; yet have I not seen the righteous forsaken, nor his seed begging bread.",Bible,,https://www.quotationspage.com/quote/37323.html,https://www.quotationspage.com/quotes/Bible/201
37324,Spreading himself like a green bay tree.,Bible,,https://www.quotationspage.com/quote/37324.html,https://www.quotationspage.com/quotes/Bible/201
37325,"Mark the perfect man, and behold the upright.",Bible,,https://www.quotationspage.com/quote/37325.html,https://www.quotationspage.com/quotes/Bible/201
37505,Be thou faithful unto death.,Bible,,https://www.quotationspage.com/quote/37505.html,https://www.quotationspage.com/quotes/Bible/201
37506,He shall rule them with a rod of iron.,Bible,,https://www.quotationspage.com/quote/37506.html,https://www.quotationspage.com/quotes/Bible/201
37507,"I am Alpha and Omega, the beginning and the end, the first and the last.",Bible,,https://www.quotationspage.com/quote/37507.html,https://www.quotationspage.com/quotes/Bible/201
37456,For there is no respect of persons with God.,Bible,,https://www.quotationspage.com/quote/37456.html,https://www.quotationspage.com/quotes/Bible/201
37457,For the wages of sin is death.,Bible,,https://www.quotationspage.com/quote/37457.html,https://www.quotationspage.com/quotes/Bible/201
37458,And we know that all things work together for good to them that love God.,Bible,,https://www.quotationspage.com/quote/37458.html,https://www.quotationspage.com/quotes/Bible/201
37459,Be not wise in your own conceits.,Bible,,https://www.quotationspage.com/quote/37459.html,https://www.quotationspage.com/quotes/Bible/201
37460,"Therefore if thine enemy hunger, feed him; if he thirst, give him drink: for in so doing thou shalt heap coals of fire on his head.",Bible,,https://www.quotationspage.com/quote/37460.html,https://www.quotationspage.com/quotes/Bible/201
37461,"Be not overcome of evil, but overcome evil with good.",Bible,,https://www.quotationspage.com/quote/37461.html,https://www.quotationspage.com/quotes/Bible/201
37462,"The powers that be are ordained of God,",Bible,,https://www.quotationspage.com/quote/37462.html,https://www.quotationspage.com/quotes/Bible/221
37464,Love is the fulfilling of the law.,Bible,,https://www.quotationspage.com/quote/37464.html,https://www.quotationspage.com/quotes/Bible/221
37463,Render therefore to all their dues.,Bible,,https://www.quotationspage.com/quote/37463.html,https://www.quotationspage.com/quotes/Bible/221
37465,Let every man be fully persuaded in his own mind.,Bible,,https://www.quotationspage.com/quote/37465.html,https://www.quotationspage.com/quotes/Bible/221
37297,"For whither thou goest, I will go; and where thou lodgest, I will lodge: thy people shall be my people, and thy God my God.",Bible,,https://www.quotationspage.com/quote/37297.html,https://www.quotationspage.com/quotes/Bible/221
37299,Tell it not in Gath; publish it not in the streets of Ashkelon,Bible,,https://www.quotationspage.com/quote/37299.html,https://www.quotationspage.com/quotes/Bible/221
37300,"Saul and Jonathan were lovely and pleasant in their lives, and in their death they were not divided.",Bible,,https://www.quotationspage.com/quote/37300.html,https://www.quotationspage.com/quotes/Bible/221
37301,How are the mighty fallen in the midst of the battle!,Bible,,https://www.quotationspage.com/quote/37301.html,https://www.quotationspage.com/quotes/Bible/221
37302,"Very pleasant hast thou been unto me: thy love to me was wonderful, passing the love of women.",Bible,,https://www.quotationspage.com/quote/37302.html,https://www.quotationspage.com/quotes/Bible/221
37303,"And Nathan said to David, Thou art the man.",Bible,,https://www.quotationspage.com/quote/37303.html,https://www.quotationspage.com/quotes/Bible/221
37298,A man after his own heart.,Bible,,https://www.quotationspage.com/quote/37298.html,https://www.quotationspage.com/quotes/Bible/221
37494,Unto the pure all things are pure.,Bible,,https://www.quotationspage.com/quote/37494.html,https://www.quotationspage.com/quotes/Bible/221
40320,"The fact is, sometimes it's hard to walk in a single woman's shoes. That's why we need really special ones now and then to make the walk a little more fun.",Jenny Bicks,,https://www.quotationspage.com/quote/40320.html,https://www.quotationspage.com/quotes/Jenny_Bicks/
205,"Absurdity, n.: A statement or belief manifestly inconsistent with one's own opinion.",Ambrose Bierce,,https://www.quotationspage.com/quote/205.html,https://www.quotationspage.com/quotes/Ambrose_Bierce/
207,"Acquaintance, n.: A person whom we know well enough to borrow from, but not well enough to lend to.",Ambrose Bierce,,https://www.quotationspage.com/quote/207.html,https://www.quotationspage.com/quotes/Ambrose_Bierce/
209,"Admiration, n.: Our polite recognition of another's resemblance to ourselves.",Ambrose Bierce,,https://www.quotationspage.com/quote/209.html,https://www.quotationspage.com/quotes/Ambrose_Bierce/
246,"Barometer, n.: An ingenious instrument which indicates what kind of weather we are having.",Ambrose Bierce,Weather,https://www.quotationspage.com/quote/246.html,https://www.quotationspage.com/quotes/Ambrose_Bierce/
249,"Bore, n.: A person who talks when you wish him to listen.",Ambrose Bierce,Boredom,https://www.quotationspage.com/quote/249.html,https://www.quotationspage.com/quotes/Ambrose_Bierce/
742,Brain: an apparatus with which we think we think.,Ambrose Bierce,Brain,https://www.quotationspage.com/quote/742.html,https://www.quotationspage.com/quotes/Ambrose_Bierce/
579,Cabbage: A familiar kitchen-garden vegetable about as large and wise as a man's head.,Ambrose Bierce,,https://www.quotationspage.com/quote/579.html,https://www.quotationspage.com/quotes/Ambrose_Bierce/
1199,"Calamities are of two kinds: misfortunes to ourselves, and good fortune to others.",Ambrose Bierce,Fortune,https://www.quotationspage.com/quote/1199.html,https://www.quotationspage.com/quotes/Ambrose_Bierce/
741,"Cogito cogito ergo cogito sum (I think that I think, therefore I think that I am.)",Ambrose Bierce,,https://www.quotationspage.com/quote/741.html,https://www.quotationspage.com/quotes/Ambrose_Bierce/
948,"In our civilization, and under our republican form of government, intelligence is so highly honored that it is rewarded by exemption from the cares of office.",Ambrose Bierce,,https://www.quotationspage.com/quote/948.html,https://www.quotationspage.com/quotes/Ambrose_Bierce/
1314,Painting: The art of protecting flat surfaces from the weather and exposing them to the critic.,Ambrose Bierce,"Art, Painting",https://www.quotationspage.com/quote/1314.html,https://www.quotationspage.com/quotes/Ambrose_Bierce/
23734,"Politeness, n. The most acceptable hypocrisy.",Ambrose Bierce,Etiquette,https://www.quotationspage.com/quote/23734.html,https://www.quotationspage.com/quotes/Ambrose_Bierce/
23702,"Politics, n. Strife of interests masquerading as a contest of principles.",Ambrose Bierce,Politics,https://www.quotationspage.com/quote/23702.html,https://www.quotationspage.com/quotes/Ambrose_Bierce/
436,"Quotation, n: The act of repeating erroneously the words of another.",Ambrose Bierce,Quotations,https://www.quotationspage.com/quote/436.html,https://www.quotationspage.com/quotes/Ambrose_Bierce/
23679,The covers of this book are too far apart.,Ambrose Bierce,Books,https://www.quotationspage.com/quote/23679.html,https://www.quotationspage.com/quotes/Ambrose_Bierce/
1251,The gambling known as business looks with austere disfavor upon the business known as gambling.,Ambrose Bierce,Business,https://www.quotationspage.com/quote/1251.html,https://www.quotationspage.com/quotes/Ambrose_Bierce/
23539,There is nothing new under the sun but there are lots of old things we don't know.,Ambrose Bierce,,https://www.quotationspage.com/quote/23539.html,https://www.quotationspage.com/quotes/Ambrose_Bierce/
743,To be positive: To be mistaken at the top of one's voice.,Ambrose Bierce,,https://www.quotationspage.com/quote/743.html,https://www.quotationspage.com/quotes/Ambrose_Bierce/
40088,The most potent weapon in the hands of the oppressor is the mind of the oppressed.,Stephen Bantu Biko,,https://www.quotationspage.com/quote/40088.html,https://www.quotationspage.com/quotes/Stephen_Bantu_Biko/
41560,"When a man comes to me for advice, I find out the kind of advice he wants, and I give it to him.",John Billings(Henry Wheeler Shaw),,https://www.quotationspage.com/quote/41560.html,https://www.quotationspage.com/quotes/John_Billings%28Henry_Wheeler_Shaw%29_/
34192,A dog is the only thing on earth that loves you more than he loves himself.,Josh Billings,Dogs,https://www.quotationspage.com/quote/34192.html,https://www.quotationspage.com/quotes/Josh_Billings/
29890,About the most originality that any writer can hope to achieve honestly is to steal with good judgment.,Josh Billings,"Writing, Plagiarism",https://www.quotationspage.com/quote/29890.html,https://www.quotationspage.com/quotes/Josh_Billings/
2387,"Don't take the bull by the horns, take him by the tail; then you can let go when you want to.",Josh Billings,,https://www.quotationspage.com/quote/2387.html,https://www.quotationspage.com/quotes/Josh_Billings/
2217,"Flattery is like cologne water, to be smelt of, not swallowed.",Josh Billings,,https://www.quotationspage.com/quote/2217.html,https://www.quotationspage.com/quotes/Josh_Billings/
41945,"I dont care how much a man talks, if he only says it in a few words.",Josh Billings,,https://www.quotationspage.com/quote/41945.html,https://www.quotationspage.com/quotes/Josh_Billings/
37590,It is much easier to repent of sins that we have committed than to repent of those we intend to commit.,Josh Billings,,https://www.quotationspage.com/quote/37590.html,https://www.quotationspage.com/quotes/Josh_Billings/
42203,Ive never known a person to live to one hundred and be remarkable for anything else.,Josh Billings,,https://www.quotationspage.com/quote/42203.html,https://www.quotationspage.com/quotes/Josh_Billings/
29681,Laughing is the sensation of feeling good all over and showing it principally in one spot.,Josh Billings,Happiness,https://www.quotationspage.com/quote/29681.html,https://www.quotationspage.com/quotes/Josh_Billings/
41910,"Laughter is the sensation of feeling good all over, and showing it principally in one place.",Josh Billings,,https://www.quotationspage.com/quote/41910.html,https://www.quotationspage.com/quotes/Josh_Billings/
2125,One of the greatest victories you can gain over someone is to beat him at politeness.,Josh Billings,"Victory, Etiquette",https://www.quotationspage.com/quote/2125.html,https://www.quotationspage.com/quotes/Josh_Billings/
26841,Silence is one of the hardest arguments to refute.,Josh Billings,"Silence, Argument",https://www.quotationspage.com/quote/26841.html,https://www.quotationspage.com/quotes/Josh_Billings/
2186,The best way to convince a fool that he is wrong is to let him have his own way.,Josh Billings,,https://www.quotationspage.com/quote/2186.html,https://www.quotationspage.com/quotes/Josh_Billings/
2818,The time to pray is not when we are in a tight spot but just as soon as we get out of it.,Josh Billings,Prayer,https://www.quotationspage.com/quote/2818.html,https://www.quotationspage.com/quotes/Josh_Billings/
2158,There is no revenge so complete as forgiveness.,Josh Billings,"Forgiveness, Revenge",https://www.quotationspage.com/quote/2158.html,https://www.quotationspage.com/quotes/Josh_Billings/
3243,"As scarce as truth is, the supply has always been in excess of the demand.",Josh Billings,Truth,https://www.quotationspage.com/quote/3243.html,https://www.quotationspage.com/quotes/Josh_Billings/
24280,"Though boys throw stones at frogs in sport, the frogs do not die in sport, but in earnest.",Bion,,https://www.quotationspage.com/quote/24280.html,https://www.quotationspage.com/quotes/Bion/
38254,Civility is not something that automatically happens. Civil societies come about because people want them to.,Jimmy Bise Jr.,,https://www.quotationspage.com/quote/38254.html,https://www.quotationspage.com/quotes/Jimmy_Bise_Jr./
38253,Civility sometimes requires polite ruthlessness. Establish that what you prize most is civility.,Jimmy Bise Jr.,,https://www.quotationspage.com/quote/38253.html,https://www.quotationspage.com/quotes/Jimmy_Bise_Jr./
38252,Conflict is going to happen whether you want it or not. People will butt heads. Sometimes when you least expect it.,Jimmy Bise Jr.,,https://www.quotationspage.com/quote/38252.html,https://www.quotationspage.com/quotes/Jimmy_Bise_Jr./
38250,"No matter what we do, we are always going to have Us versus Them moments. We can separate, yell or talk to each other and draw a truce. You won't agree with everybody. It doesn't mean the other person is an idiot.",Jimmy Bise Jr.,,https://www.quotationspage.com/quote/38250.html,https://www.quotationspage.com/quotes/Jimmy_Bise_Jr./
38094,Archaeology is the peeping Tom of the sciences. It is the sandbox of men who care not where they are going; they merely want to know where everyone else has been.,Jim Bishop,,https://www.quotationspage.com/quote/38094.html,https://www.quotationspage.com/quotes/Jim_Bishop/
30953,Nothing is as far away as one minute ago.,Jim Bishop,Time,https://www.quotationspage.com/quote/30953.html,https://www.quotationspage.com/quotes/Jim_Bishop/
3205,The future is an opaque mirror. Anyone who tries to look into it sees nothing but the dim outlines of an old and worried face.,Jim Bishop,The Future,https://www.quotationspage.com/quote/3205.html,https://www.quotationspage.com/quotes/Jim_Bishop/
954,Today you can go to a gas station and find the cash register open and the toilets locked. They must think toilet paper is worth more than money.,Joey Bishop,,https://www.quotationspage.com/quote/954.html,https://www.quotationspage.com/quotes/Joey_Bishop/
29370,"A really great man is known by three signs... generosity in the design, humanity in the execution, moderation in success.",Otto von Bismarck,,https://www.quotationspage.com/quote/29370.html,https://www.quotationspage.com/quotes/Otto_von_Bismarck/
41531,All treaties between great states cease to be binding when they come in conflict with the struggle of existence.,Otto von Bismarck,,https://www.quotationspage.com/quote/41531.html,https://www.quotationspage.com/quotes/Otto_von_Bismarck/
27759,Laws are like sausages. It's better not to see them being made.,Otto von Bismarck,Laws,https://www.quotationspage.com/quote/27759.html,https://www.quotationspage.com/quotes/Otto_von_Bismarck/
1331,"When a man says he approves of something in principle, it means he hasn't the slightest intention of putting it into practice.",Otto von Bismarck,,https://www.quotationspage.com/quote/1331.html,https://www.quotationspage.com/quotes/Otto_von_Bismarck/
31795,Beware of sentimental alliances where the consciousness of good deeds is the only compensation for noble sacrifices.,Otto von Bismarck,,https://www.quotationspage.com/quote/31795.html,https://www.quotationspage.com/quotes/Otto_von_Bismarck/
24903,Politics is the art of the possible.,Otto Von Bismarck,Politics,https://www.quotationspage.com/quote/24903.html,https://www.quotationspage.com/quotes/Otto_von_Bismarck/
38111,A great writer reveals the truth even when he or she does not wish to.,Tom Bissell,Writing,https://www.quotationspage.com/quote/38111.html,https://www.quotationspage.com/quotes/Tom_Bissell/
38112,This does not make the authors of those narratives liars; it makes them servants of fallible human memory and perception.,Tom Bissell,Truth,https://www.quotationspage.com/quote/38112.html,https://www.quotationspage.com/quotes/Tom_Bissell/
1663,An optimist is the human personification of spring.,Susan J. Bissonette,"Optimism, Spring",https://www.quotationspage.com/quote/1663.html,https://www.quotationspage.com/quotes/Susan_J._Bissonette/
1981,"Each handicap is like a hurdle in a steeplechase, and when you ride up to it, if you throw your heart over, the horse will go along, too.",Lawrence Bixby,,https://www.quotationspage.com/quote/1981.html,https://www.quotationspage.com/quotes/Lawrence_Bixby/
28906,Law is the embodiment of the moral sentiment of the people.,William Blackstone,Laws,https://www.quotationspage.com/quote/28906.html,https://www.quotationspage.com/quotes/William_Blackstone/
1573,Nature is just enough; but men and women must comprehend and accept her suggestions.,Antoinette Brown Blackwell,Nature,https://www.quotationspage.com/quote/1573.html,https://www.quotationspage.com/quotes/Antoinette_Brown_Blackwell/
27022,Age is no guarantee of maturity.,Lawana Blackwell,Maturity,https://www.quotationspage.com/quote/27022.html,https://www.quotationspage.com/quotes/Lawana_Blackwell/
27026,He had learned over the years that poor people did not feel so poor when allowed to give occasionally.,Lawana Blackwell,Money,https://www.quotationspage.com/quote/27026.html,https://www.quotationspage.com/quotes/Lawana_Blackwell/
27029,I've grown to realize the joy that comes from little victories is preferable to the fun that comes from ease and the pursuit of pleasure.,Lawana Blackwell,"Happiness, Joy",https://www.quotationspage.com/quote/27029.html,https://www.quotationspage.com/quotes/Lawana_Blackwell/
27028,"If courage wasn't a standard result of aging, it meant that the young could somehow acquire it as well.",Lawana Blackwell,Courage,https://www.quotationspage.com/quote/27028.html,https://www.quotationspage.com/quotes/Lawana_Blackwell/
27023,"If there was strife and contention in the home, very little else in life could compensate for it.",Lawana Blackwell,Marriage,https://www.quotationspage.com/quote/27023.html,https://www.quotationspage.com/quotes/Lawana_Blackwell/
27027,It isn't kind to cultivate a friendship just so one will have an audience.,Lawana Blackwell,Friendship,https://www.quotationspage.com/quote/27027.html,https://www.quotationspage.com/quotes/Lawana_Blackwell/
27024,Outings are so much more fun when we can savor them through the children's eyes.,Lawana Blackwell,Children,https://www.quotationspage.com/quote/27024.html,https://www.quotationspage.com/quotes/Lawana_Blackwell/
27025,"Propriety was a rigid master, but one that must be obeyed if one wanted to keep a sterling reputation.",Lawana Blackwell,Reputation,https://www.quotationspage.com/quote/27025.html,https://www.quotationspage.com/quotes/Lawana_Blackwell/
27030,"For all their strength, men were sometimes like little children.",Lawana Blackwell,Men And Women,https://www.quotationspage.com/quote/27030.html,https://www.quotationspage.com/quotes/Lawana_Blackwell/
27033,Forgiveness is almost a selfish act because of its immense benefits to the one who forgives.,Lawana Blackwell,"Forgiveness, Selfishness",https://www.quotationspage.com/quote/27033.html,https://www.quotationspage.com/quotes/Lawana_Blackwell/
27032,Patterning your life around other's opinions is nothing more than slavery.,Lawana Blackwell,"Freedom, Opinions",https://www.quotationspage.com/quote/27032.html,https://www.quotationspage.com/quotes/Lawana_Blackwell/
27035,The hatred you're carrying is a live coal in your heart - far more damaging to yourself than to them.,Lawana Blackwell,"Forgiveness, Hatred",https://www.quotationspage.com/quote/27035.html,https://www.quotationspage.com/quotes/Lawana_Blackwell/
27034,True repentance means making amends with the person when at all possible.,Lawana Blackwell,,https://www.quotationspage.com/quote/27034.html,https://www.quotationspage.com/quotes/Lawana_Blackwell/
27031,Youth isn't always all it's touted to be.,Lawana Blackwell,"Children, Youth",https://www.quotationspage.com/quote/27031.html,https://www.quotationspage.com/quotes/Lawana_Blackwell/
29342,"True gentleness is founded on a sense of what we owe to him who made us and to the common nature which we all share. It arises from reflection on our own failings and wants, and from just views of the condition and duty of man. It is native feeling heightened and improved by principle.",Hugh Blair,,https://www.quotationspage.com/quote/29342.html,https://www.quotationspage.com/quotes/Hugh_Blair/
1522,"Silence is one of the great arts of conversation, as allowed by Cicero himself, who says, 'there is not only an art, but an eloquence in it.' A well bred woman may easily and effectually promote the most useful and elegant conversation without speaking a word. The modes of speech are scarcely more variable than the modes of silence.",Tom Blair,"Silence, Conversation",https://www.quotationspage.com/quote/1522.html,https://www.quotationspage.com/quotes/Tom_Blair/
32148,"I just want to say this. I want to say it gently but I want to say it firmly: There is a tendency for the world to say to America, ""the big problems of the world are yours, you go and sort them out,"" and then to worry when America wants to sort them out.",Tony Blair,America,https://www.quotationspage.com/quote/32148.html,https://www.quotationspage.com/quotes/Tony_Blair/
39841,"The art of leadership is saying no, not yes. It is very easy to say yes.",Tony Blair,,https://www.quotationspage.com/quote/39841.html,https://www.quotationspage.com/quotes/Tony_Blair/
26825,"The world tolerates conceit from those who are successful, but not from anybody else.",John Blake,Conceit,https://www.quotationspage.com/quote/26825.html,https://www.quotationspage.com/quotes/John_Blake/
40421,"You get married at twenty, you're going to be shocked who you're living with at thirty.",Peter Blake,Marriage,https://www.quotationspage.com/quote/40421.html,https://www.quotationspage.com/quotes/Peter_Blake/
40419,"Great part of being a grownup, you never have to do anything.",Peter Blake,,https://www.quotationspage.com/quote/40419.html,https://www.quotationspage.com/quotes/Peter_Blake/
29210,"A truth that's told with bad intent, Beats all the lies you can invent.",William Blake,,https://www.quotationspage.com/quote/29210.html,https://www.quotationspage.com/quotes/William_Blake/
2380,Always be ready to speak your mind and a base man will avoid you.,William Blake,,https://www.quotationspage.com/quote/2380.html,https://www.quotationspage.com/quotes/William_Blake/
31707,Energy is eternal delight.,William Blake,Energy,https://www.quotationspage.com/quote/31707.html,https://www.quotationspage.com/quotes/William_Blake/
38782,"He who desires, but acts not, breeds pestilence.",William Blake,,https://www.quotationspage.com/quote/38782.html,https://www.quotationspage.com/quotes/William_Blake/
41928,I must create a system or be enslaved by another man's.,William Blake,,https://www.quotationspage.com/quote/41928.html,https://www.quotationspage.com/quotes/William_Blake/
1621,"I must create a system, or be enslaved by another man's.",William Blake,,https://www.quotationspage.com/quote/1621.html,https://www.quotationspage.com/quotes/William_Blake/
27037,I myself do nothing. The Holy Spirit accomplishes all through me.,William Blake,God,https://www.quotationspage.com/quote/27037.html,https://www.quotationspage.com/quotes/William_Blake/
28837,"Innocence dwells with Wisdom, but never with Ignorance.",William Blake,Ignorance,https://www.quotationspage.com/quote/28837.html,https://www.quotationspage.com/quotes/William_Blake/
1037,It is easier to forgive an enemy than to forgive a friend.,William Blake,"Enemies, Forgiveness",https://www.quotationspage.com/quote/1037.html,https://www.quotationspage.com/quotes/William_Blake/
29422,"Love seeketh not itself to please,Nor for itself hath any care,But for another gives its ease,And builds a Heaven in Hell's despair.",William Blake,,https://www.quotationspage.com/quote/29422.html,https://www.quotationspage.com/quotes/William_Blake/
29378,No bird soars too high if he soars with his own wings.,William Blake,Birds,https://www.quotationspage.com/quote/29378.html,https://www.quotationspage.com/quotes/William_Blake/
38949,"No bird soars too high, if he soars with his own wings.",William Blake,,https://www.quotationspage.com/quote/38949.html,https://www.quotationspage.com/quotes/William_Blake/
38781,Those who control their passions do so because their passions are weak enough to be controlled.,William Blake,,https://www.quotationspage.com/quote/38781.html,https://www.quotationspage.com/quotes/William_Blake/
29380,"To see a world in a Grain of Sand,And a Heaven in a Wild Flower,Hold Infinity in the palm of your hand,And eternity in an hour.",William Blake,,https://www.quotationspage.com/quote/29380.html,https://www.quotationspage.com/quotes/William_Blake/
32298,"When thou seest an eagle, thou seest a portion of genius; lift up thy head!",William Blake,Birds,https://www.quotationspage.com/quote/32298.html,https://www.quotationspage.com/quotes/William_Blake/
30122,"As I was walking among the fires of Hell,delighted with the enjoyments of Genius;which to Angels look like torment and insanity.I collected some of their Proverbs.",William Blake,,https://www.quotationspage.com/quote/30122.html,https://www.quotationspage.com/quotes/William_Blake/
29920,"Those who restrain desire, do so because theirs is weak enough to be restrained.",William Blake,Desire,https://www.quotationspage.com/quote/29920.html,https://www.quotationspage.com/quotes/William_Blake/
33387,"From each according to his abilities, to each according to his needs.",Louis Blanc,,https://www.quotationspage.com/quote/33387.html,https://www.quotationspage.com/quotes/Louis_Blanc/
34285,A sense of curiosity is nature's original school of education.,Dr. Smiley Blanton,,https://www.quotationspage.com/quote/34285.html,https://www.quotationspage.com/quotes/Dr._Smiley_Blanton/
1948,The truth is that all of us attain the greatest success and happiness possible in this life whenever we use our native capacities to their greatest extent.,Dr. Smiley Blanton,,https://www.quotationspage.com/quote/1948.html,https://www.quotationspage.com/quotes/Dr._Smiley_Blanton/
1138,A person who trusts no one can't be trusted.,Jerome Blattner,Trust,https://www.quotationspage.com/quote/1138.html,https://www.quotationspage.com/quotes/Jerome_Blattner/
1145,I have the heart of a child. I keep it in a jar on my shelf.,Robert Bloch,,https://www.quotationspage.com/quote/1145.html,https://www.quotationspage.com/quotes/Robert_Bloch/
31149,Intimacy is being seen and known as the person you truly are.,Amy Bloom,,https://www.quotationspage.com/quote/31149.html,https://www.quotationspage.com/quotes/Amy_Bloom/
31035,"We read frequently if unknowingly, in quest of a mind more original than our own.",Harold Bloom,,https://www.quotationspage.com/quote/31035.html,https://www.quotationspage.com/quotes/Harold_Bloom/
33427,Reading well is one of the great pleasures that solitude can afford you.,Harold Bloom,Books,https://www.quotationspage.com/quote/33427.html,https://www.quotationspage.com/quotes/Harold_Bloom/
746,"The last time somebody said, 'I find I can write much better with a word processor.', I replied, 'They used to say the same thing about drugs.'",Roy Blount Jr.,Drugs,https://www.quotationspage.com/quote/746.html,https://www.quotationspage.com/quotes/Roy_Blount_Jr./
36765,I have often thought morality may perhaps consist solely in the courage of making a choice.,Leon Blum,,https://www.quotationspage.com/quote/36765.html,https://www.quotationspage.com/quotes/Leon_Blum/
27016,All that counts in life is intention.,Andrea Bocelli,,https://www.quotationspage.com/quote/27016.html,https://www.quotationspage.com/quotes/Andrea_Bocelli/
27234,Engineers participate in the activities which make the resources of nature available in a form beneficial to man and provide systems which will perform optimally and economically.,L. M. K. Boelter,Engineering,https://www.quotationspage.com/quote/27234.html,https://www.quotationspage.com/quotes/L._M._K._Boelter/
1382,"That you may retain your self-respect, it is better to displease the people by doing what you know is right, than to temporarily please them by doing what you know is wrong.",William J. H. Boetcker,Respect,https://www.quotationspage.com/quote/1382.html,https://www.quotationspage.com/quotes/William_J._H._Boetcker/
29645,You cannot strengthen the weak by weakening the strong.You cannot help small men by tearing down big men.You cannot help the poor by destroying the rich.You cannot lift the wage earner by pulling down the wage payer.You cannot keep out of trouble by spending more than your income.You cannot further the brotherhood of man by inciting class hatreds.You cannot establish security on borrowed money.You cannot build character and courage by taking away a man's initiative and independence.You cannot help men permanently by doing for them what they could and should do for themselves.,William J. H. Boetcker,,https://www.quotationspage.com/quote/29645.html,https://www.quotationspage.com/quotes/William_J._H._Boetcker/
40789,No man can ever be secure until he has been forsaken by Fortune.,"Boethius, 522",Uncertainty,https://www.quotationspage.com/quote/40789.html,https://www.quotationspage.com/quotes/Boethius%2C_522/
27106,I cannot believe that the inscrutable universe turns on an axis of suffering; surely the strange beauty of the world must somewhere rest on pure joy!,Louise Bogan,"Happiness, Joy, Suffering",https://www.quotationspage.com/quote/27106.html,https://www.quotationspage.com/quotes/Louise_Bogan/
24897,"When a dog bites a man, that is not news, because it happens so often. But if a man bites a dog, that is news.",John B. Bogart,Dogs,https://www.quotationspage.com/quote/24897.html,https://www.quotationspage.com/quotes/John_B._Bogart/
3126,"One must not lose desires. They are mighty stimulants to creativeness, to love, and to long life.",Alexander A. Bogomoletz,Desire,https://www.quotationspage.com/quote/3126.html,https://www.quotationspage.com/quotes/Alexander_A._Bogomoletz/
1102,An expert is a person who has made all the mistakes that can be made in a very narrow field.,Niels Bohr,"Mistakes, Experts",https://www.quotationspage.com/quote/1102.html,https://www.quotationspage.com/quotes/Niels_Bohr/
1442,Never express yourself more clearly than you are able to think.,Niels Bohr,,https://www.quotationspage.com/quote/1442.html,https://www.quotationspage.com/quotes/Niels_Bohr/
26159,"Prediction is very difficult, especially about the future.",Niels Bohr,The Future,https://www.quotationspage.com/quote/26159.html,https://www.quotationspage.com/quotes/Niels_Bohr/
475,The opposite of a correct statement is a false statement. But the opposite of a profound truth may well be another profound truth.,Niels Bohr,Truth,https://www.quotationspage.com/quote/475.html,https://www.quotationspage.com/quotes/Niels_Bohr/
748,"Your theory is crazy, but it's not crazy enough to be true.",Niels Bohr,,https://www.quotationspage.com/quote/748.html,https://www.quotationspage.com/quotes/Niels_Bohr/
28896,"Whatever we conceive well we express clearly, and words flow with ease.",Nicolas Boileau,,https://www.quotationspage.com/quote/28896.html,https://www.quotationspage.com/quotes/Nicolas_Boileau/
38923,I think people don't place a high enough value on how much they are nurtured by doing whatever it is that totally absorbs them.,Jean Shinoda Bolen,,https://www.quotationspage.com/quote/38923.html,https://www.quotationspage.com/quotes/Jean_Shinoda_Bolen/
23602,Do you realize if it weren't for Edison we'd be watching TV by candlelight?,Al Boliska,,https://www.quotationspage.com/quote/23602.html,https://www.quotationspage.com/quotes/Al_Boliska/
37823,A belief is not merely an idea the mind possesses; it is an idea that possesses the mind.,Robert Oxton Bolton,,https://www.quotationspage.com/quote/37823.html,https://www.quotationspage.com/quotes/Robert_Oxton_Bolton/
34207,A friend never defends a husband who gets his wife an electric skillet for her birthday.,Erma Bombeck,,https://www.quotationspage.com/quote/34207.html,https://www.quotationspage.com/quotes/Erma_Bombeck/
34208,A friend will tell you she saw your old boyfriend-and he's a priest.,Erma Bombeck,,https://www.quotationspage.com/quote/34208.html,https://www.quotationspage.com/quotes/Erma_Bombeck/
1095,Anybody who watches three games of football in a row should be declared brain dead.,Erma Bombeck,Sports,https://www.quotationspage.com/quote/1095.html,https://www.quotationspage.com/quotes/Erma_Bombeck/
34418,"Before you try to keep up with the Joneses, be sure they're not trying to keep up with you.",Erma Bombeck,,https://www.quotationspage.com/quote/34418.html,https://www.quotationspage.com/quotes/Erma_Bombeck/
41628,An Army of lions commanded by a deer will never be an army of lions.,Napoleon Bonaparte,Leadership,https://www.quotationspage.com/quote/41628.html,https://www.quotationspage.com/quotes/Napoleon_Bonaparte/
39830,Death is nothing; but to live defeated and inglorious is to die daily.,Napoleon Bonaparte,,https://www.quotationspage.com/quote/39830.html,https://www.quotationspage.com/quotes/Napoleon_Bonaparte/
41539,"Die young, and I shall accept your death-but not if you have lived without glory, without being useful to your country, without leaving a trace of your existence: for that is not to have lived at all.",Napoleon Bonaparte,,https://www.quotationspage.com/quote/41539.html,https://www.quotationspage.com/quotes/Napoleon_Bonaparte/
995,"Glory is fleeting, but obscurity is forever.",Napoleon Bonaparte,Fame,https://www.quotationspage.com/quote/995.html,https://www.quotationspage.com/quotes/Napoleon_Bonaparte/
297,History is the version of past events that people have decided to agree upon.,Napoleon Bonaparte,History,https://www.quotationspage.com/quote/297.html,https://www.quotationspage.com/quotes/Napoleon_Bonaparte/
25671,"In politics, absurdity is not a handicap.",Napoleon Bonaparte,,https://www.quotationspage.com/quote/25671.html,https://www.quotationspage.com/quotes/Napoleon_Bonaparte/
37576,"In politics, an absurdity is not a handicap.",Napoleon Bonaparte,,https://www.quotationspage.com/quote/37576.html,https://www.quotationspage.com/quotes/Napoleon_Bonaparte/
37595,"It is the cause, not the death, that makes the martyr.",Napoleon Bonaparte,,https://www.quotationspage.com/quote/37595.html,https://www.quotationspage.com/quotes/Napoleon_Bonaparte/
26960,Never interrupt your enemy when he is making a mistake.,Napoleon Bonaparte,"Enemies, Mistakes",https://www.quotationspage.com/quote/26960.html,https://www.quotationspage.com/quotes/Napoleon_Bonaparte/
2472,"Take time to deliberate, but when the time for action has arrived, stop thinking and go in.",Napoleon Bonaparte,,https://www.quotationspage.com/quote/2472.html,https://www.quotationspage.com/quotes/Napoleon_Bonaparte/
1015,The best way to keep one's word is not to give it.,Napoleon Bonaparte,,https://www.quotationspage.com/quote/1015.html,https://www.quotationspage.com/quotes/Napoleon_Bonaparte/
41855,"The more I study the world, the more I am convinced of the inability of brute force to create anything durable.",Napoleon Bonaparte,Life,https://www.quotationspage.com/quote/41855.html,https://www.quotationspage.com/quotes/Napoleon_Bonaparte/
39719,To exraordinary circumstance we must apply extraordinary remedies.,Napoleon Bonaparte,,https://www.quotationspage.com/quote/39719.html,https://www.quotationspage.com/quotes/Napoleon_Bonaparte/
2191,Victory belongs to the most persevering.,Napoleon Bonaparte,"Victory, Perseverance",https://www.quotationspage.com/quote/2191.html,https://www.quotationspage.com/quotes/Napoleon_Bonaparte/
1609,"[Medicine is] a collection of uncertain prescriptions the results of which, taken collectively, are more fatal than useful to mankind.",Napoleon Bonaparte,Medicine,https://www.quotationspage.com/quote/1609.html,https://www.quotationspage.com/quotes/Napoleon_Bonaparte/
40061,"If you do a good job for others,you heal yourself at the same time,because a dose of joy is a spiritual cure.",Dietrich Bonhoeffer,,https://www.quotationspage.com/quote/40061.html,https://www.quotationspage.com/quotes/Dietrich_Bonhoeffer/
39154,The test of the morality of a society is what it does for its children.,Dietrich Bonhoeffer,Children,https://www.quotationspage.com/quote/39154.html,https://www.quotationspage.com/quotes/Dietrich_Bonhoeffer/
39947,It is only possible to live happily ever after on a day to day basis.,Margaret Bonnano,,https://www.quotationspage.com/quote/39947.html,https://www.quotationspage.com/quotes/Margaret_Bonnano/
375,It is only possible to live happily ever after on a day-to-day basis.,Margaret Bonnano,,https://www.quotationspage.com/quote/375.html,https://www.quotationspage.com/quotes/Margaret_Bonnano/
1555,She did not talk to people as if they were strange hard shells she had to crack open to get inside. She talked as if she were already in the shell. In their very shell.,Marita Bonner,,https://www.quotationspage.com/quote/1555.html,https://www.quotationspage.com/quotes/Marita_Bonner/
38173,"In Ethiopia during the famine, I saw stuff there that reorganized how I saw the world. I didn't quite know what to do about it. At a certain point, I felt God is not looking for alms. God is looking for action.",Bono,,https://www.quotationspage.com/quote/38173.html,https://www.quotationspage.com/quotes/Bono/
38172,"There's the country of America, which you have to defend, but there's also the idea of America. America is more than just a country, it's an idea. An idea that's supposed to be contagious.",Bono,America,https://www.quotationspage.com/quote/38172.html,https://www.quotationspage.com/quotes/Bono/
3013,"To resist the frigidity of old age one must combine the body, the mind and the heart - and to keep them in parallel vigor one must exercise, study and love.",Karl von Bonstetten,Age,https://www.quotationspage.com/quote/3013.html,https://www.quotationspage.com/quotes/Karl_von_Bonstetten/
29520,"There was never anything by the wit of man so well devised, or so sure established, which in continuance of time hath not been corrupted.",Book of Common Prayer,,https://www.quotationspage.com/quote/29520.html,https://www.quotationspage.com/quotes/Book_of_Common_Prayer/
37285,"In the midst of life we are in death. Earth to earth, ashes to ashes, dust to dust.",Book of Common Prayer,,https://www.quotationspage.com/quote/37285.html,https://www.quotationspage.com/quotes/Book_of_Common_Prayer/
37284,We have left undone those things which we ought to have done; and we have done those things which we ought not to have done.,Book of Common Prayer,,https://www.quotationspage.com/quote/37284.html,https://www.quotationspage.com/quotes/Book_of_Common_Prayer/
1921,"Hail to you gods, on that day of the great reckoning. Behold me, I have come to you, without sin, without guilt, without evil, without a witness against me, without one whom I have wronged. I am one pure of mouth, pure of hands.",The Book of the Dead,,https://www.quotationspage.com/quote/1921.html,https://www.quotationspage.com/quotes/The_Book_of_the_Dead/
31200,The way to final freedom is within thy self.,The Book of the Golden Precepts,,https://www.quotationspage.com/quote/31200.html,https://www.quotationspage.com/quotes/The_Book_of_the_Golden_Precepts/
34288,A sign of celebrity is that his name is often worth more than his services.,Daniel J. Boorstin,Celebrities,https://www.quotationspage.com/quote/34288.html,https://www.quotationspage.com/quotes/Daniel_J._Boorstin/
749,"Some are born great, some achieve greatness, and some hire public relations officers.",Daniel J. Boorstin,Greatness,https://www.quotationspage.com/quote/749.html,https://www.quotationspage.com/quotes/Daniel_J._Boorstin/
1972,The greatest obstacle to discovery is not ignorance - it is the illusion of knowledge.,Daniel J. Boorstin,Discovery,https://www.quotationspage.com/quote/1972.html,https://www.quotationspage.com/quotes/Daniel_J._Boorstin/
609,I'm just a person trapped inside a woman's body.,Elayne Boosler,Men And Women,https://www.quotationspage.com/quote/609.html,https://www.quotationspage.com/quotes/Elayne_Boosler/
29747,"If there is one thing worse than being an ugly duckling in a house of swans, it's having the swans pretend there's no difference.",Teena Booth,Beauty,https://www.quotationspage.com/quote/29747.html,https://www.quotationspage.com/quotes/Teena_Booth/
26199,The marvel of all history is the patience with which men and women submit to burdens unnecessarily laid upon them by their governments.,William H. Borah,Government,https://www.quotationspage.com/quote/26199.html,https://www.quotationspage.com/quotes/William_H._Borah/
33753,Most advances in science come when a person for one reason or another is forced to change fields.,Peter Borden,,https://www.quotationspage.com/quote/33753.html,https://www.quotationspage.com/quotes/Peter_Borden/
750,"The most likely way for the world to be destroyed, most experts agree, is by accident. That's where we come in; we're computer professionals. We cause accidents.",Nathaniel Borenstein,Computers,https://www.quotationspage.com/quote/750.html,https://www.quotationspage.com/quotes/Nathaniel_Borenstein/
39957,A smile is the shortest distance between two people.,Victor Borge,,https://www.quotationspage.com/quote/39957.html,https://www.quotationspage.com/quotes/Victor_Borge/
23595,I only know two pieces; one is 'Clair de Lune' and the other one isn't.,Victor Borge,,https://www.quotationspage.com/quote/23595.html,https://www.quotationspage.com/quotes/Victor_Borge/
26170,Laughter is the closest distance between two people.,Victor Borge,Laughter,https://www.quotationspage.com/quote/26170.html,https://www.quotationspage.com/quotes/Victor_Borge/
1357,The difference between a violin and a viola is that a viola burns longer.,Victor Borge,,https://www.quotationspage.com/quote/1357.html,https://www.quotationspage.com/quotes/Victor_Borge/
1443,"For most folks, no news is good news; for the press, good news is not news.",Gloria Borger,,https://www.quotationspage.com/quote/1443.html,https://www.quotationspage.com/quotes/Gloria_Borger/
40378,I cannot sleep unless I am surrounded by books.,Jorge Luis Borges,,https://www.quotationspage.com/quote/40378.html,https://www.quotationspage.com/quotes/Jorge_Luis_Borges/
25877,Life itself is a quotation.,Jorge Luis Borges,Quotations,https://www.quotationspage.com/quote/25877.html,https://www.quotationspage.com/quotes/Jorge_Luis_Borges/
30157,"There is a concept which corrupts and upsets all others. I refer not to Evil, whose limited realm is that of ethics; I refer to the infinite.",Jorge Luis Borges,,https://www.quotationspage.com/quote/30157.html,https://www.quotationspage.com/quotes/Jorge_Luis_Borges/
31032,The important thing is this: to be able at any moment to sacrifice what we are for what we could become.,Charles Du Bos,,https://www.quotationspage.com/quote/31032.html,https://www.quotationspage.com/quotes/Charles_Du_Bos/
29238,"The worst derangement of the spirit is to believe things because we want them to be so, not because we have seen them for what they are.",Jacques Bossuet,,https://www.quotationspage.com/quote/29238.html,https://www.quotationspage.com/quotes/Jacques_Bossuet/
39890,"To know one's self, one must go all the way to horror.",Jacques Bossuet,,https://www.quotationspage.com/quote/39890.html,https://www.quotationspage.com/quotes/Jacques_Bossuet/
29487,I have found you an argument; I am not obliged to find you an understanding.,James Boswell,,https://www.quotationspage.com/quote/29487.html,https://www.quotationspage.com/quotes/James_Boswell/
2029,"Men are wise in proportion, not to their experience, but to their capacity for experience.",James Boswell,"Wisdom, Experience",https://www.quotationspage.com/quote/2029.html,https://www.quotationspage.com/quotes/James_Boswell/
376,It is possible to store the mind with a million facts and still be entirely uneducated.,Alec Bourne,Education,https://www.quotationspage.com/quote/376.html,https://www.quotationspage.com/quotes/Alec_Bourne/
29156,No man is happy without a delusion of some kind. Delusions are as necessary to our happiness as realities.,Christian Nestell Bovee,,https://www.quotationspage.com/quote/29156.html,https://www.quotationspage.com/quotes/Christian_Nestell_Bovee/
2914,"Doubt whom you will, but never yourself.",Christine Bovee,Doubt,https://www.quotationspage.com/quote/2914.html,https://www.quotationspage.com/quotes/Christine_Bovee/
2778,"If you look at life one way, there is always cause for alarm.",Elizabeth Bowen,,https://www.quotationspage.com/quote/2778.html,https://www.quotationspage.com/quotes/Elizabeth_Bowen/
1658,"Illusions are art, for the feeling person, and it is by art that you live, if you do.",Elizabeth Bowen,Art,https://www.quotationspage.com/quote/1658.html,https://www.quotationspage.com/quotes/Elizabeth_Bowen/
1478,Nobody speaks the truth when there's something they must have.,Elizabeth Bowen,,https://www.quotationspage.com/quote/1478.html,https://www.quotationspage.com/quotes/Elizabeth_Bowen/
36811,"If thee marries for money, thee surely will earn it.",Ezra Bowen,,https://www.quotationspage.com/quote/36811.html,https://www.quotationspage.com/quotes/Ezra_Bowen/
1253,Government is too big and too important to be left to the politicians.,Chester Bowles,"Politicians, Government",https://www.quotationspage.com/quote/1253.html,https://www.quotationspage.com/quotes/Chester_Bowles/
29263,There can be no real individual freedom in the presence of economic insecurity.,Chester Bowles,Economics,https://www.quotationspage.com/quote/29263.html,https://www.quotationspage.com/quotes/Chester_Bowles/
40117,The things that make us safest from others make us least from ourselves.,Danah Boyd,,https://www.quotationspage.com/quote/40117.html,https://www.quotationspage.com/quotes/Danah_Boyd/
988,"There are 350 varieties of shark, not counting loan and pool.",L. M. Boyd,,https://www.quotationspage.com/quote/988.html,https://www.quotationspage.com/quotes/L._M._Boyd/
28984,"If I take refuge in ambiguity, I can assure you that it's quite conscious.",Frank Boyden,,https://www.quotationspage.com/quote/28984.html,https://www.quotationspage.com/quotes/Frank_Boyden/
25866,Wonder is what sets us apart from other life forms. No other species wonders about the meaning of existence or the complexity of the universe or themselves.,Herbert W. Boyer,,https://www.quotationspage.com/quote/25866.html,https://www.quotationspage.com/quotes/Herbert_W._Boyer/
66,"I take the view, and always have, that if you cannot say what you are going to say in twenty minutes you ought to go away and write a book about it.",Lord Brabazon,Writing,https://www.quotationspage.com/quote/66.html,https://www.quotationspage.com/quotes/Lord_Brabazon/
33431,We can be sure that the greatest hope for maintaining equilibrium in the face of any situation rests within ourselves.,Francis J. Braceland,Balance,https://www.quotationspage.com/quote/33431.html,https://www.quotationspage.com/quotes/Francis_J._Braceland/
939,We are an impossibility in an impossible universe.,Ray Bradbury,,https://www.quotationspage.com/quote/939.html,https://www.quotationspage.com/quotes/Ray_Bradbury/
23688,You have to know how to accept rejection and reject acceptance.,Ray Bradbury,Writing,https://www.quotationspage.com/quote/23688.html,https://www.quotationspage.com/quotes/Ray_Bradbury/
34110,"I'm seventeen and I'm crazy. My uncle says the two always go together. When people ask your age, he said, always say seventeen and insane.",Ray Bradbury,,https://www.quotationspage.com/quote/34110.html,https://www.quotationspage.com/quotes/Ray_Bradbury/
34111,"We need not to be let alone. We need to be really bothered once in a while. How long is it since you were really bothered? About something important, about something real?",Ray Bradbury,,https://www.quotationspage.com/quote/34111.html,https://www.quotationspage.com/quotes/Ray_Bradbury/
31939,There but for the grace of God go [I].,John Bradford,Gratitude,https://www.quotationspage.com/quote/31939.html,https://www.quotationspage.com/quotes/John_Bradford/
32320,"And for the season it was winter, and they that know the winters of that country know them to be sharp and violent, and subject to cruel and fierce storms.",William Bradford,Winter,https://www.quotationspage.com/quote/32320.html,https://www.quotationspage.com/quotes/William_Bradford/
24898,The way to win an atomic war is to make certain it never starts.,Omar Bradley,War,https://www.quotationspage.com/quote/24898.html,https://www.quotationspage.com/quotes/Omar_Bradley/
1809,"If we had no winter, the spring would not be so pleasant: if we did not sometimes taste of adversity, prosperity would not be so welcome.",Anne Bradstreet,"Winter, Spring, Adversity",https://www.quotationspage.com/quote/1809.html,https://www.quotationspage.com/quotes/Anne_Bradstreet/
29031,Through faith man experiences the meaning of the world; through action he is to give to it meaning.,Leo Braeck,,https://www.quotationspage.com/quote/29031.html,https://www.quotationspage.com/quotes/Leo_Braeck/
39125,I'm kind of jealous of the life I'm supposedly leading.,Zach Braff,,https://www.quotationspage.com/quote/39125.html,https://www.quotationspage.com/quotes/Zach_Braff/
35781,"Maybe that's all that family really is, a group of people who all miss the same imaginary place.",Zach Braff,,https://www.quotationspage.com/quote/35781.html,https://www.quotationspage.com/quotes/Zach_Braff/
26212,"God runs electromagnetics by wave theory on Monday, Wednesday, and Friday, and the Devil runs them by quantum theory on Tuesday, Thursday, and Saturday.",Sir William Bragg,,https://www.quotationspage.com/quote/26212.html,https://www.quotationspage.com/quotes/Sir_William_Bragg/
26213,The important thing in science is not so much to obtain new facts as to discover new ways of thinking about them.,Sir William Bragg,Science,https://www.quotationspage.com/quote/26213.html,https://www.quotationspage.com/quotes/Sir_William_Bragg/
42107,"The fact that most people do not understand and respect the very best things, such as Mozart's concertos, is what permits men like us to become famous.",Johannes Brahms,,https://www.quotationspage.com/quote/42107.html,https://www.quotationspage.com/quotes/Johannes_Brahms/
2618,"Hate no one; hate their vices, not themselves.",J. G. C. Brainard,"Vices, Hate",https://www.quotationspage.com/quote/2618.html,https://www.quotationspage.com/quotes/J._G._C._Brainard/
2478,Act as if it were impossible to fail.,Dorothea Brande,Failure,https://www.quotationspage.com/quote/2478.html,https://www.quotationspage.com/quotes/Dorothea_Brande/
32149,"America has believed that in differentiation, not in uniformity, lies the path of progress. It acted on this belief; it has advanced human happiness, and it has prospered.",Louis D. Brandeis,America,https://www.quotationspage.com/quote/32149.html,https://www.quotationspage.com/quotes/Louis_D._Brandeis/
29557,Behind every argument is someone's ignorance.,Louis D. Brandeis,Argument,https://www.quotationspage.com/quote/29557.html,https://www.quotationspage.com/quotes/Louis_D._Brandeis/
42124,I think all of our human Experience shows that no one with absolute power can be trusted to give it up even in part,Louis D. Brandeis,,https://www.quotationspage.com/quote/42124.html,https://www.quotationspage.com/quotes/Louis_D._Brandeis/
29364,Nearly all legislation involves a weighing of public needs as against private desires; and likewise a weighing of relative social values.,Louis D. Brandeis,Values,https://www.quotationspage.com/quote/29364.html,https://www.quotationspage.com/quotes/Louis_D._Brandeis/
29040,"Our government is the potent, the omnipresent teacher. For good or ill, it teaches the whole people by its example.",Louis D. Brandeis,,https://www.quotationspage.com/quote/29040.html,https://www.quotationspage.com/quotes/Louis_D._Brandeis/
2229,Self-esteem is the reputation we acquire with ourselves.,Nathaniel Branden,Self Esteem,https://www.quotationspage.com/quote/2229.html,https://www.quotationspage.com/quotes/Nathaniel_Branden/
1173,"If there's anything unsettling to the stomach, it's watching actors on television talk about their personal lives.",Marlon Brando,Television,https://www.quotationspage.com/quote/1173.html,https://www.quotationspage.com/quotes/Marlon_Brando/
38452,"Other things may change us, but we start and end with family.",Anthony Brandt,,https://www.quotationspage.com/quote/38452.html,https://www.quotationspage.com/quotes/Anthony_Brandt/
24513,The world wants to be deceived.,Sebastian Brant,,https://www.quotationspage.com/quote/24513.html,https://www.quotationspage.com/quotes/Sebastian_Brant/
2378,Always behave like a duck - keep calm and unruffled on the surface but paddle like the devil underneath.,Jacob Braude,,https://www.quotationspage.com/quote/2378.html,https://www.quotationspage.com/quotes/Jacob_Braude/
933,Basic research is what I am doing when I don't know what I am doing.,Wernher von Braun,,https://www.quotationspage.com/quote/933.html,https://www.quotationspage.com/quotes/Wernher_von_Braun/
913,I have learned to use the word 'impossible' with the greatest caution.,Wernher von Braun,,https://www.quotationspage.com/quote/913.html,https://www.quotationspage.com/quotes/Wernher_von_Braun/
26236,"We can lick gravity, but sometimes the paperwork is overwhelming.",Wernher von Braun,,https://www.quotationspage.com/quote/26236.html,https://www.quotationspage.com/quotes/Wernher_von_Braun/
30982,"Every time we remember to say ""thank you,"" we experience nothing less than heaven on earth.",Sarah Ban Breathnach,,https://www.quotationspage.com/quote/30982.html,https://www.quotationspage.com/quotes/Sarah_Ban_Breathnach/
31086,Learning to live in the present moment is part of the path of joy.,Sarah Ban Breathnach,Joy,https://www.quotationspage.com/quote/31086.html,https://www.quotationspage.com/quotes/Sarah_Ban_Breathnach/
31104,You've got to make a conscious choice every day to shed the old - whatever 'the old' means for you.,Sarah Ban Breathnach,,https://www.quotationspage.com/quote/31104.html,https://www.quotationspage.com/quotes/Sarah_Ban_Breathnach/
26237,"Americans are benevolently ignorant about Canada, while Canadians are malevolently well informed about the United States.",J. Bartlett Brebner,Americans,https://www.quotationspage.com/quote/26237.html,https://www.quotationspage.com/quotes/J._Bartlett_Brebner/
27575,"Because things are the way they are, things will not stay the way they are.",Bertolt Brecht,,https://www.quotationspage.com/quote/27575.html,https://www.quotationspage.com/quotes/Bertolt_Brecht/
752,Why be a man when you can be a success?,Bertolt Brecht,Success,https://www.quotationspage.com/quote/752.html,https://www.quotationspage.com/quotes/Bertolt_Brecht/
2471,"Do not fear death so much, but rather the inadequate life.",Bertolt Brecht,Death,https://www.quotationspage.com/quote/2471.html,https://www.quotationspage.com/quotes/Bertolt_Brecht/
29642,"For the villainy of the world is great, and a man has to run his legs off to keep them from being stolen out fom underneath him.",Bertolt Brecht,,https://www.quotationspage.com/quote/29642.html,https://www.quotationspage.com/quotes/Bertolt_Brecht/
38064,"I lived what most people call the good life. I was happy, but deep inside I always felt that, with the short amount of time we are given to live and love in this world, we spend too much time loving things instead of people.",Antonia Brenner,,https://www.quotationspage.com/quote/38064.html,https://www.quotationspage.com/quotes/Antonia_Brenner/
1106,The intermediate stage between socialism and capitalism is alcoholism.,Norman Brenner,,https://www.quotationspage.com/quote/1106.html,https://www.quotationspage.com/quotes/Norman_Brenner/
27699,"Rage is the only quality which has kept me, or anybody I have ever studied, writing columns for newspapers.",Jimmy Breslin,Journalism,https://www.quotationspage.com/quote/27699.html,https://www.quotationspage.com/quotes/Jimmy_Breslin/
37711,Photographers deal in things which are continually vanishing and when they have vanished there is no contrivance on earth which can make them come back again.,Henri Cartier Bresson,Photography,https://www.quotationspage.com/quote/37711.html,https://www.quotationspage.com/quotes/Henri_Cartier_Bresson/
31239,"Make visible what, without you, might perhaps never have been seen.",Robert Bresson,,https://www.quotationspage.com/quote/31239.html,https://www.quotationspage.com/quotes/Robert_Bresson/
23687,A lawyer starts life giving $500 worth of law for $5 and ends giving $5 worth for $500.,Benjamin H. Brewster,,https://www.quotationspage.com/quote/23687.html,https://www.quotationspage.com/quotes/Benjamin_H._Brewster/
33475,Then give to the world the best you have. And the best will come back to you.,Madeline Bridges,,https://www.quotationspage.com/quote/33475.html,https://www.quotationspage.com/quotes/Madeline_Bridges/
27135,"Genuine beginnings begin within us, even when they are brought to our attention by external opportunities.",William Bridges,,https://www.quotationspage.com/quote/27135.html,https://www.quotationspage.com/quotes/William_Bridges/
40541,"If Pac-Man had affected us as kids, we'd all be running around in dark rooms, munching pills and listening to repetitive electronic music.",Marcus Bridgstocke,,https://www.quotationspage.com/quote/40541.html,https://www.quotationspage.com/quotes/Marcus_Bridgstocke/
29384,"Boredom is a sign of satisfied ignorance, blunted apprehension, crass sympathies, dull understanding, feeble powers of attention, and irreclaimable weakness of character.",James Bridie,,https://www.quotationspage.com/quote/29384.html,https://www.quotationspage.com/quotes/James_Bridie/
34112,"Computer games don't affect kids, I mean if Pac Man affected us as kids, we'd all be running around in darkened rooms, munching pills and listening to repetitive music.",Marcus Brigstocke,,https://www.quotationspage.com/quote/34112.html,https://www.quotationspage.com/quotes/Marcus_Brigstocke/
2019,The discovery of a new dish does more for human happiness than the discovery of a new star.,Anthelme Brillat-Savarin,Happiness,https://www.quotationspage.com/quote/2019.html,https://www.quotationspage.com/quotes/Anthelme_Brillat-Savarin/
2032,"Tell me what you eat, and I will tell you what you are.",Anthelme Brillat-Savarin,Food,https://www.quotationspage.com/quote/2032.html,https://www.quotationspage.com/quotes/Anthelme_Brillat-Savarin/
40130,"Gaia spins on, silently contemplating what it means to be born into a sarcastic universe.",David Brin,,https://www.quotationspage.com/quote/40130.html,https://www.quotationspage.com/quotes/David_Brin/
23649,"It is said that power corrupts, but actually it's more true that power attracts the corruptible. The sane are usually attracted by other things than power.",David Brin,Power,https://www.quotationspage.com/quote/23649.html,https://www.quotationspage.com/quotes/David_Brin/
25928,Envy can be a positive motivator. Let it inspire you to work harder for what you want.,Robert Bringle,Jealousy,https://www.quotationspage.com/quote/25928.html,https://www.quotationspage.com/quotes/Robert_Bringle/
1351,The one function TV news performs very well is that when there is no news we give it to you with the same emphasis as if there were.,David Brinkley,Television,https://www.quotationspage.com/quote/1351.html,https://www.quotationspage.com/quotes/David_Brinkley/
2929,"Get away from the crowd when you can. Keep yourself to yourself, if only for a few hours daily.",Arthur Brisbane,,https://www.quotationspage.com/quote/2929.html,https://www.quotationspage.com/quotes/Arthur_Brisbane/
26803,A good friend can tell you what is the matter with you in a minute. He may not seem such a good friend after telling.,Arthur Brisbane,Friendship,https://www.quotationspage.com/quote/26803.html,https://www.quotationspage.com/quotes/Arthur_Brisbane/
9975,Always try to do something for the other fellow and you will be agreeably surprised how things come your way - how many pleasing things are done for you.,Claude M. Bristol,,https://www.quotationspage.com/quote/9975.html,https://www.quotationspage.com/quotes/Claude_M._Bristol/
27113,"Undoubtedly, we become what we envisage.",Claude M. Bristol,,https://www.quotationspage.com/quote/27113.html,https://www.quotationspage.com/quotes/Claude_M._Bristol/
753,The crux... is that the vast majority of the mass of the universe seems to be missing.,William J. Broad,,https://www.quotationspage.com/quote/753.html,https://www.quotationspage.com/quotes/William_J._Broad/
1693,Tomatoes and oregano make it Italian; wine and tarragon make it French. Sour cream makes it Russian; lemon and cinnamon make it Greek. Soy sauce makes it Chinese; garlic makes it good.,Alice May Brock,Food,https://www.quotationspage.com/quote/1693.html,https://www.quotationspage.com/quotes/Alice_May_Brock/
40845,A handsome parson is fit for nothing but ti put ideas into the young woman's heads.,Judith Brocklehurst,Ideas,https://www.quotationspage.com/quote/40845.html,https://www.quotationspage.com/quotes/Judith_Brocklehurst/
40846,A young lady who faints may awake chivalrous sentiments in gentleman; a young lady who weeps engenders only a strong desire to be elsewhere.,Judith Brocklehurst,,https://www.quotationspage.com/quote/40846.html,https://www.quotationspage.com/quotes/Judith_Brocklehurst/
40847,"No letter from a lover is ever more welcome, brings more joy, than a publisher's expression of interest does to a new author!",Judith Brocklehurst,Writing,https://www.quotationspage.com/quote/40847.html,https://www.quotationspage.com/quotes/Judith_Brocklehurst/
67,Anybody who wants the presidency so much that he'll spend two years organizing and campaigning for it is not to be trusted with the office.,David Broder,,https://www.quotationspage.com/quote/67.html,https://www.quotationspage.com/quotes/David_Broder/
2704,"Turn your midlife crisis to your own advantage by making it a time for renewal of your body and mind, rather than stand by helplessly and watch them decline.",Jane E. Brody,,https://www.quotationspage.com/quote/2704.html,https://www.quotationspage.com/quotes/Jane_E._Brody/
32439,It's important to begin a search on a full stomach.,Henry Bromel,Food,https://www.quotationspage.com/quote/32439.html,https://www.quotationspage.com/quotes/Henry_Bromel/
32440,"Sometimes when you look back on a situation, you realize it wasn't all you thought it was. A beautiful girl walked into your life. You fell in love. Or did you? Maybe it was only a childish infatuation, or maybe just a brief moment of vanity.",Henry Bromel,Love,https://www.quotationspage.com/quote/32440.html,https://www.quotationspage.com/quotes/Henry_Bromel/
32441,"There's an old saying that if you come back to the place where you became a man, you will remember all those things you need to be happy... That saying never made sense to me, but I thought it was worth a try.",Henry Bromel,,https://www.quotationspage.com/quote/32441.html,https://www.quotationspage.com/quotes/Henry_Bromel/
32438,"They say dreams are the windows of the soul--take a peek and you can see the inner workings, the nuts and bolts.",Henry Bromel,Dreams,https://www.quotationspage.com/quote/32438.html,https://www.quotationspage.com/quotes/Henry_Bromel/
32444,"We all carry around so much pain in our hearts. Love and pain and beauty. They all seem to go together like one little tidy confusing package. It's a messy business, life. It's hard to figure--full of surprises. Some good. Some bad.",Henry Bromel,,https://www.quotationspage.com/quote/32444.html,https://www.quotationspage.com/quotes/Henry_Bromel/
25923,"As I get older, I've learned to listen to people rather than accuse them of things.",Po Bronson,Listening,https://www.quotationspage.com/quote/25923.html,https://www.quotationspage.com/quotes/Po_Bronson/
37259,"And then, the unspeakable purity and freshness of the air! There was just enough heat to enhance the value of the breeze, and just enough wind to keep the whole sea in motion, to make the waves come bounding to the shore, foaming and sparkling, as if wild with glee.",Anne Bronte,Nature,https://www.quotationspage.com/quote/37259.html,https://www.quotationspage.com/quotes/Anne_Bronte/
30727,"It is foolish to wish for beauty. Sensible people never either desire it for themselves or care about it in others. If the mind be but well cultivated, and the heart well disposed, no one ever cares for the exterior.",Anne Bronte,,https://www.quotationspage.com/quote/30727.html,https://www.quotationspage.com/quotes/Anne_Bronte/
1606,A ruffled mind makes a restless pillow.,Charlotte Bronte,,https://www.quotationspage.com/quote/1606.html,https://www.quotationspage.com/quotes/Charlotte_Bronte/
1643,"Cheerfulness, it would appear, is a matter which depends fully as much on the state of things within, as on the state of things without and around us.",Charlotte Bronte,,https://www.quotationspage.com/quote/1643.html,https://www.quotationspage.com/quotes/Charlotte_Bronte/
40005,I try to avoid looking backward and keep looking upward.,Charlotte Bronte,,https://www.quotationspage.com/quote/40005.html,https://www.quotationspage.com/quotes/Charlotte_Bronte/
41790,"It is vain to say human beings might be satisfied with tranquillity; they must have action, and they will make it if they can not find it.",Charlotte Bronte,Mankind,https://www.quotationspage.com/quote/41790.html,https://www.quotationspage.com/quotes/Charlotte_Bronte/
27317,"If all the world hated you and believed you wicked, while your own conscience approved of you and absolved you from guilt, you would not be without friends.",Charlotte Bronte,"Guilt, Conscience",https://www.quotationspage.com/quote/27317.html,https://www.quotationspage.com/quotes/Charlotte_Bronte/
1800,It is in vain to say human beings ought to be satisfied with tranquillity: they must have action; and they will make it if they cannot find it.,Charlotte Bronte,,https://www.quotationspage.com/quote/1800.html,https://www.quotationspage.com/quotes/Charlotte_Bronte/
31240,Use your imagination not to scare yourself to death but to inspire yourself to life.,Adele Brookman,,https://www.quotationspage.com/quote/31240.html,https://www.quotationspage.com/quotes/Adele_Brookman/
39166,How does a project get to be a year behind schedule? One day at a time.,Fred Brooks,,https://www.quotationspage.com/quote/39166.html,https://www.quotationspage.com/quotes/Fred_Brooks/
31305,The greatest conflicts are not between two people but between one person and himself.,Garth Brooks,,https://www.quotationspage.com/quote/31305.html,https://www.quotationspage.com/quotes/Garth_Brooks/
31140,Each body has its art...,Gwendolyn Brooks,Body,https://www.quotationspage.com/quote/31140.html,https://www.quotationspage.com/quotes/Gwendolyn_Brooks/
31119,"To be in love Is to touch with a lighter hand. In yourself you stretch, you are well.",Gwendolyn Brooks,,https://www.quotationspage.com/quote/31119.html,https://www.quotationspage.com/quotes/Gwendolyn_Brooks/
30782,"When you helped somebody, right away you were responsible for that person. And things always followed for which you were never prepared.",Martha Brooks,,https://www.quotationspage.com/quote/30782.html,https://www.quotationspage.com/quotes/Martha_Brooks/
39986,Good taste is the enemy of comedy.,Mel Brooks,,https://www.quotationspage.com/quote/39986.html,https://www.quotationspage.com/quotes/Mel_Brooks/
26750,Humor is just another defense against the universe.,Mel Brooks,Humor,https://www.quotationspage.com/quote/26750.html,https://www.quotationspage.com/quotes/Mel_Brooks/
695,"If God wanted us to fly, He would have given us tickets.",Mel Brooks,,https://www.quotationspage.com/quote/695.html,https://www.quotationspage.com/quotes/Mel_Brooks/
26965,Tragedy is when I cut my finger. Comedy is when you walk into an open sewer and die.,Mel Brooks,Humor,https://www.quotationspage.com/quote/26965.html,https://www.quotationspage.com/quotes/Mel_Brooks/
24899,"That's it baby, when you got it, flaunt it.",Mel Brooks,,https://www.quotationspage.com/quote/24899.html,https://www.quotationspage.com/quotes/Mel_Brooks/
5272,"We shall never understand the natural environment until we see it as a living organism. Land can be healthy or sick, fertile or barren, rich or poor, lovingly nurtured or bled white. Our present attitudes and laws governing the ownership and use of land represent an abuse of the concept of private property.... Today you can murder land for private profit. You can leave the corpse for all to see and nobody calls the cops.",Paul Brooks,Environment,https://www.quotationspage.com/quote/5272.html,https://www.quotationspage.com/quotes/Paul_Brooks/
34459,"Character may be manifested in the great moments, but it is made in the small ones.",Phillips Brooks,,https://www.quotationspage.com/quote/34459.html,https://www.quotationspage.com/quotes/Phillips_Brooks/
2815,"Do not pray for easy lives. Pray to be stronger men. Do not pray for tasks equal to your powers. Pray for powers equal to your tasks. Then the doing of your work shall be no miracle, but you shall be the miracle.",Phillips Brooks,Prayer,https://www.quotationspage.com/quote/2815.html,https://www.quotationspage.com/quotes/Phillips_Brooks/
38939,Anger repressed can poison a relationship as surely as the cruelest words.,Dr. Joyce Brothers,,https://www.quotationspage.com/quote/38939.html,https://www.quotationspage.com/quotes/Dr._Joyce_Brothers/
11773,"Listening, not imitation, may be the sincerest form of flattery.",Dr. Joyce Brothers,,https://www.quotationspage.com/quote/11773.html,https://www.quotationspage.com/quotes/Dr._Joyce_Brothers/
11840,"Marriage is not just spiritual communion, it is also remembering to take out the trash.",Dr. Joyce Brothers,,https://www.quotationspage.com/quote/11840.html,https://www.quotationspage.com/quotes/Dr._Joyce_Brothers/
11479,"No matter how love-sick a woman is, she shouldn't take the first pill that comes along.",Dr. Joyce Brothers,,https://www.quotationspage.com/quote/11479.html,https://www.quotationspage.com/quotes/Dr._Joyce_Brothers/
2953,"No matter how much pressure you feel at work, if you could find ways to relax for at least five minutes every hour, you'd be more productive.",Dr. Joyce Brothers,Relaxation,https://www.quotationspage.com/quote/2953.html,https://www.quotationspage.com/quotes/Dr._Joyce_Brothers/
29227,It was the boast of Augustus that he found Rome of brick and left it of marble. But how much nobler will be the sovereign's boast when he shall have it to say that he found law... a sealed book and left it a living letter; found it the patrimony of the rich and left it the inheritance of the poor; found it the two-edged sword of craft and oppression and left it the staff of honesty and the shield of innocence.,Henry Brougham,Laws,https://www.quotationspage.com/quote/29227.html,https://www.quotationspage.com/quotes/Henry_Brougham/
42011,"Appeasers believe that if you keep on throwing steaks to a tire, the tiger will become a vegetarian.",Heywood Broun,,https://www.quotationspage.com/quote/42011.html,https://www.quotationspage.com/quotes/Heywood_Broun/
26848,Nobody talks so constantly about God as those who insist that there is no God.,Heywood Broun,Atheism,https://www.quotationspage.com/quote/26848.html,https://www.quotationspage.com/quotes/Heywood_Broun/
39129,Sports do not build character. They reveal it.,Heywood Broun,Sports,https://www.quotationspage.com/quote/39129.html,https://www.quotationspage.com/quotes/Heywood_Broun/
3249,A technical objection is the first refuge of a scoundrel.,Heywood Broun,,https://www.quotationspage.com/quote/3249.html,https://www.quotationspage.com/quotes/Heywood_Broun/
33805,Posterity is as likely to be wrong as anyone else.,Heywood Broun,,https://www.quotationspage.com/quote/33805.html,https://www.quotationspage.com/quotes/Heywood_Broun/
944,Realism...has no more to do with reality than anything else.,Hob Broun,Reality,https://www.quotationspage.com/quote/944.html,https://www.quotationspage.com/quotes/Hob_Broun/
23557,I'm not a vegetarian because I love animals. I'm a vegetarian because I hate plants.,A. Whitney Brown,,https://www.quotationspage.com/quote/23557.html,https://www.quotationspage.com/quotes/A._Whitney_Brown/
755,"That is the saving grace of humor, if you fail no one is laughing at you.",A. Whitney Brown,Humor,https://www.quotationspage.com/quote/755.html,https://www.quotationspage.com/quotes/A._Whitney_Brown/
41624,"We have too many people who live without working, and we have altogether too many people who work without living.",Charles Reynolds Brown,Work,https://www.quotationspage.com/quote/41624.html,https://www.quotationspage.com/quotes/Charles_Reynolds_Brown/
27235,"Engineering is not merely knowing and being knowledgeable, like a walking encyclopedia; engineering is not merely analysis; engineering is not merely the possession of the capacity to get elegant solutions to non-existent engineering problems; engineering is practicing the art of the organized forcing of technological change... Engineers operate at the interface between science and society...",Dean Gordon Brown,Engineering,https://www.quotationspage.com/quote/27235.html,https://www.quotationspage.com/quotes/Dean_Gordon_Brown/
34586,"Every once in a while, take the scenic route.",H. Jackson Brown Jr.,,https://www.quotationspage.com/quote/34586.html,https://www.quotationspage.com/quotes/H._Jackson_Brown_Jr./
31681,Never deprive someone of hope; it might be all they have.,H. Jackson Brown Jr.,Hope,https://www.quotationspage.com/quote/31681.html,https://www.quotationspage.com/quotes/H._Jackson_Brown_Jr./
33483,"Strive for excellence, not perfection.",H. Jackson Brown Jr.,Excellence,https://www.quotationspage.com/quote/33483.html,https://www.quotationspage.com/quotes/H._Jackson_Brown_Jr./
27579,Money doesn't always bring happiness. People with ten million dollars are no happier than people with nine million dollars.,Hobart Brown,,https://www.quotationspage.com/quote/27579.html,https://www.quotationspage.com/quotes/Hobart_Brown/
38973,Everyone has his burden; what counts is how you carry it.,Joe Brown and David Brown,,https://www.quotationspage.com/quote/38973.html,https://www.quotationspage.com/quotes/Joe_Brown_and_David_Brown/
29521,"Be mild with the mild, shrewd with the crafty, confiding to the honest, rough to the ruffian, and a thunderbolt to the liar. But in all this, never be unmindful of your own dignity.",John Brown,Dignity,https://www.quotationspage.com/quote/29521.html,https://www.quotationspage.com/quotes/John_Brown/
3150,She knows what is the best purpose of education: not to be frightened by the best but to treat it as part of daily life.,John Mason Brown,Education,https://www.quotationspage.com/quote/3150.html,https://www.quotationspage.com/quotes/John_Mason_Brown/
756,He played the king as if afraid someone else would play the ace.,John Mason Brown,,https://www.quotationspage.com/quote/756.html,https://www.quotationspage.com/quotes/John_Mason_Brown/
33773,Fear does not have any special power unless you empower it by submitting to it.,Les Brown,,https://www.quotationspage.com/quote/33773.html,https://www.quotationspage.com/quotes/Les_Brown/
39039,Socialism failed because it couldn't tell the economic truth; capitalism may fail because it couldn't tell the ecological truth.,Lester Brown,Economics,https://www.quotationspage.com/quote/39039.html,https://www.quotationspage.com/quotes/Lester_Brown/
25920,"When you win, say nothing. When you lose, say less.",Paul Brown,,https://www.quotationspage.com/quote/25920.html,https://www.quotationspage.com/quotes/Paul_Brown/
39769,"Computer dating is fine, if youâ€™re a computer.",Rita Mae Brown,,https://www.quotationspage.com/quote/39769.html,https://www.quotationspage.com/quotes/Rita_Mae_Brown/
31252,Creativity comes from trust. Trust your instincts.,Rita Mae Brown,Instinct,https://www.quotationspage.com/quote/31252.html,https://www.quotationspage.com/quotes/Rita_Mae_Brown/
1687,"For you to be successful, sacrifices must be made. It's better that they are made by others but failing that, you'll have to make them yourself.",Rita Mae Brown,,https://www.quotationspage.com/quote/1687.html,https://www.quotationspage.com/quotes/Rita_Mae_Brown/
40709,"Good judgment comes from experience, and often experience comes from bad judgment.",Rita Mae Brown,,https://www.quotationspage.com/quote/40709.html,https://www.quotationspage.com/quotes/Rita_Mae_Brown/
36724,Humor comes from self-confidence. There's an aggressive element to wit.,Rita Mae Brown,,https://www.quotationspage.com/quote/36724.html,https://www.quotationspage.com/quotes/Rita_Mae_Brown/
27612,I finally figured out the only reason to be alive is to enjoy it.,Rita Mae Brown,,https://www.quotationspage.com/quote/27612.html,https://www.quotationspage.com/quotes/Rita_Mae_Brown/
1254,One of the keys to happiness is a bad memory.,Rita Mae Brown,Happiness,https://www.quotationspage.com/quote/1254.html,https://www.quotationspage.com/quotes/Rita_Mae_Brown/
1380,"The statistics on sanity are that one out of every four Americans is suffering from some form of mental illness. Think of your three best friends. If they're okay, then it's you.",Rita Mae Brown,Sanity,https://www.quotationspage.com/quote/1380.html,https://www.quotationspage.com/quotes/Rita_Mae_Brown/
1759,"Language exerts hidden power, like a moon on the tides.",Rita Mae Brown,Language,https://www.quotationspage.com/quote/1759.html,https://www.quotationspage.com/quotes/Rita_Mae_Brown/
25927,The reward for conformity was that everyone liked you except yourself.,Rita Mae Brown,,https://www.quotationspage.com/quote/25927.html,https://www.quotationspage.com/quotes/Rita_Mae_Brown/
1400,Never offend people with style when you can offend them with substance.,Sam Brown,,https://www.quotationspage.com/quote/1400.html,https://www.quotationspage.com/quotes/Sam_Brown/
2587,Be charitable before wealth makes thee covetous.,Sir Thomas Browne,"Charity, Wealth",https://www.quotationspage.com/quote/2587.html,https://www.quotationspage.com/quotes/Sir_Thomas_Browne/
3061,"Be substantially great in thyself, and more than thou appearest unto others.",Sir Thomas Browne,,https://www.quotationspage.com/quote/3061.html,https://www.quotationspage.com/quotes/Sir_Thomas_Browne/
3119,"There is surely a piece of divinity in us, something that was before the elements, and owes no homage unto the sun.",Sir Thomas Browne,,https://www.quotationspage.com/quote/3119.html,https://www.quotationspage.com/quotes/Sir_Thomas_Browne/
2289,Measure not the work until the day's out and the labor done.,Elizabeth Barrett Browning,Work,https://www.quotationspage.com/quote/2289.html,https://www.quotationspage.com/quotes/Elizabeth_Barrett_Browning/
8494,Since when was genius found respectable?,Elizabeth Barrett Browning,,https://www.quotationspage.com/quote/8494.html,https://www.quotationspage.com/quotes/Elizabeth_Barrett_Browning/
2170,A minute's success pays the failure of years.,Robert Browning,"Success, Failure",https://www.quotationspage.com/quote/2170.html,https://www.quotationspage.com/quotes/Robert_Browning/
26033,"Ah, but a man's reach should exceed his grasp - or what's a heaven for?",Robert Browning,,https://www.quotationspage.com/quote/26033.html,https://www.quotationspage.com/quotes/Robert_Browning/
29412,Grow old along with me the best is yet to be.,Robert Browning,,https://www.quotationspage.com/quote/29412.html,https://www.quotationspage.com/quotes/Robert_Browning/
29379,"I show you doubt, to prove that faith exists.",Robert Browning,Doubt,https://www.quotationspage.com/quote/29379.html,https://www.quotationspage.com/quotes/Robert_Browning/
29300,Ignorance is not innocence but sin.,Robert Browning,Ignorance,https://www.quotationspage.com/quote/29300.html,https://www.quotationspage.com/quotes/Robert_Browning/
31114,"What's the earth With all its art, verse, music, worth - Compared with love, found, gained, and kept?",Robert Browning,,https://www.quotationspage.com/quote/31114.html,https://www.quotationspage.com/quotes/Robert_Browning/
3116,"Why comes temptation, but for man to meet and master and crouch beneath his foot, and so be pedestaled in triumph?",Robert Browning,Temptation,https://www.quotationspage.com/quote/3116.html,https://www.quotationspage.com/quotes/Robert_Browning/
24901,I think we might be going a bridge too far.,Sir Frederick Browning,,https://www.quotationspage.com/quote/24901.html,https://www.quotationspage.com/quotes/Sir_Frederick_Browning/
581,"There was a time when we expected nothing of our children but obedience, as opposed to the present, when we expect everything of them but obedience.",Anatole Broyard,Children,https://www.quotationspage.com/quote/581.html,https://www.quotationspage.com/quotes/Anatole_Broyard/
23661,Communism is like one big phone company.,Lenny Bruce,Communism,https://www.quotationspage.com/quote/23661.html,https://www.quotationspage.com/quotes/Lenny_Bruce/
30697,"When you are eight years old, nothing is any of your business.",Lenny Bruce,,https://www.quotationspage.com/quote/30697.html,https://www.quotationspage.com/quotes/Lenny_Bruce/
29427,Property has its duties as well as its rights.,Thomas Brummond,Duty,https://www.quotationspage.com/quote/29427.html,https://www.quotationspage.com/quotes/Thomas_Brummond/
27692,Boxing is just show business with blood.,Frank Bruno,,https://www.quotationspage.com/quote/27692.html,https://www.quotationspage.com/quotes/Frank_Bruno/
39941,Children have neither past nor future; they enjoy the present.,Jean de la Bruyere,The Future,https://www.quotationspage.com/quote/39941.html,https://www.quotationspage.com/quotes/Jean_de_la_Bruyere/
29475,"Discourtesy does not spring merely from one bad quality, but from several--from foolish vanity, from ignorance of what is due to others, from indolence, from stupidity, from distraction of thought, from contempt of others, from jealousy.",Jean de la Bruyere,,https://www.quotationspage.com/quote/29475.html,https://www.quotationspage.com/quotes/Jean_de_la_Bruyere/
37987,"It is fortunate to be of high birth, but it is no less so to be of such character that people do not care to know whether you are or are not.",Jean de la Bruyere,,https://www.quotationspage.com/quote/37987.html,https://www.quotationspage.com/quotes/Jean_de_la_Bruyere/
41924,The shortest and best ways to make your fortune is to let people see clearly that it is in their interests to promote yours.,Jean de la Bruyere,,https://www.quotationspage.com/quote/41924.html,https://www.quotationspage.com/quotes/Jean_de_la_Bruyere/
41836,The slave has but one master; the ambitious man has as many as can help him in making his fortune.,Jean de la Bruyere,,https://www.quotationspage.com/quote/41836.html,https://www.quotationspage.com/quotes/Jean_de_la_Bruyere/
31232,Many men can make a fortune but very few can build a family.,J. S. Bryan,Fortune,https://www.quotationspage.com/quote/31232.html,https://www.quotationspage.com/quotes/J._S._Bryan/
29381,An orator is a man who says what he thinks and feels what he says.,William Jennings Bryan,,https://www.quotationspage.com/quote/29381.html,https://www.quotationspage.com/quotes/William_Jennings_Bryan/
2264,"Destiny is no matter of chance. It is a matter of choice. It is not a thing to be waited for, it is a thing to be achieved.",William Jennings Bryan,"Chance, Destiny",https://www.quotationspage.com/quote/2264.html,https://www.quotationspage.com/quotes/William_Jennings_Bryan/
26982,No one can earn a million dollars honestly.,William Jennings Bryan,Money,https://www.quotationspage.com/quote/26982.html,https://www.quotationspage.com/quotes/William_Jennings_Bryan/
39901,"I don't hire anybody who's not brighter than I am. If they're not brighter than I am, I don't need them.","Paul ""Bear"" Bryant",,https://www.quotationspage.com/quote/39901.html,https://www.quotationspage.com/quotes/Paul_%22Bear%22_Bryant/
39900,It's not the will to win that matters...everyone has that. It's the will to prepare to win that matters.,"Paul ""Bear"" Bryant",,https://www.quotationspage.com/quote/39900.html,https://www.quotationspage.com/quotes/Paul_%22Bear%22_Bryant/
39902,"When you make a mistake, there are only three things you should ever do about it: admit it, learn from it, and don't repeat it.","Paul ""Bear"" Bryant",,https://www.quotationspage.com/quote/39902.html,https://www.quotationspage.com/quotes/Paul_%22Bear%22_Bryant/
39903,You never know how a horse will pull until you hook him up to a heavy load.,"Paul ""Bear"" Bryant",,https://www.quotationspage.com/quote/39903.html,https://www.quotationspage.com/quotes/Paul_%22Bear%22_Bryant/
68,An atheist is a man who has no invisible means of support.,John Buchan,Atheism,https://www.quotationspage.com/quote/68.html,https://www.quotationspage.com/quotes/John_Buchan/
31691,True friends are those who really know you but love you anyway.,Edna Buchanan,,https://www.quotationspage.com/quote/31691.html,https://www.quotationspage.com/quotes/Edna_Buchanan/
38999,"Happiness comes more from loving than being loved; and often when our affection seems wounded it is only our vanity bleeding. To love, and to be hurt often, and to love again - this is the brave and happy life.",J. E. Buchrose,,https://www.quotationspage.com/quote/38999.html,https://www.quotationspage.com/quotes/J._E._Buchrose/
1344,You can't make up anything anymore. The world itself is a satire. All you're doing is recording it.,Art Buchwald,,https://www.quotationspage.com/quote/1344.html,https://www.quotationspage.com/quotes/Art_Buchwald/
1740,A good marriage is one which allows for change and growth in the individuals and in the way they express their love.,Pearl Buck,Marriage,https://www.quotationspage.com/quote/1740.html,https://www.quotationspage.com/quotes/Pearl_Buck/
1704,At my age the bones are water in the morning until food is given them.,Pearl Buck,"Food, Age, Morning",https://www.quotationspage.com/quote/1704.html,https://www.quotationspage.com/quotes/Pearl_Buck/
3104,"Every great mistake has a halfway moment, a split second when it can be recalled and perhaps remedied.",Pearl Buck,Mistakes,https://www.quotationspage.com/quote/3104.html,https://www.quotationspage.com/quotes/Pearl_Buck/
1723,Inside myself is a place where I live all alone and that's where you renew your springs that never dry up.,Pearl Buck,Loneliness,https://www.quotationspage.com/quote/1723.html,https://www.quotationspage.com/quotes/Pearl_Buck/
1569,Order is the shape upon which beauty depends.,Pearl Buck,Beauty,https://www.quotationspage.com/quote/1569.html,https://www.quotationspage.com/quotes/Pearl_Buck/
39074,"The truly creative mind in any field is no more than this: A human creature born abnormally, inhumanely sensitive. To them... a touch is a blow, a sound is a noise, a misfortune is a tragedy, a joy is an ecstasy, a friend is a lover, a lover is a god, and failure is death.Add to this cruelly delicate organism the overpowering necessity to create, create, create -- so that without the creating of music or poetry or books or buildings or something of meaning, their very breath is cut off...They must create, must pour out creation. By some strange, unknown, inward urgency they are not really alive unless they are creating.",Pearl Buck,,https://www.quotationspage.com/quote/39074.html,https://www.quotationspage.com/quotes/Pearl_Buck/
30124,"There are many ways of breaking a heart. Stories were full of hearts broken by love, but what really broke a heart was taking away its dream - whatever that dream might be.",Pearl Buck,,https://www.quotationspage.com/quote/30124.html,https://www.quotationspage.com/quotes/Pearl_Buck/
31219,"There is an alchemy in sorrow. It can be transmuted into wisdom, which, if it does not bring joy, can yet bring happiness.",Pearl Buck,Joy,https://www.quotationspage.com/quote/31219.html,https://www.quotationspage.com/quotes/Pearl_Buck/
33508,"Some are kissing mothers and some are scolding mothers, but it is love just the same.",Pearl Buck,Parents,https://www.quotationspage.com/quote/33508.html,https://www.quotationspage.com/quotes/Pearl_Buck/
1780,The secret of joy in work is contained in one word - excellence. To know how to do something well is to enjoy it.,Pearl Buck,Excellence,https://www.quotationspage.com/quote/1780.html,https://www.quotationspage.com/quotes/Pearl_Buck/
41495,Perhaps one has to be very old before one learns how to be amused rather than shocked.,Pearl S. Buck,Age,https://www.quotationspage.com/quote/41495.html,https://www.quotationspage.com/quotes/Pearl_S._Buck/
41286,"Yet somehow our society must make it right and possible for old people not to fear the young or be deserted by them, for the test of a civilization is in the way that it cares for its helpless members.",Pearl S. Buck,Age,https://www.quotationspage.com/quote/41286.html,https://www.quotationspage.com/quotes/Pearl_S._Buck/
41022,People are always trying to [mess] up other people's live's by telling lies about 'em. You wanna really [mess] somebody's life up? Tell the truth about 'em. They ain't never gonna be the same.,Brian Buckner,,https://www.quotationspage.com/quote/41022.html,https://www.quotationspage.com/quotes/Brian_Buckner/
40495,Any woman with a purse that big's bound to have somethin' in it that I don't wanna know about.,Brian Buckner,,https://www.quotationspage.com/quote/40495.html,https://www.quotationspage.com/quotes/Brian_Buckner/
40496,"There comes a point in life when you realize everything you know about yourself, it's all just conditioning. It's the rare man who truly know who he is.",Brian Buckner,,https://www.quotationspage.com/quote/40496.html,https://www.quotationspage.com/quotes/Brian_Buckner/
39801,Holding onto anger is like grasping onto a hot coal with the intent of throwing it at someone else. You are the one who gets burned.,Buddha,,https://www.quotationspage.com/quote/39801.html,https://www.quotationspage.com/quotes/Buddha/
30999,"If you knew what I know about the power of giving, you would not let a single meal pass without sharing it in some way.",Buddha,,https://www.quotationspage.com/quote/30999.html,https://www.quotationspage.com/quotes/Buddha/
40272,"The thought manifests as the word;The word manifests as the deed;The deed develops into habit;And habit hardens into character;So watch the thought and its ways with care,And let it spring from loveBorn out of concern for all beingsâ€¦As the shadow follows the body,As we think, so we become.",Buddha,,https://www.quotationspage.com/quote/40272.html,https://www.quotationspage.com/quotes/Buddha/
25372,"Hatred does not cease in this world by hating, but by not hating; this is an eternal truth.",Buddha,Hatred,https://www.quotationspage.com/quote/25372.html,https://www.quotationspage.com/quotes/Buddha/
32939,"If we couldn't laugh, we would all go insane.",Jimmy Buffett,Laughter,https://www.quotationspage.com/quote/32939.html,https://www.quotationspage.com/quotes/Jimmy_Buffett/
27360,Indecision may or may not be my problem.,Jimmy Buffett,,https://www.quotationspage.com/quote/27360.html,https://www.quotationspage.com/quotes/Jimmy_Buffett/
37604,It takes no more time to see the good side of life than to see the bad.,Jimmy Buffett,,https://www.quotationspage.com/quote/37604.html,https://www.quotationspage.com/quotes/Jimmy_Buffett/
27359,We are the people our parents warned us about.,Jimmy Buffett,,https://www.quotationspage.com/quote/27359.html,https://www.quotationspage.com/quotes/Jimmy_Buffett/
997,"If the Phone Doesn't Ring, It's Me",Jimmy Buffett,,https://www.quotationspage.com/quote/997.html,https://www.quotationspage.com/quotes/Jimmy_Buffett/
36112,I don't look to jump over 7-foot bars; I look around for 1-foot bars that I can step over.,Warren Buffett,,https://www.quotationspage.com/quote/36112.html,https://www.quotationspage.com/quotes/Warren_Buffett/
32917,I violated the Noah rule: Predicting rain doesn't count; building arks does.,Warren Buffett,,https://www.quotationspage.com/quote/32917.html,https://www.quotationspage.com/quotes/Warren_Buffett/
32918,"If you have a harem of 40 women, you never get to know any of them very well.",Warren Buffett,,https://www.quotationspage.com/quote/32918.html,https://www.quotationspage.com/quotes/Warren_Buffett/
25953,"In the business world, the rearview mirror is always clearer than the windshield.",Warren Buffett,Business,https://www.quotationspage.com/quote/25953.html,https://www.quotationspage.com/quotes/Warren_Buffett/
32919,It's only when the tide goes out that you discover who's been swimming naked.,Warren Buffett,,https://www.quotationspage.com/quote/32919.html,https://www.quotationspage.com/quotes/Warren_Buffett/
39123,Most people get interested in stocks when everyone else is. The time to get interested is when no one else is. You can't buy what is popular and do well.,Warren Buffett,,https://www.quotationspage.com/quote/39123.html,https://www.quotationspage.com/quotes/Warren_Buffett/
39122,Price is what you pay. Value is what you get.,Warren Buffett,,https://www.quotationspage.com/quote/39122.html,https://www.quotationspage.com/quotes/Warren_Buffett/
1274,The only time to buy these is on a day with no 'y' in it.,Warren Buffett,,https://www.quotationspage.com/quote/1274.html,https://www.quotationspage.com/quotes/Warren_Buffett/
40087,I won't close down a business of subnormal profitability merely to add a fraction of a point to our corporate returns. I also feel it inappropriate for even an exceptionally profitable company to fund an operation once it appears to have unending losses in prospect. Adam Smith would disagree with my first proposition and Karl Marx would disagree with my second; the middle ground is the only position that leaves me comfortable.,Warren Buffett,,https://www.quotationspage.com/quote/40087.html,https://www.quotationspage.com/quotes/Warren_Buffett/
2765,Never think that God's delays are God's denials. Hold on; hold fast; hold out. Patience is genius.,Comte de Buffon,,https://www.quotationspage.com/quote/2765.html,https://www.quotationspage.com/quotes/Comte_de_Buffon/
40258,"I am an atheist, myself. A simple faith, but a great comfort to me, in these last days.",Lois McMaster Bujold,Atheism,https://www.quotationspage.com/quote/40258.html,https://www.quotationspage.com/quotes/Lois_McMaster_Bujold/
30946,Guard your honor. Let your reputation fall where it will. And outlive the bastards.,Lois McMaster Bujold,Honor,https://www.quotationspage.com/quote/30946.html,https://www.quotationspage.com/quotes/Lois_McMaster_Bujold/
30945,Reputation is what other people know about you. Honor is what you know about yourself.,Lois McMaster Bujold,Honor,https://www.quotationspage.com/quote/30945.html,https://www.quotationspage.com/quotes/Lois_McMaster_Bujold/
25893,"Any community's arm of force - military, police, security - needs people in it who can do necessary evil, and yet not be made evil by it. To do only the necessary and no more. To constantly question the assumptions, to stop the slide into atrocity.",Lois McMaster Bujold,,https://www.quotationspage.com/quote/25893.html,https://www.quotationspage.com/quotes/Lois_McMaster_Bujold/
25894,"But pain... seems to me an insufficient reason not to embrace life. Being dead is quite painless. Pain, like time, is going to come on regardless. Question is, what glorious moments can you win from life in addition to the pain?",Lois McMaster Bujold,,https://www.quotationspage.com/quote/25894.html,https://www.quotationspage.com/quotes/Lois_McMaster_Bujold/
25896,"Children might or might not be a blessing, but to create them and then fail them was surely damnation.",Lois McMaster Bujold,Children,https://www.quotationspage.com/quote/25896.html,https://www.quotationspage.com/quotes/Lois_McMaster_Bujold/
25889,"Experience suggests it doesn't matter so much how you got here, as what you do after you arrive.",Lois McMaster Bujold,,https://www.quotationspage.com/quote/25889.html,https://www.quotationspage.com/quotes/Lois_McMaster_Bujold/
25892,Good soldiers never pass up a chance to eat or sleep. They never know how much they'll be called on to do before the next chance.,Lois McMaster Bujold,,https://www.quotationspage.com/quote/25892.html,https://www.quotationspage.com/quotes/Lois_McMaster_Bujold/
25890,"My home is not a place, it is people.",Lois McMaster Bujold,Home,https://www.quotationspage.com/quote/25890.html,https://www.quotationspage.com/quotes/Lois_McMaster_Bujold/
25891,Our children change us... whether they live or not.,Lois McMaster Bujold,Children,https://www.quotationspage.com/quote/25891.html,https://www.quotationspage.com/quotes/Lois_McMaster_Bujold/
25895,Suicidal glory is the luxury of the irresponsible. We're not giving up. We're waiting for a better opportunity to win.,Lois McMaster Bujold,,https://www.quotationspage.com/quote/25895.html,https://www.quotationspage.com/quotes/Lois_McMaster_Bujold/
25884,"If you want to catch something, running after it isn't always the best way.",Lois McMaster Bujold,,https://www.quotationspage.com/quote/25884.html,https://www.quotationspage.com/quotes/Lois_McMaster_Bujold/
27319,"The will to be stupid is a very powerful force, but there are always alternatives.",Lois McMaster Bujold,,https://www.quotationspage.com/quote/27319.html,https://www.quotationspage.com/quotes/Lois_McMaster_Bujold/
25903,"His mother had often said, When you choose an action, you choose the consequences of that action. She had emphasized the corollary of this axiom even more vehemently: when you desired a consequence you had damned well better take the action that would create it.",Lois McMaster Bujold,,https://www.quotationspage.com/quote/25903.html,https://www.quotationspage.com/quotes/Lois_McMaster_Bujold/
25901,"How could you be a Great Man if history brought you no Great Events, or brought you to them at the wrong time, too young, too old?",Lois McMaster Bujold,,https://www.quotationspage.com/quote/25901.html,https://www.quotationspage.com/quotes/Lois_McMaster_Bujold/
25902,I am who I choose to be. I always have been what I choseâ€¦though not always what I pleased.,Lois McMaster Bujold,,https://www.quotationspage.com/quote/25902.html,https://www.quotationspage.com/quotes/Lois_McMaster_Bujold/
25905,"If you can't do what you want, do what you can.",Lois McMaster Bujold,,https://www.quotationspage.com/quote/25905.html,https://www.quotationspage.com/quotes/Lois_McMaster_Bujold/
25900,It was never what I wanted to buy that held my heart's hope. It was what I wanted to be.,Lois McMaster Bujold,,https://www.quotationspage.com/quote/25900.html,https://www.quotationspage.com/quotes/Lois_McMaster_Bujold/
25904,"Some prices are just too high, no matter how much you may want the prize. The one thing you can't trade for your heart's desire is your heart.",Lois McMaster Bujold,Desire,https://www.quotationspage.com/quote/25904.html,https://www.quotationspage.com/quotes/Lois_McMaster_Bujold/
25899,You try to give away what you want yourself.,Lois McMaster Bujold,Giving,https://www.quotationspage.com/quote/25899.html,https://www.quotationspage.com/quotes/Lois_McMaster_Bujold/
25907,I don't confuse greatness with perfection. To be great anyhow isâ€¦the higher achievement.,Lois McMaster Bujold,"Perfection, Greatness",https://www.quotationspage.com/quote/25907.html,https://www.quotationspage.com/quotes/Lois_McMaster_Bujold/21
25906,"It's important that someone celebrate our existence... People are the only mirror we have to see ourselves in. The domain of all meaning. All virtue, all evil, are contained only in people. There is none in the universe at large. Solitary confinement is a punishment in every human culture.",Lois McMaster Bujold,,https://www.quotationspage.com/quote/25906.html,https://www.quotationspage.com/quotes/Lois_McMaster_Bujold/21
25888,An honor is not diminished for being shared.,Lois McMaster Bujold,Honor,https://www.quotationspage.com/quote/25888.html,https://www.quotationspage.com/quotes/Lois_McMaster_Bujold/21
25887,"Exile, for no other motive than ease, would be the last defeat, with no seed of future victory in it.",Lois McMaster Bujold,"Defeat, Victory",https://www.quotationspage.com/quote/25887.html,https://www.quotationspage.com/quotes/Lois_McMaster_Bujold/21
25885,A weapon is a device for making your enemy change his mind.,Lois McMaster Bujold,,https://www.quotationspage.com/quote/25885.html,https://www.quotationspage.com/quotes/Lois_McMaster_Bujold/21
25886,"War is not its own end, except in some catastrophic slide into absolute damnation. It's peace that's wanted. Some better peace than the one you started with.",Lois McMaster Bujold,War,https://www.quotationspage.com/quote/25886.html,https://www.quotationspage.com/quotes/Lois_McMaster_Bujold/21
25898,"If you're trying to take a roomful of people by surprise, it's a lot easier to hit your targets if you don't yell going through the door.",Lois McMaster Bujold,,https://www.quotationspage.com/quote/25898.html,https://www.quotationspage.com/quotes/Lois_McMaster_Bujold/21
30948,A hundred objective measurements didn't sum the worth of a garden; only the delight of its users did that. Only the use made it mean something.,Lois McMaster Bujold,,https://www.quotationspage.com/quote/30948.html,https://www.quotationspage.com/quotes/Lois_McMaster_Bujold/21
30949,"A tactical retreat is not a bad response to a surprise assault, you know. First you survive. Then you choose your own ground. Then you counterattack.",Lois McMaster Bujold,,https://www.quotationspage.com/quote/30949.html,https://www.quotationspage.com/quotes/Lois_McMaster_Bujold/21
30943,"Adulthood isn't an award they'll give you for being a good child. You can waste... years, trying to get someone to give that respect to you, as though it were a sort of promotion or raise in pay. If only you do enough, if only you are good enough. No. You have to just... take it. Give it to yourself, I suppose. Say, I'm sorry you feel like that and walk away. But that's hard.",Lois McMaster Bujold,Maturity,https://www.quotationspage.com/quote/30943.html,https://www.quotationspage.com/quotes/Lois_McMaster_Bujold/21
30939,Adversity does teach who your real friends are.,Lois McMaster Bujold,"Friendship, Adversity",https://www.quotationspage.com/quote/30939.html,https://www.quotationspage.com/quotes/Lois_McMaster_Bujold/21
30947,"Honesty is the only way with anyone, when you'll be so close as to be living inside each other's skins.",Lois McMaster Bujold,Love,https://www.quotationspage.com/quote/30947.html,https://www.quotationspage.com/quotes/Lois_McMaster_Bujold/21
30950,"If power was an illusion, wasn't weakness necessarily one also?",Lois McMaster Bujold,Power,https://www.quotationspage.com/quote/30950.html,https://www.quotationspage.com/quotes/Lois_McMaster_Bujold/21
30944,"Never... ever suggest they don't have to pay you. What they pay for, they'll value. What they get for free, they'll take for granted, and then demand as a right. Hold them up for all the market will bear.",Lois McMaster Bujold,,https://www.quotationspage.com/quote/30944.html,https://www.quotationspage.com/quotes/Lois_McMaster_Bujold/21
30941,"When you give each other everything, it becomes an even trade. Each wins all.",Lois McMaster Bujold,Love,https://www.quotationspage.com/quote/30941.html,https://www.quotationspage.com/quotes/Lois_McMaster_Bujold/21
30938,"You couldn't be that good and not know it, somewhere in your secret heart, however much you'd been abused into affecting public humility.",Lois McMaster Bujold,Humility,https://www.quotationspage.com/quote/30938.html,https://www.quotationspage.com/quotes/Lois_McMaster_Bujold/21
30942,"You don't pay back your parents. You can't. The debt you owe them gets collected by your children, who hand it down in turn. It's a sort of entailment. Or if you don't have children of the body, it's left as a debt to your common humanity. Or to your God, if you possess or are possessed by one.",Lois McMaster Bujold,Children,https://www.quotationspage.com/quote/30942.html,https://www.quotationspage.com/quotes/Lois_McMaster_Bujold/21
30940,You have to be careful who you let define your good.,Lois McMaster Bujold,,https://www.quotationspage.com/quote/30940.html,https://www.quotationspage.com/quotes/Lois_McMaster_Bujold/21
27089,"If the truth doesn't save us, what does that say about us?",Lois McMaster Bujold,"Honor, Honesty",https://www.quotationspage.com/quote/27089.html,https://www.quotationspage.com/quotes/Lois_McMaster_Bujold/21
27088,"If you make it plain you like people, it's hard for them to resist liking you back.",Lois McMaster Bujold,Friendship,https://www.quotationspage.com/quote/27088.html,https://www.quotationspage.com/quotes/Lois_McMaster_Bujold/21
27090,The dead cannot cry out for justice; it is a duty of the living to do so for them.,Lois McMaster Bujold,"Death, Justice, Duty",https://www.quotationspage.com/quote/27090.html,https://www.quotationspage.com/quotes/Lois_McMaster_Bujold/41
27245,A good friend of my son's is a son to me.,Lois McMaster Bujold,Friendship,https://www.quotationspage.com/quote/27245.html,https://www.quotationspage.com/quotes/Lois_McMaster_Bujold/41
27244,I take it as a man's duty to restrain himself.,Lois McMaster Bujold,"Character, Duty",https://www.quotationspage.com/quote/27244.html,https://www.quotationspage.com/quotes/Lois_McMaster_Bujold/41
27246,Some men just aren't cut out for paternity. Better they should realize it before and not after they become responsible for a son.,Lois McMaster Bujold,"Parents, Children",https://www.quotationspage.com/quote/27246.html,https://www.quotationspage.com/quotes/Lois_McMaster_Bujold/41
27243,"There are always survivors at a massacre. Among the victors, if nowhere else.",Lois McMaster Bujold,Victory,https://www.quotationspage.com/quote/27243.html,https://www.quotationspage.com/quotes/Lois_McMaster_Bujold/41
27163,What you are is a question only you can answer.,Lois McMaster Bujold,,https://www.quotationspage.com/quote/27163.html,https://www.quotationspage.com/quotes/Lois_McMaster_Bujold/41
35643,An intellectual says a simple thing in a hard way. An artist says a hard thing in a simple way.,Charles Bukowski,,https://www.quotationspage.com/quote/35643.html,https://www.quotationspage.com/quotes/Charles_Bukowski/
21680,Of course it's possible to love a human being if you don't know them too well.,Charles Bukowski,,https://www.quotationspage.com/quote/21680.html,https://www.quotationspage.com/quotes/Charles_Bukowski/
27463,The difference between a democracy and a dictatorship is that in a democracy you vote first and take orders later; in a dictatorship you don't have to waste your time voting.,Charles Bukowski,,https://www.quotationspage.com/quote/27463.html,https://www.quotationspage.com/quotes/Charles_Bukowski/
37990,You begin saving the world by saving one man at a time; all else is grandiose romanticism or politics.,Charles Bukowski,,https://www.quotationspage.com/quote/37990.html,https://www.quotationspage.com/quotes/Charles_Bukowski/
26010,Some people never go crazy. What truly horrible lives they must lead.,Charles Bukowski,,https://www.quotationspage.com/quote/26010.html,https://www.quotationspage.com/quotes/Charles_Bukowski/
9455,"""Know thyself,"" said the old philosopher, ""improve thyself,"" saith the new. Our great object in time is not to waste our passions and gifts on the things external that we must leave behind, but that we cultivate within us all that we can carry into the eternal progress beyond.",Edward Bulwer-Lytton,,https://www.quotationspage.com/quote/9455.html,https://www.quotationspage.com/quotes/Edward_Bulwer-Lytton/
9152,A life of pleasure makes even the strongest mind frivolous at last.,Edward Bulwer-Lytton,,https://www.quotationspage.com/quote/9152.html,https://www.quotationspage.com/quotes/Edward_Bulwer-Lytton/
38040,"Alas! must it ever be so?Do we stand in our own light, wherever we go,And fight our own shadows forever?",Edward Bulwer-Lytton,,https://www.quotationspage.com/quote/38040.html,https://www.quotationspage.com/quotes/Edward_Bulwer-Lytton/
38093,"Archaeology is not only the hand maid of history, it is also the conservator of art.",Edward Bulwer-Lytton,,https://www.quotationspage.com/quote/38093.html,https://www.quotationspage.com/quotes/Edward_Bulwer-Lytton/
9430,Art and science have their meeting point in method.,Edward Bulwer-Lytton,,https://www.quotationspage.com/quote/9430.html,https://www.quotationspage.com/quotes/Edward_Bulwer-Lytton/
8208,Destiny is but a phrase of the weak human heart - the dark apology for every error. The strong and virtuous admit no destiny. On earth conscience guides; in heaven God watches. And destiny is but the phantom we invoke to silence the one and dethrone the other.,Edward Bulwer-Lytton,Destiny,https://www.quotationspage.com/quote/8208.html,https://www.quotationspage.com/quotes/Edward_Bulwer-Lytton/
9127,"Every man who observes vigilantly, and resolves steadfastly, grows unconsciously into genius.",Edward Bulwer-Lytton,,https://www.quotationspage.com/quote/9127.html,https://www.quotationspage.com/quotes/Edward_Bulwer-Lytton/
9503,"He who esteems trifles for themselves is a trifler; he who esteems them for the conclusions to be drawn from them, or the advantage to which they can be put, is a philosopher.",Edward Bulwer-Lytton,,https://www.quotationspage.com/quote/9503.html,https://www.quotationspage.com/quotes/Edward_Bulwer-Lytton/
9511,One of the sublimest things in the world is plain truth.,Edward Bulwer-Lytton,,https://www.quotationspage.com/quote/9511.html,https://www.quotationspage.com/quotes/Edward_Bulwer-Lytton/
2619,Refuse to be ill. Never tell people you are ill; never own it to yourself. Illness is one of those things which a man should resist on principle.,Edward Bulwer-Lytton,,https://www.quotationspage.com/quote/2619.html,https://www.quotationspage.com/quotes/Edward_Bulwer-Lytton/
30933,"Talent does what it can, Genius does what it must.",Edward Bulwer-Lytton,,https://www.quotationspage.com/quote/30933.html,https://www.quotationspage.com/quotes/Edward_Bulwer-Lytton/
9783,"The best teacher is the one who suggests rather than dogmatizes, and inspires his listener with the wish to teach himself.",Edward Bulwer-Lytton,,https://www.quotationspage.com/quote/9783.html,https://www.quotationspage.com/quotes/Edward_Bulwer-Lytton/
29237,"The same refinement which brings us new pleasures, exposes us to new pains.",Edward Bulwer-Lytton,,https://www.quotationspage.com/quote/29237.html,https://www.quotationspage.com/quotes/Edward_Bulwer-Lytton/
42066,"The worst part of an eminent man's conversation is, nine times out of ten, to be found in that part by which he means to be clever.",Edward Bulwer-Lytton,,https://www.quotationspage.com/quote/42066.html,https://www.quotationspage.com/quotes/Edward_Bulwer-Lytton/
8948,"There is no such thing as luck. It's a fancy name for being always at our duty, and so sure to be ready when good time comes.",Edward Bulwer-Lytton,Duty,https://www.quotationspage.com/quote/8948.html,https://www.quotationspage.com/quotes/Edward_Bulwer-Lytton/
29536,"What a mistake to suppose that the passions are strongest in youth! The passions are not stronger, but the control over them is weaker! They are more easily excited, they are more violent and apparent; but they have less energy, less durability, less intense and concentrated power than in the maturer life.",Edward Bulwer-Lytton,Youth,https://www.quotationspage.com/quote/29536.html,https://www.quotationspage.com/quotes/Edward_Bulwer-Lytton/
41847,"When a man is not amused, he feels an involuntary contempt for those who are.",Edward Bulwer-Lytton,Emotions,https://www.quotationspage.com/quote/41847.html,https://www.quotationspage.com/quotes/Edward_Bulwer-Lytton/
4296,"When people have no other tyrant, their own public opinion becomes one.",Edward Bulwer-Lytton,,https://www.quotationspage.com/quote/4296.html,https://www.quotationspage.com/quotes/Edward_Bulwer-Lytton/
33735,"It was a dark and stormy night; the rain fell in torrents--except at occasional intervals, when it was checked by a violent gust of wind which swept up the streets (for it is in London that our scene lies), rattling along the housetops, and fiercely agitating the scanty flame of the lamps that struggled against the darkness.",Edward Bulwer-Lytton,,https://www.quotationspage.com/quote/33735.html,https://www.quotationspage.com/quotes/Edward_Bulwer-Lytton/
27508,"Beneath the rule of men entirely great,The pen is mightier than the sword.",Edward Bulwer-Lytton,Writing,https://www.quotationspage.com/quote/27508.html,https://www.quotationspage.com/quotes/Edward_Bulwer-Lytton/
390,"I'm still an atheist, thank God.",Luis Bunuel,Atheism,https://www.quotationspage.com/quote/390.html,https://www.quotationspage.com/quotes/Luis_Bunuel/
34263,A man paints with his brains and not with his hands.,Michelangelo Buonarroti,Painting,https://www.quotationspage.com/quote/34263.html,https://www.quotationspage.com/quotes/Michelangelo_Buonarroti/
34414,Beauty is the purgation of superfluities.,Michelangelo Buonarroti,,https://www.quotationspage.com/quote/34414.html,https://www.quotationspage.com/quotes/Michelangelo_Buonarroti/
36767,I hope that I may always desire more than I can accomplish.,Michelangelo Buonarroti,,https://www.quotationspage.com/quote/36767.html,https://www.quotationspage.com/quotes/Michelangelo_Buonarroti/
36775,I saw the angel in the marble and carved until I set him free.,Michelangelo Buonarroti,,https://www.quotationspage.com/quote/36775.html,https://www.quotationspage.com/quotes/Michelangelo_Buonarroti/
1635,"If people only knew how hard I work to gain my mastery, it wouldn't seem so wonderful at all.",Michelangelo Buonarroti,,https://www.quotationspage.com/quote/1635.html,https://www.quotationspage.com/quotes/Michelangelo_Buonarroti/
9125,"Trifles go to make perfection,And perfection is no trifle.",Michelangelo Buonarroti,,https://www.quotationspage.com/quote/9125.html,https://www.quotationspage.com/quotes/Michelangelo_Buonarroti/
40954,"When people go through something rough in life, they say, ""I'm taking it one day at a time."" Yes, so is everybody. Because that's how time works.",Hannibal Buress,Time,https://www.quotationspage.com/quote/40954.html,https://www.quotationspage.com/quotes/Hannibal_Buress/
31638,[M]aybe the most any of us can expect of ourselves isn't perfection but progress.,Michelle Burford,Perfection,https://www.quotationspage.com/quote/31638.html,https://www.quotationspage.com/quotes/Michelle_Burford/
40377,"Evil has to exist along with good, in order that moral choice may operate.",Anthony Burgess,,https://www.quotationspage.com/quote/40377.html,https://www.quotationspage.com/quotes/Anthony_Burgess/
36772,I must say that acting was good training for the political life that lay ahead of us.,Anthony Burgess,,https://www.quotationspage.com/quote/36772.html,https://www.quotationspage.com/quotes/Anthony_Burgess/
624,"Laugh and the world laughs with you, snore and you sleep alone.",Anthony Burgess,Sleep,https://www.quotationspage.com/quote/624.html,https://www.quotationspage.com/quotes/Anthony_Burgess/
38699,"Life is a wretched gray Saturday, but it has to be lived through.",Anthony Burgess,,https://www.quotationspage.com/quote/38699.html,https://www.quotationspage.com/quotes/Anthony_Burgess/
29385,"The use of force alone is but temporary. It may subdue for a moment; but it does not remove the necessity of subduing again: and a nation is not governed, which is perpetually to be conquered.",Gelett Burgess,,https://www.quotationspage.com/quote/29385.html,https://www.quotationspage.com/quotes/Gelett_Burgess/
36998,Live up to your potential instead of imitating someone else's.,Martha Burgess,,https://www.quotationspage.com/quote/36998.html,https://www.quotationspage.com/quotes/Martha_Burgess/
32546,"If winter is slumber and spring is birth, and summer is life, then autumn rounds out to be reflection. It's a time of year when the leaves are down and the harvest is in and the perennials are gone. Mother Earth just closed up the drapes on another year and it's time to reflect on what's come before.",Mitchell Burgess,Autumn,https://www.quotationspage.com/quote/32546.html,https://www.quotationspage.com/quotes/Mitchell_Burgess/
32547,The mellow sweetness of pumpkin pie off a prison spoon is something you will never forget.,Mitchell Burgess,,https://www.quotationspage.com/quote/32547.html,https://www.quotationspage.com/quotes/Mitchell_Burgess/
32544,Cranes carry this heavy mystical baggage. They're icons of fidelity and happiness. The Vietnamese believe cranes cart our souls up to heaven on our wings.,Mitchell Burgess,Birds,https://www.quotationspage.com/quote/32544.html,https://www.quotationspage.com/quotes/Mitchell_Burgess/
32545,Our avian brothers are back to roost on the first leg of their annual sojourn south. Why them and not us? Maybe it's because we humans are meant to be rooted in one spot.,Mitchell Burgess,Birds,https://www.quotationspage.com/quote/32545.html,https://www.quotationspage.com/quotes/Mitchell_Burgess/
2298,All that is necessary for the triumph of evil is that good men do nothing.,Edmund Burke,Evil,https://www.quotationspage.com/quote/2298.html,https://www.quotationspage.com/quotes/Edmund_Burke/
2404,"Better be despised for too anxious apprehensions, than ruined by too confident security.",Edmund Burke,Security,https://www.quotationspage.com/quote/2404.html,https://www.quotationspage.com/quotes/Edmund_Burke/
38438,He who wrestles with us strengthens our nerves and sharpens our skill. Our antagonist is our helper.,Edmund Burke,Strength,https://www.quotationspage.com/quote/38438.html,https://www.quotationspage.com/quotes/Edmund_Burke/
8706,Hypocrisy can afford to be magnificent in its promises; for never intending to go beyond promises; it costs nothing.,Edmund Burke,Promises,https://www.quotationspage.com/quote/8706.html,https://www.quotationspage.com/quotes/Edmund_Burke/
29519,I thought ten thousand swords must have leaped from their scabbards to avenge even a look that threatened her with insult. But the age of chivalry is gone.,Edmund Burke,,https://www.quotationspage.com/quote/29519.html,https://www.quotationspage.com/quotes/Edmund_Burke/
26947,It is the nature of all greatness not to be exact.,Edmund Burke,Greatness,https://www.quotationspage.com/quote/26947.html,https://www.quotationspage.com/quotes/Edmund_Burke/
2476,"Never despair; but if you do, work on in despair.",Edmund Burke,,https://www.quotationspage.com/quote/2476.html,https://www.quotationspage.com/quotes/Edmund_Burke/
25376,No one could make a greater mistake than he who did nothing because he could do only a little.,Edmund Burke,,https://www.quotationspage.com/quote/25376.html,https://www.quotationspage.com/quotes/Edmund_Burke/
2242,Our patience will achieve more than our force.,Edmund Burke,Patience,https://www.quotationspage.com/quote/2242.html,https://www.quotationspage.com/quotes/Edmund_Burke/
28909,"The wise determine from the gravity of the case; the irritable, from sensibility to oppression; the high minded, from disdain and indignation at abusive power in unworthy hands.",Edmund Burke,,https://www.quotationspage.com/quote/28909.html,https://www.quotationspage.com/quotes/Edmund_Burke/
26912,No passion so effectually robs the mind of all its powers of acting and reasoning as fear.,Edmund Burke,Fear,https://www.quotationspage.com/quote/26912.html,https://www.quotationspage.com/quotes/Edmund_Burke/
3236,Good order is the foundation of all things.,Edmund Burke,,https://www.quotationspage.com/quote/3236.html,https://www.quotationspage.com/quotes/Edmund_Burke/
41327,Contempt is not a thing to be despised.,Edmund Burke,,https://www.quotationspage.com/quote/41327.html,https://www.quotationspage.com/quotes/Edmund_Burke/
41480,"An event had happened, upon which it is difficult to speak, and impossible to be silent.",Edmund Burke,Actions,https://www.quotationspage.com/quote/41480.html,https://www.quotationspage.com/quotes/Edmund_Burke/
40837,Men are qualified for civil liberty in exact proportion to their disposition to put moral chains upon their own appetites.,Edmund Burke,,https://www.quotationspage.com/quote/40837.html,https://www.quotationspage.com/quotes/Edmund_Burke/
40838,"Society cannot exist unless a controlling power upon will and appetite be placed somewhere, and the less of it there is within, the more there must be without.",Edmund Burke,Wisdom,https://www.quotationspage.com/quote/40838.html,https://www.quotationspage.com/quotes/Edmund_Burke/
23519,People who say they sleep like a baby usually don't have one.,Leo J. Burke,"Sleep, Children",https://www.quotationspage.com/quote/23519.html,https://www.quotationspage.com/quotes/Leo_J._Burke/
2421,"Win hearts, and you have all men's hands and purses.",William Cecil Burleigh,,https://www.quotationspage.com/quote/2421.html,https://www.quotationspage.com/quotes/William_Cecil_Burleigh/
2178,Only I can change my life. No one can do it for me.,Carol Burnett,Change,https://www.quotationspage.com/quote/2178.html,https://www.quotationspage.com/quotes/Carol_Burnett/
37741,"When someone who is known for being comedic does something straight, it' s always 'a big breakthrough' or a 'radical departure.' Why is it no one ever says that if a straight actor does comedy? Are they presuming comedy is easier?",Carol Burnett,,https://www.quotationspage.com/quote/37741.html,https://www.quotationspage.com/quotes/Carol_Burnett/
37740,When you have a dream you've got to grab it and never let go.,Carol Burnett,,https://www.quotationspage.com/quote/37740.html,https://www.quotationspage.com/quotes/Carol_Burnett/
37742,"Words, once they are printed, have a life of their own.",Carol Burnett,Writing,https://www.quotationspage.com/quote/37742.html,https://www.quotationspage.com/quotes/Carol_Burnett/
31656,"When you reach for the stars you may not quite get one, but you won't come up with a handful of mud either.",Leo Burnett,,https://www.quotationspage.com/quote/31656.html,https://www.quotationspage.com/quotes/Leo_Burnett/
2343,"Make no little plans; they have no magic to stir men's blood...Make big plans, aim high in hope and work.",Daniel H. Burnham,Planning,https://www.quotationspage.com/quote/2343.html,https://www.quotationspage.com/quotes/Daniel_H._Burnham/
27121,"To believe in God or in a guiding force because someone tells you to is the height of stupidity. We are given senses to receive our information within. With our own eyes we see, and with our own skin we feel. With our intelligence, it is intended that we understand. But each person must puzzle it out for himself or herself.",Sophy Burnham,"God, Faith, Religion",https://www.quotationspage.com/quote/27121.html,https://www.quotationspage.com/quotes/Sophy_Burnham/
3101,"Aim for success, not perfection. Never give up your right to be wrong, because then you will lose the ability to learn new things and move forward with your life.",Dr. David M. Burns,"Success, Perfection",https://www.quotationspage.com/quote/3101.html,https://www.quotationspage.com/quotes/Dr._David_M._Burns/
2724,"Assert your right to make a few mistakes. If people can't accept your imperfections, that's their fault.",Dr. David M. Burns,"Perfection, Mistakes",https://www.quotationspage.com/quote/2724.html,https://www.quotationspage.com/quotes/Dr._David_M._Burns/
3102,"Remember that fear always lurks behind perfectionism. Confronting your fears and allowing yourself the right to be human can, paradoxically, make you a far happier and more productive person.",Dr. David M. Burns,"Fear, Perfection",https://www.quotationspage.com/quote/3102.html,https://www.quotationspage.com/quotes/Dr._David_M._Burns/
36424,"It's not enough to create magic. You have to create a price for magic, too. You have to create rules.",Eric A. Burns,"Writing, Rules, Magic",https://www.quotationspage.com/quote/36424.html,https://www.quotationspage.com/quotes/Eric_A._Burns/
36993,Greatness is more than potential. It is the execution of that potential. Beyond the raw talent. You need the appropriate training. You need the discipline. You need the inspiration. You need the drive.,Eric A. Burns,Greatness,https://www.quotationspage.com/quote/36993.html,https://www.quotationspage.com/quotes/Eric_A._Burns/
37036,Humanity can be quite cold to those whose eyes see the world differently.,Eric A. Burns,Creativity,https://www.quotationspage.com/quote/37036.html,https://www.quotationspage.com/quotes/Eric_A._Burns/
37774,"Acting is all about honesty. If you can fake that, you've got it made.",George Burns,Acting,https://www.quotationspage.com/quote/37774.html,https://www.quotationspage.com/quotes/George_Burns/
3012,"Age to me means nothing. I can't get old; I'm working. I was old when I was twenty-one and out of work. As long as you're working, you stay young. When I'm in front of an audience, all that love and vitality sweeps over me and I forget my age.",George Burns,Age,https://www.quotationspage.com/quote/3012.html,https://www.quotationspage.com/quotes/George_Burns/
26957,"Don't stay in bed, unless you can make money in bed.",George Burns,,https://www.quotationspage.com/quote/26957.html,https://www.quotationspage.com/quotes/George_Burns/
26161,"Happiness is having a large, loving, caring, close-knit family in another city.",George Burns,"Happiness, Family",https://www.quotationspage.com/quote/26161.html,https://www.quotationspage.com/quotes/George_Burns/
26956,I can remember when the air was clean and sex was dirty.,George Burns,Sex,https://www.quotationspage.com/quote/26956.html,https://www.quotationspage.com/quotes/George_Burns/
37770,I look to the future because that's where I'm going to spend the rest of my life.,George Burns,The Future,https://www.quotationspage.com/quote/37770.html,https://www.quotationspage.com/quotes/George_Burns/
37777,I was always taught to respect my elders and I've now reached the age when I don't have anybody to respect.,George Burns,Age,https://www.quotationspage.com/quote/37777.html,https://www.quotationspage.com/quotes/George_Burns/
37778,"I'd go out with women my age, but there are no women my age.",George Burns,,https://www.quotationspage.com/quote/37778.html,https://www.quotationspage.com/quotes/George_Burns/
37771,I'd rather be a failure at something I love than a success at something I hate.,George Burns,,https://www.quotationspage.com/quote/37771.html,https://www.quotationspage.com/quotes/George_Burns/
1088,I'm going to stay in show business until I'm the last one left.,George Burns,,https://www.quotationspage.com/quote/1088.html,https://www.quotationspage.com/quotes/George_Burns/
37775,"If you ask what is the single most important key to longevity, I would have to say it is avoiding worry, stress and tension. And if you didn't ask me, I'd still have to say it.",George Burns,Stress,https://www.quotationspage.com/quote/37775.html,https://www.quotationspage.com/quotes/George_Burns/
37768,"If you live to be one hundred, you've got it made. Very few people die past that age.",George Burns,Death,https://www.quotationspage.com/quote/37768.html,https://www.quotationspage.com/quotes/George_Burns/
37769,"It takes only one drink to get me drunk. The trouble is, I can't remember if it's the thirteenth or the fourteenth.",George Burns,,https://www.quotationspage.com/quote/37769.html,https://www.quotationspage.com/quotes/George_Burns/
1472,Retirement at sixty-five is ridiculous. When I was sixty-five I still had pimples.,George Burns,,https://www.quotationspage.com/quote/1472.html,https://www.quotationspage.com/quotes/George_Burns/
37767,"The secret of a good sermon is to have a good beginning and a good ending, then having the two as close together as possible.",George Burns,Religion,https://www.quotationspage.com/quote/37767.html,https://www.quotationspage.com/quotes/George_Burns/
37776,"This is the sixth book I've written, which isn't bad for a guy who's only read two.",George Burns,Writing,https://www.quotationspage.com/quote/37776.html,https://www.quotationspage.com/quotes/George_Burns/
503,Too bad the only people who know how to run the country are busy driving cabs and cutting hair.,George Burns,,https://www.quotationspage.com/quote/503.html,https://www.quotationspage.com/quotes/George_Burns/
37772,"You can't help getting older, but you don't have to get old.",George Burns,,https://www.quotationspage.com/quote/37772.html,https://www.quotationspage.com/quotes/George_Burns/
37773,You know you're getting old when you stoop to tie your shoelaces and wonder what else you could do while you're down there.,George Burns,,https://www.quotationspage.com/quote/37773.html,https://www.quotationspage.com/quotes/George_Burns/
32286,I have a hundred times wished that one could resign life as an officer resigns a commission.,Robert Burns,,https://www.quotationspage.com/quote/32286.html,https://www.quotationspage.com/quotes/Robert_Burns/
36812,"If there is another world, he lives in bliss. If there is none, he made the best of this.",Robert Burns,,https://www.quotationspage.com/quote/36812.html,https://www.quotationspage.com/quotes/Robert_Burns/
32281,O would some power the giftie gie us to see ourselves as others see us.(O would some power the gift to give us to see ourselves as others see us.),Robert Burns,,https://www.quotationspage.com/quote/32281.html,https://www.quotationspage.com/quotes/Robert_Burns/
32287,"The best laid schemes o' Mice an' Men,Gang aft agley,An' lea'e us nought but grief an' pain,For promis'd joy!(The best laid schemes of Mice and Menoft go awry,And leave us nothing but grief and pain,For promised joy!)",Robert Burns,,https://www.quotationspage.com/quote/32287.html,https://www.quotationspage.com/quotes/Robert_Burns/
2825,Never do today what you can put off till tomorrow. Delay may give clearer light as to what is best to be done.,Aaron Burr,,https://www.quotationspage.com/quote/2825.html,https://www.quotationspage.com/quotes/Aaron_Burr/
2322,"Because I have loved life, I shall have no sorrow to die.",Amelia Burr,,https://www.quotationspage.com/quote/2322.html,https://www.quotationspage.com/quotes/Amelia_Burr/
29509,Forming characters! Whose? Our own or others? Both. And in that momentous fact lies the peril and responsibility of our existence.,Elihu Burritt,Character,https://www.quotationspage.com/quote/29509.html,https://www.quotationspage.com/quotes/Elihu_Burritt/
35380,"I myself am made entirely of flaws, stitched together with good intentions.",Augusten Burroughs,,https://www.quotationspage.com/quote/35380.html,https://www.quotationspage.com/quotes/Augusten_Burroughs/
8133,It is always easier to believe than to deny. Our minds are naturally affirmative.,John Burroughs,,https://www.quotationspage.com/quote/8133.html,https://www.quotationspage.com/quotes/John_Burroughs/
8873,"Life is a struggle, but not a warfare.",John Burroughs,,https://www.quotationspage.com/quote/8873.html,https://www.quotationspage.com/quotes/John_Burroughs/
2749,The lesson which life repeats and constantly enforces is 'look under foot.' You are always nearer the divine and the true sources of your power than you think.,John Burroughs,,https://www.quotationspage.com/quote/2749.html,https://www.quotationspage.com/quotes/John_Burroughs/
42030,"To treat your facts with imagination is one thing, but to imagine your facts is another.",John Burroughs,,https://www.quotationspage.com/quote/42030.html,https://www.quotationspage.com/quotes/John_Burroughs/
32297,"The very idea of a bird is a symbol and a suggestion to the poet. A bird seems to be at the top of the scale, so vehement and intense his life. . . . The beautiful vagabonds, endowed with every grace, masters of all climes, and knowing no bounds -- how many human aspirations are realised in their free, holiday-lives -- and how many suggestions to the poet in their flight and song!",John Burroughs,Birds,https://www.quotationspage.com/quote/32297.html,https://www.quotationspage.com/quotes/John_Burroughs/
32321,"The tendinous part of the mind, so to speak, is more developed in winter; the fleshy, in summer. I should say winter had given the bone and sinew to literature, summer the tissues and the blood.",John Burroughs,"Writing, Winter, Summer",https://www.quotationspage.com/quote/32321.html,https://www.quotationspage.com/quotes/John_Burroughs/
